Participant,TaskKey,CognitiveLoad,EEG_Delta_Mean,EEG_Delta_Var,EEG_Theta_Mean,EEG_Theta_Var,EEG_Alpha_Mean,EEG_Alpha_Var,EEG_Beta_Mean,EEG_Beta_Var,EEG_Gamma_Mean,EEG_Gamma_Var,EEG_Theta_Alpha_Ratio,EEG_Theta_Beta_Ratio,GSR_Mean,GSR_Var,difficulty_label
1,1spl1,Easy,0.2395370066748738,0.0215803571165901,0.1766138067879571,0.0050939085391033,0.4145014818096627,0.0095427836658644,0.2677452511396595,0.0023390338052584,-0.2078201775204918,0.0023309012882661,0.4260862468588481,0.6596312965585963,18.194720935294693,1.9622372987181664,0.0
1,1spl2,Easy,0.725021900762443,0.0634044551483006,0.4179205275284632,0.0597916310967131,0.5979130730623808,0.0519148326488425,0.32677210960337,0.0060328364222753,-0.0535151714142461,0.0132472903502794,0.6989641929449305,1.2789318191932195,18.06747552353186,0.1681385487225896,0.0
1,1Item1,Easy,0.8425284463275245,0.1020154292741891,0.5153610190156611,0.0825725687679573,0.6740775445267436,0.0279902412506113,0.3635112771918591,0.0036872846197992,-0.1040155841071887,0.0020813901962258,0.7645414962398562,1.4177265840835889,17.45508856023697,0.056395210887576,0.0
1,1Item2,Easy,0.8435362331335124,0.0797422483099172,0.5215880142675975,0.0216233393765117,0.7171197509767585,0.0198510452856573,0.298958851764925,0.0017253901631868,-0.1423254421318884,0.0015036514838222,0.7273363845031195,1.7446757856895354,17.686396187150837,0.4386829644179682,0.0
1,1Item3,Easy,0.7974707664949134,0.0297484846752357,0.4490355432092482,0.0246461731008837,0.6380487467344371,0.0228843717739159,0.308217300606056,0.0034986545089533,-0.1567578993887465,0.0031397452804964,0.7037625914083177,1.4568750211337236,16.48402198284366,0.0930025365171467,0.0
1,1Item4,Medium,0.8042233549404738,0.0354294644402119,0.4635092764363547,0.0184164668526912,0.6106958576301549,0.0243475434874163,0.2903251960544971,0.0038539078214843,-0.1457055341876012,0.002990443279371,0.7589842172023445,1.5965120706825555,16.92872000284182,0.141957023817762,1.0
1,1Item5,Medium,0.8244215097993504,0.0670059411689887,0.5106726015475861,0.0194415567429437,0.7220545514186585,0.0144447471603329,0.3185185693470295,0.0031885403984124,-0.1135461189986219,0.003635299938782,0.7072483558145106,1.60326915735342,16.696622405331407,0.1781300790090526,1.0
1,1Item6,Medium,0.8404479252301735,0.0478779822608954,0.5083370489600887,0.0247864073982059,0.7139343928272358,0.0156497845081984,0.3218730258306448,0.0048878072724214,-0.2008146773608647,0.0025783167615262,0.7120210793122851,1.579304349421323,16.152070468314616,0.0209674900471985,1.0
1,1Item7,Difficult,0.7010759868237251,0.0252802241076909,0.5075476235859293,0.0160022518876238,0.6892760254213045,0.0035491602381584,0.3344295489251016,0.0033715025680214,-0.1906423624773651,0.0011553525528114,0.7363478033751417,1.517647311877596,17.292230203990865,0.4740354036320598,2.0
1,1Item8,Difficult,0.7102548224758394,0.1340861774774124,0.4973458063796162,0.0549553770003242,0.7123878683445838,0.0302746420955385,0.315388227435235,0.0031148489750227,-0.1849857374583448,0.0015087796348365,0.6981380935040792,1.576927057477719,16.92716371459408,0.1096587678029026,2.0
1,1Item9,Difficult,0.8789568491717582,0.0330656983569797,0.7173777282190801,0.0420644074211829,0.8408675135218092,0.0135192678252293,0.3356737951145621,0.0027183957491513,-0.1768475938847725,0.0018229216568647,0.8531390064951858,2.137121221670061,17.431660526864114,0.3595237389769982,2.0
1,1Item10,Difficult,0.9312561549226144,0.034152129426527,0.616433423325537,0.0318506914902684,0.7496496623093087,0.0113961778147682,0.3755120188142591,0.0034434952303226,-0.0812200681285998,0.0213656163154865,0.8222942422629304,1.641576702911717,16.535687677723164,0.1381815842125628,2.0
1,2spl1,Easy,0.3508073062555585,0.0092677601668151,0.1307735935211378,0.0047594424722776,0.3603746294708246,0.0022763621282987,0.2666381202700939,0.0011131537784769,-0.2063816465277009,0.0064193581332583,0.3628813460920365,0.4904516388618061,17.754678986022267,0.3577769323869224,0.0
1,2spl2,Easy,0.8562981603315188,0.0397259869310357,0.4059212766436549,0.0593367465620198,0.5441405726885702,0.0542543207804905,0.3254875507744459,0.0251349041616023,-0.1583592254544437,0.0227760720194235,0.7459846793877974,1.24711384064918,17.709924379894026,0.0880372654252523,0.0
1,2Item1,Easy,0.9352409861549856,0.0218669298602901,0.6658416312257948,0.0052999091071505,0.779826999860549,0.0102519599874289,0.4449900163725253,0.0016604348656035,-0.1394995240415462,0.0006178914108326,0.8538313978785865,1.496303535863708,17.883961519337493,0.141102373921148,0.0
1,2Item2,Easy,1.122747022339572,0.0040413784188061,0.848656984764706,0.0015033264694321,0.902279314946524,0.0047241399760632,0.37097769380377,0.0024190400334249,-0.106615858446524,0.0008992335123957,0.9405691010947124,2.287616509894784,18.13026247121754,0.1009450188346205,0.0
1,2Item3,Easy,1.0716091218188668,0.005562987236986,0.7541807733242917,0.0079379083345089,0.8596021354701628,0.0045801484753369,0.5152086765641953,0.0021543783250558,-0.0435588986615431,0.0104075773578242,0.877359262901932,1.4638327027429587,18.319724630352265,0.0178545247077999,0.0
1,2Item4,Medium,1.25404945934154,0.0185857729324897,0.755336475179645,0.0069892643080875,0.8429766857400516,0.0051085756695165,0.4784677954153592,0.0047822914654963,-0.0555383662240981,0.0040631640792156,0.8960337716609115,1.5786535766119014,18.017841967669906,0.101921392048757,1.0
1,2Item5,Medium,0.9546781322701842,0.1016502194325578,0.7151393385794297,0.0503243436582867,0.8322031467902589,0.0085303126930337,0.4033686358926941,0.0037088596759007,-0.096440712282229,0.0083012588078863,0.8593316211384691,1.772913166844501,18.544337302070147,0.2343233521148124,1.0
1,2Item6,Medium,0.9711984101424036,0.0401446582434641,0.6647608985978295,0.0352231751532691,0.7896215565408627,0.0147358816733804,0.3963201709825964,0.0055856391010633,-0.1147826138015809,0.004698789071618,0.8418717184447964,1.6773287607868443,18.25298495425842,0.1335447438705951,1.0
1,2Item7,Difficult,1.0052808347632174,0.0398727823813626,0.6902806284160274,0.0337324332106775,0.6773090405803244,0.0192771336453559,0.4174183367360394,0.0087074225723721,-0.0569750619141465,0.0107669672663551,1.0191501484675909,1.6536862758050317,18.26150116598479,0.4800857943530424,2.0
1,2Item8,Difficult,0.885625619269424,0.016105708099713,0.6109495274213762,0.0126754950058743,0.851539496285456,0.0091914289943788,0.3892788421428778,0.003334874546897,-0.1622565813750483,0.0019650221271016,0.7174638553144885,1.5694353040688367,18.52219350363986,0.1115360691209201,2.0
1,2Item9,Difficult,0.8345938413650843,0.0437039766608605,0.6152391202870879,0.0149731075350265,0.7304278729296015,0.0162192869809895,0.4100168799367101,0.002908373616341,-0.0728163380591732,0.0078494281741977,0.8422984675010026,1.5005177832294914,18.391955380498747,0.1312166502530338,2.0
1,2Item10,Difficult,0.8397702538108691,0.0406010172513066,0.5807250783975785,0.0321079657312204,0.795795751501631,0.0130497887332784,0.4575574901865104,0.0140451445222306,0.0051354334840225,0.0581738976682457,0.7297404485526959,1.269182172012288,19.762596288625065,1.1519288222116653,2.0
1,3spl1,Easy,0.4629488934513561,0.0099182886491657,0.2799241218126479,0.0032800053194475,0.551843416816568,0.0010660706268744,0.2647730586148915,0.0023441868710001,-0.1710844407840236,0.000375081188768,0.5072518870942825,1.0572188350966507,19.368087159968866,0.1421310189979349,0.0
1,3spl2,Easy,0.5334716716235259,0.0089225541235505,0.4054409771939857,0.0035054163306203,0.529846927704602,0.0016341280934848,0.2146962981928065,0.0012756065329474,-0.2010436555424528,0.0001966918894839,0.7652025345280298,1.8884307376326823,19.39181972816616,0.0269819065988023,0.0
1,3Item15,Difficult,0.8014624870369412,0.1235821357786236,0.5353992275387939,0.0698175823929841,0.6341067227625151,0.0494852773943782,0.2974929276047079,0.0203661275172795,-0.1784417026303866,0.0008668977642916,0.8443348161828185,1.7996980034167291,19.03564134197709,0.0403483419975281,2.0
1,3Item2,Easy,1.0977409743947657,0.008502164095635,0.742206183476881,0.0058329450695254,0.8802324015212649,0.007429217670263,0.4373126091082334,0.0020172140199931,-0.1065360786333151,0.0035235379145336,0.8431924784882758,1.697194342957637,18.807727996160825,0.0749888916653416,0.0
1,3Item5,Easy,1.0568748675908417,0.0416703127143809,0.7161448534101484,0.0233209801000776,0.8279850183917078,0.0122629400743085,0.3700412829222524,0.0013462657320525,-0.1246371125722276,0.0004168482221605,0.8649238483533801,1.9353054676743893,19.197587981029265,0.0218940717361391,0.0
1,3Item12,Medium,1.1492248819590465,0.0073915228959276,0.7819423242036471,0.0067693112573668,0.8715702927693562,0.0113857242556638,0.4098258429969641,0.0025349654522572,-0.1688901524750407,0.0010960639943312,0.8971639275991762,1.907982206547265,19.50180976103992,0.1965998592597901,1.0
1,3Item6,Easy,1.107019372522163,0.0068162201200185,0.8079426232347074,0.0114143965133372,0.9253238733843084,0.0082020906259386,0.4425244601729388,0.0015919471230657,-0.1105198152752659,0.0023284488071071,0.8731448234820662,1.825753986943404,19.220851000120955,0.0136558400174684,0.0
1,3Item8,Medium,1.0007902469141172,0.0190869206944257,0.6369963129729863,0.0295864270748472,0.8336054010440639,0.0099701799455793,0.4176598875159928,0.0031305253447211,-0.0633489058414889,0.0093284857513709,0.7641451795177795,1.5251519402773737,19.47631132813365,0.135196163933805,1.0
1,3Item7,Medium,0.6887107862268067,0.0293947326619811,0.5499908615545166,0.0089812419992614,0.8203056277536621,0.0088894961771154,0.3951278412747803,0.0049451106991075,-0.1182002224360351,0.0020304223147823,0.670469849866529,1.391927908325078,19.078088388115667,0.0360869839253182,1.0
1,3Item9,Medium,1.0763759471674417,0.0358831978699346,0.7374168571535857,0.0345684078749663,0.8276644480598646,0.0186802781735965,0.4202696200002801,0.004025058587387,-0.055048228187048,0.0074605573924003,0.8909600598673882,1.754623859153167,18.75943293853741,0.0533617950483821,1.0
1,3Item17,Difficult,1.0971182796097885,0.0413226190986628,0.7841469274264403,0.0168283237497896,0.9319781840542328,0.0140377982659117,0.4221603780598177,0.0015979657259932,-0.1124255920975161,0.0021953904810829,0.8413781561250084,1.8574577594716195,18.20903027099731,0.020063901878703,2.0
1,3Item19,Difficult,1.0886530498329894,0.0399666720603838,0.7383272782802425,0.008179187148457,0.8607316654610524,0.0097250671857936,0.4576460852322608,0.0034247584901374,-0.0484957611454636,0.0056056836010232,0.8577893089310799,1.61331144042037,19.166797738554337,0.363972417924073,2.0
1,3Item11,Medium,1.1054504426481706,0.0199745372596086,0.5969882844690807,0.0142434170241174,0.8346514975408982,0.0073818414200869,0.387095164876137,0.0025835648456228,-0.0818366972022225,0.0023232664550101,0.7152536968714074,1.542222162444066,19.590297060193432,0.0372412673743081,1.0
1,3Item4,Easy,0.7059365383336027,0.0222154530667722,0.6067610519326893,0.0123821160989954,0.8246871841618693,0.0109885881835672,0.3815613295541963,0.0067378652273019,-0.0941720568345302,0.0112315422969816,0.7357460232673766,1.5902016654568785,18.92399556555556,0.0259462855069863,0.0
1,3Item13,Difficult,0.9286657244577332,0.0554121567973212,0.6562180607273306,0.0365925682646331,0.7282566139867584,0.0272352319680141,0.3886947635353814,0.0040365989516024,-0.0210029433370762,0.0055288983036181,0.9010795742113068,1.6882562721000631,18.75776045010035,0.0218564646411352,2.0
1,3Item10,,1.099889666910828,7.739252680315686e-05,0.7737622814092356,0.0001354628456077,0.9344783565764332,0.0002964156948276,0.4246414797014331,7.370592724310501e-05,0.0335656740334395,0.0003752438550465,0.8280143118880635,1.8221499694360992,18.62596358865015,0.0008773469984472,
2,1spl1,Easy,0.8284442494451164,0.0212128555131444,0.4929025787129044,0.0125946840558965,0.6425196385120955,0.0106695131590488,0.3715879769218325,0.0017084043497548,0.1258885961929241,0.0020869080071759,0.7671389044472312,1.3264725525391232,7.17608270667262,0.0236664919554842,0.0
2,1spl2,Easy,0.6156833288632501,0.0216668617151075,0.3404407800126786,0.0303180940349311,0.5261531684068751,0.0116982857920188,0.3145346787374999,0.0028990154174026,0.0551842998066964,0.0019765799857824,0.647036173909803,1.0823598180631142,7.134386004940209,0.0230292578448564,0.0
2,1Item1,Easy,0.4443991059367681,0.0178839630318936,0.3078413936538864,0.0099960989224674,0.5117155616543325,0.0037281793279348,0.350932893848829,0.0005159081040029,0.0639337158338992,0.0027539176069118,0.6015857541500388,0.8772062176088771,7.179513331007552,0.0200131062536293,0.0
2,1Item2,Easy,0.4786228027640365,0.0610200284032819,0.2572227121139387,0.0261567074034543,0.4869638643792742,0.0164572263943622,0.3927940564597272,0.0037658398385139,0.1188398902901814,0.0067267517532292,0.5282161628679641,0.6548522133457947,7.00535304998038,0.0069887446785267,0.0
2,1Item3,Easy,0.3108281940394419,0.0505858984559831,0.1573134193120744,0.0251367737525925,0.3596649524439382,0.0232677149867727,0.3238610378601598,0.0036281697957231,0.0912180362033404,0.0025584627447622,0.4373875765641041,0.48574207817466,6.947140668302926,0.0372043686480528,0.0
2,1Item4,Medium,0.3651944853129509,0.0805861993721216,0.2166563251466191,0.0361176750586145,0.4243871480717202,0.0275104286572419,0.329455562817815,0.0031012547302307,0.0893060729795548,0.0045755273974747,0.5105145516693481,0.6576172691585663,6.830469970506244,0.0498874260054368,1.0
2,1Item5,Medium,0.4061006745158469,0.0799438163610382,0.2202652519224411,0.0433057926981691,0.4311810390577734,0.0186646432170284,0.3595027307774369,0.0039301079295687,0.1251243811757919,0.0047253472616767,0.5108405081152468,0.6126925343614972,6.605644937647712,0.050990061195684,1.0
2,1Item6,Medium,0.5034610234084207,0.0514409678322435,0.2789391498751099,0.0263795448410247,0.5093579159054012,0.019265622929588,0.3716621599923026,0.0036980676918846,0.120373702742423,0.0041994906442385,0.5476278929549843,0.7505160045480078,6.556750972637575,0.0354203601191279,1.0
2,1Item7,Difficult,0.2883800184347654,0.1714868611186624,0.1330485306498574,0.0798039418078197,0.33562978185046,0.0547320215210773,0.3965825479237299,0.0040237551131729,0.1247379565339294,0.0039035136643057,0.3964133739948115,0.3354867627424752,6.279386034645294,0.0112295739092451,2.0
2,1Item8,Difficult,0.5664423822204498,0.0306732868047729,0.3207081721568254,0.0182001449820171,0.5125668651740732,0.0096682879051606,0.4066231632201694,0.0028389624148985,0.1647620061330592,0.0050708207760139,0.6256891895630439,0.7887090860932824,6.351662902827587,0.033850761367218,2.0
2,1Item9,Difficult,0.3590281220332895,0.0360455769625401,0.1667951036631274,0.0176496291664668,0.379148624153106,0.0183969879185647,0.390919086483423,0.0050449724315441,0.1717888554586499,0.0038655907377395,0.4399189476600225,0.4266731473523307,6.439150375164222,0.0449526365658942,2.0
2,1Item10,Difficult,0.2904259246944612,0.0834516589287945,0.0528778999378147,0.0363207117165393,0.342452185503974,0.0172036982980936,0.3750625899694612,0.0037495282269367,0.1865620420718529,0.0028412957180117,0.1544091343755396,0.1409838260816524,7.001227765088341,0.0710156115848498,2.0
2,2spl1,Easy,0.5367434800990345,0.0768174448247139,0.2871683659251473,0.036720572741119,0.4829193992677942,0.0129830517746897,0.3417528586382113,0.0015076649004546,0.133362009913628,0.0022129794098561,0.5946494833528531,0.8402783426335809,7.331602778667128,0.0188743515850377,0.0
2,2spl2,Easy,0.6243576705946651,0.0390627419464865,0.3902906912736379,0.0257791448313085,0.5304007185711123,0.0121536000333503,0.3515240855149716,0.0046091909219233,0.0773252817714723,0.0035290432872852,0.7358397938925808,1.1102783481351726,7.255546851365666,0.0781044610411478,0.0
2,2Item1,Easy,0.482232735680045,0.0550120327585082,0.2721678773684574,0.0302766666957434,0.483438115265562,0.0159460389999674,0.3013005493889312,0.0036890933603061,0.0438686732830687,0.0028144645199576,0.5629827392410119,0.9033072611821622,7.07660454305869,0.0575034292090137,0.0
2,2Item2,Easy,0.4832060189868934,0.0320674294333093,0.2761953282514136,0.0216772194640461,0.5343850351577447,0.0093260621510354,0.3399288884853634,0.0125402195972362,0.1367834353785529,0.0138563889925086,0.5168460814472516,0.8125067480299131,7.092235717269219,0.0527445819268302,0.0
2,2Item3,Easy,0.4277679952715504,0.0614255078118348,0.2756220537328388,0.029104563827534,0.457885551421519,0.0157813938578264,0.2876906807947877,0.0032166285054559,0.0705934575468081,0.0027564057335458,0.6019439812703912,0.9580466594355286,7.221563389004887,0.0420057707151202,0.0
2,2Item4,Medium,0.3952945821404555,0.0655866037751864,0.2963034226830838,0.0495929391959708,0.4673145547655631,0.0265499132235092,0.3314592289693976,0.0051009000334321,0.0781118267388113,0.0098922379343522,0.6340542694576679,0.8939335606095908,7.343559245006556,0.0672908419041904,1.0
2,2Item5,Medium,0.2497081992128053,0.1626497495825685,0.1617831782957202,0.0735144802990316,0.3639669671003603,0.0370560325370547,0.2976603050571046,0.0043158082861208,0.059263011792379,0.002536894598577,0.4444983979898161,0.5435143081989883,7.458669267396692,0.0452417835819031,1.0
2,2Item6,Medium,0.643564904765011,0.0312792617189673,0.3710709040880158,0.0180458157836004,0.5402742163021791,0.0120427612873881,0.3398866145131088,0.0029820504071231,0.0719295127242652,0.0044577248159388,0.6868182972147915,1.0917458837668363,7.229880866527483,0.067568199276393,1.0
2,2Item7,Difficult,0.5153530776234732,0.1006086262699734,0.2867931274454247,0.0303212686907728,0.5066275551999136,0.0367204980508256,0.3913537495378396,0.0150869690116739,0.1735257488801974,0.0326322355652708,0.5660816479881543,0.7328213795389115,7.50379940608183,0.0633807941468276,2.0
2,2Item8,Difficult,0.4740278694372095,0.0561866221480124,0.2725550326378045,0.0222102984923761,0.5066160851866409,0.0273247941148042,0.3351387286718429,0.00654245152532,0.0925401255721425,0.0152725910465705,0.5379902111619341,0.8132579020635327,7.803158050918561,0.0341967558224386,2.0
2,2Item9,Difficult,0.4558950237211659,0.1375663305417248,0.2321874988133959,0.0476550741927698,0.4077840762343525,0.0253831106974691,0.3321205067418885,0.011369647324999,0.1084263088833162,0.0251469374577025,0.5693869450974185,0.6991040751656072,7.660170455257202,0.0720420795190653,2.0
2,2Item10,Difficult,0.4726950426557533,0.057737498414671,0.2480148685770619,0.0245153533223907,0.4533004898250285,0.0145520408171478,0.2830763840995358,0.0022570883270132,0.0631908244606972,0.0038761833425516,0.5471300539356138,0.8761380544969809,7.367140283832854,0.0704495757577474,2.0
2,3spl1,Easy,0.6440670158270186,0.0309628475110723,0.3651526403459626,0.0146206284642342,0.4556379327885432,0.0241486535247743,0.2365108164813197,0.0020605451797008,-0.0272613992324299,0.002463004208827,0.8014079001353157,1.543908654453226,7.595207289389224,0.1152996754759513,0.0
2,3Item15,Difficult,0.5325584965764781,0.0073049884386159,0.2672948938753937,0.0057813022431776,0.3715992852863752,0.0057486014151591,0.2072454266450482,0.0035463565437302,-0.0810024363392111,0.0072156067051411,0.7193075583066407,1.2897442826997,7.453892594227344,0.0231575468415287,2.0
2,3Item2,Easy,0.6009571917156642,0.0406852460175817,0.330881007828746,0.0112081777475073,0.4390376175378965,0.0174289280584652,0.2209945398080456,0.0049143231783761,-0.0431613550665999,0.0043650738371944,0.7536489835092589,1.497229347325949,7.032068045201253,0.0213443014454996,0.0
2,3Item5,Easy,0.484621238298121,0.0862555180344471,0.303176631518808,0.0360697055507841,0.5121644415455807,0.0259697673282065,0.2524324998501302,0.0118787007884691,0.0264423353872153,0.0225985105352204,0.5919505826162355,1.2010158386220688,6.911878025005048,0.0171553016910298,0.0
2,3Item12,Medium,0.3745671347557415,0.0381356640203976,0.1483155496185805,0.0149147212063758,0.3626685339351059,0.0077116564765678,0.2126501908695942,0.002631417008421,-0.0588721468035814,0.0050492619914967,0.4089550837350437,0.6974592947825681,6.7019554490996285,0.0081460918024848,1.0
2,3Item6,Easy,0.3477840123507771,0.1130244966715482,0.1692909189903263,0.0919618298777961,0.3306042390673567,0.0510644772061113,0.1879617547762319,0.005352779166462,-0.0327905116812002,0.0054038903533467,0.5120636305338023,0.9006620444133507,6.642884630655614,0.0105449112642844,0.0
2,3Item8,Medium,0.4441265311118675,0.042699479592198,0.2722003170476968,0.0249386189497689,0.4005272173972368,0.0107642926378349,0.193492773086274,0.0039062948798932,-0.0741838350518883,0.0022669559845204,0.6796033468416868,1.4067652550572236,6.322634834332196,0.0183568510255675,1.0
2,3Item7,Medium,0.3437979118361999,0.0457371464634642,0.1803189806538791,0.0311969706520662,0.3479577149473948,0.0110672592853939,0.2053023089483721,0.0023484132027337,-0.0576817662722356,0.0027223012068446,0.5182194694595886,0.8783052819632058,6.169775179818221,0.004293179695498,1.0
2,3Item9,,0.28581317615473,0.0594075715892458,0.0515808457414985,0.034304195562186,0.3415954458218503,0.0359676976530844,0.1772306320112432,0.0058941465264792,-0.0549145381294075,0.0028872190972478,0.1509993630566022,0.2910363412905113,6.015315561809463,0.0068564229718478,
3,1spl1,Easy,0.9262197747065016,0.0096814282341706,0.6315131964117574,0.0086875994319317,0.6482388156679079,0.0103426191902546,0.3841118558196357,0.0031018153192269,0.0465877633285353,0.0020950790609902,0.974196865339232,1.6440824274527566,3.4087200708987724,0.0084485273124874,0.0
3,1spl2,Easy,0.841283471114157,0.0615792811153458,0.5396758154859006,0.0436121045901852,0.6102311772453705,0.0194902858907198,0.3759662148292068,0.0028546691441332,0.0300545199103333,0.0015718158889093,0.8843778411063702,1.435433181935991,3.100387010903407,0.0055736286078197,0.0
3,1Item1,Easy,0.8661364344308996,0.0445440574274125,0.5800944079547767,0.0359056606516723,0.6401531533268003,0.0216444812080701,0.3791315431140738,0.0073264103577247,0.0333710351716867,0.0067051852685689,0.9061792459520872,1.530057016973711,2.9076169129485927,0.0028708302748158,0.0
3,1Item2,Easy,1.0145871951884982,0.0757718751358607,0.6404089458309107,0.0396782895027195,0.6986749427142593,0.0160201759429573,0.2191525100477724,0.0095643791514763,-0.2221656759111572,0.0127968570069199,0.916603688031694,2.9221934236477,2.71947762382545,0.006803512385274,0.0
3,1Item3,Easy,0.7262803517374242,0.1067915053119338,0.451682486935724,0.055346210918468,0.6749875298428278,0.0288831312449241,0.2306955140452462,0.0036960821051762,-0.2040692048972542,0.0022301599675284,0.6691706110041589,1.9579077248091237,2.5549939633973247,0.0024986914906891,0.0
3,1Item4,Medium,1.0197040010384577,0.0592614507703673,0.6319877656145686,0.0424086298209972,0.6112440050091932,0.0420705136835679,0.1941284771780347,0.0074327995240215,-0.1952288444927666,0.0060264736976258,1.0339352639864328,3.2554961503088853,2.3155017221229484,0.0065518398440093,1.0
3,1Item5,Medium,-inf,,-inf,,-inf,,-inf,,-inf,,,,1.8083521837480423,0.0354762504768979,1.0
3,1Item6,Medium,1.0484470485920014,0.0456951381085524,0.685092422402491,0.0586439509905286,0.7643213853269138,0.0150678772995096,0.2892267918268489,0.0057119808882353,-0.2256288025746561,0.0047954019352303,0.8963396016583567,2.3686949932274595,1.4882034310605738,0.0009004804864598,1.0
3,1Item7,Difficult,0.7454589138518128,0.071127641953199,0.4330655949845128,0.0693859994940311,0.6059430711359551,0.0387270487206304,0.229794398037326,0.0042678541934568,-0.2158151847768858,0.0033294604456257,0.7146956552816015,1.8845703555567688,1.3983507200273666,0.0004906048778908,2.0
3,1Item8,Difficult,1.021275085560719,0.0448777155110528,0.6289955716101521,0.0327053048465676,0.66594493180375,0.0236640476905122,0.2656459332394152,0.0032093974296058,-0.1862829303053808,0.0020421401230336,0.9445144741803349,2.367787814976458,1.3080013770751604,0.0009392115625733,2.0
3,1Item9,Difficult,0.5120064944382097,0.093710024187078,0.1820845404346496,0.0635214387210386,0.3142517531936621,0.0428445081763914,0.2021755189670536,0.0047966422452729,-0.2008571659115381,0.0025337618339179,0.5794206688220733,0.9006216021768674,1.2269890820469582,0.0004811330903957,2.0
3,1Item10,Difficult,0.4692409446568205,0.1098697817926384,0.2361828120854155,0.0817465480437459,0.408314269783498,0.0746768528337226,0.2006650640952708,0.0068483572077332,-0.2166063165682457,0.0026173035057369,0.5784324750104185,1.176994292235095,1.176771061696263,5.162840907928304e-05,2.0
3,2spl1,Easy,0.9257524737568028,0.0885834139643572,0.5939211067498867,0.0533928480425075,0.7354192840012017,0.0194598687832271,0.2959900955580499,0.0024485863557449,-0.2139474163806122,0.0004188164860795,0.8075941331377748,2.0065505877132264,0.9885890685890686,1.3160713124530116e-05,0.0
3,2spl2,Easy,0.875583913636384,0.0939613015638244,0.495311734473331,0.0828737941763423,0.572960516342215,0.0314739013740578,0.2379645293381217,0.0049286870743255,-0.2475173413125849,0.0025829532058065,0.864476444483392,2.081443206715666,0.972588870743852,1.2391312485674296e-05,0.0
3,2Item1,Easy,0.9510554352872188,0.1221514379084451,0.5228884707441883,0.0543789299181226,0.5369233014999588,0.0162738092348309,0.2468264941812849,0.0048964760586134,-0.2332641691942819,0.002030153213954,0.9738588275543502,2.1184368964996567,0.9705740183422248,1.3653467828933204e-05,0.0
3,2Item2,Easy,0.905415895620896,0.0663232399491514,0.5523296517506807,0.0441276515949418,0.6686332455026693,0.0379925409049775,0.212782172159351,0.003646112488166,-0.2843968734006006,0.0042788234326894,0.8260564807527132,2.5957393441669674,0.9918731493910492,5.5447534236424175e-05,0.0
3,2Item3,Easy,0.909808261031362,0.0885468776337212,0.5603629553019686,0.0707634512283599,0.6340592375650603,0.0499740981370132,0.2434382331147432,0.004738495398988,-0.2355514969495784,0.0019341106937466,0.8837692731748854,2.301859680267091,0.9885134531152228,3.1439115233272185e-05,0.0
3,2Item4,Medium,0.9051032863650156,0.1316392151786453,0.5826321061839429,0.0908046801798093,0.6640383079571593,0.0380248473394393,0.2301622860024192,0.0037408724315575,-0.2500965066845538,0.0083123217658366,0.8774060499164479,2.5313859404050167,0.9864113090424758,2.5953774451257037e-05,1.0
3,2Item5,Medium,1.0717585212623182,0.0839874038386942,0.6714867753530027,0.072211605569855,0.7261884817930805,0.0231880867121787,0.2719038736524749,0.0030203368550121,-0.1889709799189707,0.0073156820198572,0.924671579785199,2.4695650590332505,1.0057551648920495,6.532110154968848e-05,1.0
3,2Item6,Medium,0.830633359013553,0.0851976809934509,0.4964068166335501,0.0700476773410428,0.6114942678039822,0.0440471249807429,0.1983434058135801,0.001788163332595,-0.3198771319809327,0.0055279493402891,0.8117917550143261,2.502751789733423,1.0301485366646097,0.0001008649762415,1.0
3,2Item7,Difficult,0.956324411557588,0.0663997820693619,0.5879684636688419,0.0487949279379066,0.6589351893546329,0.0346443256331561,0.2015551560835104,0.005475452395489,-0.3228878675763682,0.0045348674983423,0.8922995476158362,2.917144656327092,1.1099742980505118,0.0002451288288831,2.0
3,2Item8,Difficult,0.9369433055052062,0.1077446785127535,0.5891701451781922,0.0833644045188699,0.666273496107838,0.0429363305240885,0.2075624511338701,0.007170840678129,-0.3172117451400194,0.0027153780332557,0.8842753979327368,2.838506210798168,1.2038557695912646,0.0004702656062395,2.0
3,2Item9,Difficult,0.8325554872331808,0.1677766103122948,0.51156955529304,0.1022116548231541,0.5993513365513665,0.0637958412374289,0.19580357613507,0.0059342140258113,-0.3150868425485652,0.0067380900044056,0.8535372669715067,2.612653725417269,1.2064521857664388,0.0002370976630316,2.0
3,2Item10,Difficult,0.4869261291578611,0.1198763879276156,0.2253910485605668,0.0779708371789067,0.3791548286279078,0.0489318568054016,0.1576186262454178,0.0047513591941742,-0.2858203897065255,0.0082744097857017,0.5944549220731059,1.4299681703953993,1.4300276251118726,0.0057672065382732,2.0
3,3spl1,Easy,1.0994479655741871,0.0129916459264665,0.7275287717771849,0.0093350607679005,0.7570573436064533,0.0065887455735115,0.2131299817731199,0.0018089163715678,-0.2355086149885323,0.0021713822528403,0.9609943248381674,3.413528928195181,1.9514809253624248,0.0006379107162826,0.0
3,3Item15,Difficult,0.9846490250459886,0.0294421206345181,0.6146060516010466,0.0388267901524573,0.6600833865930508,0.0496887757553945,0.2588121723477123,0.0089409345881699,-0.2205057015155672,0.0015264240779504,0.9311022409926476,2.374709316476871,2.336283388742405,0.0201493999905395,2.0
3,3Item2,Easy,1.1498784459100877,0.014662472921204,0.8158400533479533,0.0132262676852435,0.7971579760069446,0.007359419048734,0.315029969732182,0.0023980575427614,-0.2090246048986841,0.0016512045379881,1.0234345693936535,2.5897138114437617,2.458398012244165,0.0120821536539838,0.0
3,3Item5,Easy,1.1034123178990274,0.0158141648487103,0.6489772181112785,0.0368022442215075,0.712353002207666,0.0037756357802815,0.2673334829775458,0.0015327783468031,-0.2001885663842062,0.0010666929075619,0.9110318972028296,2.4275851393469057,2.4158882783882776,0.0003251360037634,0.0
3,3Item12,Medium,1.1540345854483125,0.0157159021984836,0.7447044999553447,0.0230956080800985,0.7790391046823723,0.0083010188451985,0.3294635609598687,0.0035628565748335,-0.1790790821306358,0.0053675078074816,0.9559257546297608,2.260347813390635,2.361152526981672,0.0003107721222439,1.0
3,3Item6,Easy,1.1627566870642625,0.0136991355058539,0.7709788784275312,0.0106138014478097,0.819733107904762,0.0082877817466822,0.3187948791415857,0.0076069411702659,-0.1756059031685506,0.0032663036397863,0.9405231171826568,2.4184091729903416,2.3318503424463684,0.0001396802658277,0.0
3,3Item8,Medium,1.1795636290822773,0.0351669678014026,0.7974104424128595,0.0213520716023865,0.8078551408514554,0.0143472820836929,0.3251960688878424,0.0039060050755068,-0.1429069497428792,0.0026501806025049,0.9870698532691892,2.452083732304117,2.374349421293186,0.0006639997351331,1.0
3,3Item7,Medium,0.9715938433386162,0.0479770189284042,0.5819516890452455,0.0481853263548685,0.6324676429157191,0.0209434018735917,0.2702185836071164,0.0032677745134947,-0.1754531764917427,0.0050990276143989,0.9201273384280564,2.153625141734248,2.34521343833513,0.000592905054931,1.0
3,3Item9,Medium,0.5506912089704861,0.163793813702092,0.2567057958921742,0.0804750619506479,0.3651769647847623,0.0506165908769306,0.1312587844282852,0.0111879949383385,-0.2132112735109375,0.0023423893655119,0.7029608044490797,1.9557078888273447,2.2837398941592078,0.0001037837795561,1.0
3,3Item17,Difficult,0.6059241403944836,0.0262543252371903,0.2308606474570893,0.0221322227475199,0.3898939781627183,0.0201919525293705,0.2419079971068342,0.0054960179355332,-0.2446762555383313,0.0024740057553002,0.5921098254328944,0.9543284880600552,2.220312093279126,0.0006348079140285,2.0
3,3Item19,Difficult,0.4942164559211679,0.0293314315818665,0.2236847031558133,0.0189631636526707,0.4152082841879562,0.0342048416590381,0.2033112208430657,0.0014806038109811,-0.3173270277708551,0.0008539939127913,0.5387276047867855,1.100202940227941,2.1671626793821304,4.486364895232884e-05,2.0
3,3Item11,Medium,0.8506832960228041,0.0346145517384137,0.4579502676113808,0.0348884698857425,0.6277814658353673,0.0327146426297921,0.2866338486011403,0.0071264652800297,-0.2229989337159079,0.0062281127184846,0.7294728549036537,1.597678265034097,2.141175861175861,7.143695049850908e-05,1.0
3,3Item4,Easy,1.2297731360748023,0.056938000746292,0.8839200660604131,0.0373355111430667,0.7989978436761862,0.0102220272481758,0.3522312105912786,0.0051502196875765,-0.190342919086764,0.0020119058739231,1.1062845372760557,2.5094810737967737,2.0912423013369383,0.0003971448826362,0.0
3,3Item13,Difficult,0.7607154076447963,0.0798726053996145,0.4705061541185142,0.0756752016148936,0.5226798607756662,0.041366253429079,0.2406839766182755,0.00351084873201,-0.179843946473655,0.0047433218852444,0.9001786547536409,1.954862994480679,2.0333946754999386,0.000153708853279,2.0
3,3Item10,Medium,0.7982153864104508,0.0682436993265124,0.5144842885609946,0.0437867685115727,0.5316850160407925,0.0180190134640688,0.219548006989122,0.0009828793691464,-0.1898793794806721,0.0004562025350948,0.9676468310980024,2.3433687795567475,1.9965571843122856,7.017782687223941e-05,1.0
3,3Item14,Difficult,0.9469343116232504,0.0059597243710558,0.6156502212704121,0.0026443617285607,0.4374906134465396,0.0029361608149447,0.2199115399956842,0.0029479778048951,-0.2098601107857698,0.000479943990262,1.4072274812775194,2.799523034395829,1.9624067290733955,7.68377484631738e-05,2.0
3,3Item3,Easy,1.0292308642412935,0.0146231225697373,0.7563083739751243,0.0103344186741976,0.3623057004915423,0.0082988808638311,0.1792534727592039,0.0016821806390236,-0.163105490139801,0.0017383298859487,2.0874810566545943,4.219188298810753,1.9411037619568423,7.777363039318426e-06,0.0
3,3Item20,,1.0755415619233335,0.0039231807869355,0.7619024449812499,0.0111222898034328,0.4890355694333333,0.0008883271110749,0.2073674586341666,0.0004786386835866,-0.2143895473833333,0.0021669588611275,1.5579661984462585,3.67414818048764,1.9341174450549448,4.021562602686729e-06,
4,1spl1,Easy,0.6564450658681533,0.0535675650397512,0.4070538735441389,0.0482537561712548,0.7353412526944837,0.0138529781949942,0.6174082359697666,0.0123828816040644,0.2985450440651909,0.0233041140491208,0.5535570301483268,0.6592934634428947,1.6339553644781295,2.464647447789903e-05,0.0
4,1spl2,Easy,0.6223523916900171,0.028679250938085,0.3465803781752415,0.0143134305587902,0.6340469846591335,0.0161465306231068,0.4980454186981765,0.0037234264601324,0.159376009578047,0.0024452595915599,0.5466153770074113,0.6958796713791339,1.6184196755625324,4.26248232011225e-05,0.0
4,1Item1,Easy,0.7631002553342748,0.0267890632355834,0.4609628596705577,0.020551948457815,0.7151459280756985,0.0116914762242783,0.4008891888735107,0.0034594876571126,0.0136744611341726,0.0036777344417832,0.644570844918409,1.1498481940050702,1.589148037727861,7.670382346392483e-05,0.0
4,1Item2,Easy,0.719803182344343,0.0414632777796282,0.4028854992668084,0.0366369709321676,0.6295430673244257,0.0075148187677189,0.4240228689641891,0.0054639850809636,0.0568578318787922,0.0024899526995421,0.6399639360896204,0.9501481608829764,1.5715901641087062,5.840326755305255e-05,0.0
4,1Item3,Easy,0.7733989457751965,0.0445478638274823,0.3971245343890695,0.0328517808144035,0.649613318543174,0.013724352256005,0.4098794339375,0.0154163753621923,0.0959507925548635,0.0580604604241758,0.6113235546895912,0.968878974226968,1.542805365627262,0.0001169334942371,0.0
4,1Item4,Medium,0.6750194375902863,0.0808748248851885,0.3760219447717146,0.0432230220849823,0.7438499743689929,0.0175495555785818,0.4165157881362594,0.0078675807495961,0.01211747858515,0.012650940454944,0.5055070944696861,0.9027774041335944,1.5164754983879405,4.888126944193235e-05,1.0
4,1Item5,Medium,0.9141282244387866,0.0410963794975831,0.5334104839747291,0.0347393046429643,0.7710566784631527,0.0064023430090485,0.3989233189758938,0.0060708052657107,0.0452103465490401,0.0060222162879799,0.6917906388506573,1.337122001847579,1.5075784652449598,1.071251595636852e-05,1.0
4,1Item6,Medium,0.6794681379383882,0.0126791249605496,0.355669432211946,0.023604333542655,0.7565989278198393,0.0174852232379716,0.3774100073007386,0.0158717814498922,0.0699854820451724,0.0393396476063381,0.4700891701600024,0.9423928431650964,1.4931815803244377,1.921411366505856e-05,1.0
4,1Item7,Difficult,0.7257680846976484,0.037756112393956,0.4485812967683304,0.0225013529850827,0.755672130586312,0.0125706359306629,0.3984952964848397,0.0043769947737685,0.0146317903957933,0.0050585503595145,0.593618164536676,1.1256849830858997,1.4798302844986455,4.349939439407428e-05,2.0
4,1Item8,Difficult,0.8371079912707355,0.05320738239781,0.4806715720381553,0.0330143997412823,0.7476536641515832,0.01375698073196,0.3552294028345976,0.004408160168995,-0.0350534797881893,0.0089524103209607,0.6429058696284701,1.3531262194975064,1.4613785291985986,4.193061099201733e-06,2.0
4,1Item9,Difficult,0.6341546843048769,0.0443411992993078,0.3168907559773297,0.01763500366755,0.7043445208367447,0.0125918814905999,0.3359400848023562,0.0069092559675,-0.0188084584218533,0.0062274814969835,0.4499081013546752,0.9432926495542088,1.452854047199005,6.252272554235776e-06,2.0
4,1Item10,Difficult,0.8414775477338641,0.0234021745617281,0.5539920323647534,0.0132440614390016,0.8056365831974764,0.0064614776359159,0.3915750060117275,0.0059798902727562,0.0238423716651587,0.0049552258506361,0.6876442260377515,1.4147752259063635,1.445539107686923,1.1191110784637494e-05,2.0
4,2spl1,Easy,0.7295113504672459,0.021728624139754,0.4043608771350429,0.0154037697236925,0.8214162318049327,0.0153096207108708,0.6188498306315395,0.0073371262033856,0.3224393457900019,0.0186853956045802,0.4922722113420054,0.6534060505702015,1.3928581222698868,2.633785726382324e-06,0.0
4,2spl2,Easy,0.7945141056866472,0.0289720707523971,0.5381908444205166,0.0198705390360947,0.8229227664269004,0.0035851331095534,0.6160492995818714,0.0014203051824023,0.278983485616193,0.0011639582568208,0.6539984216974533,0.8736151005620808,1.3854279425310063,2.438537860101327e-06,0.0
4,2Item1,Easy,0.7724412713138643,0.0235410042231912,0.5414407158480353,0.0141320608081918,0.8757501381865904,0.0205715115859315,0.6681951016846414,0.021583249844812,0.2955051857679638,0.0205952038033268,0.6182586493340921,0.8103021171224538,1.381837634312882,1.0043504972387838e-06,0.0
4,2Item2,Easy,0.7883695264114411,0.0269911813481644,0.5006443905387481,0.0085976507621761,0.8436020167636759,0.0138490383305394,0.5784753797342673,0.0026868227925762,0.2371999239559984,0.0063318715253935,0.5934596967888712,0.8654534706650033,1.3804928934902407,7.081862427686868e-07,0.0
4,2Item3,Easy,0.6953220958171441,0.0394397264000962,0.4365139608145013,0.0228361114820932,0.8015748209962675,0.018816610986956,0.5308805583541539,0.0043777939793531,0.1676067043799797,0.0090596918629583,0.5445697704204252,0.8222435945369578,1.379828229076896,2.195254477857256e-06,0.0
4,2Item4,Medium,0.6467783117896813,0.0779389200909281,0.4021976766563778,0.0432903182104454,0.7912270182796264,0.0172909984822586,0.4629717078606913,0.0041533509152101,0.0798495618915325,0.0052923078510099,0.5083208220190174,0.8687286957256221,1.3865432957015282,2.845295362453787e-05,1.0
4,2Item5,Medium,0.918458200021998,0.0658617325008038,0.461886885683608,0.0269263428875873,0.7289774151543914,0.0105132302640525,0.3996598518187225,0.0062726121616318,0.0649884309376731,0.0107872488927763,0.6336084527081427,1.155697095629246,1.3776525796767134,5.470778717310959e-06,1.0
4,2Item6,Medium,0.756562093078536,0.0273973114565437,0.474626131624884,0.0139625607790013,0.8530780102910724,0.009947019579013,0.4607200080920905,0.0048664277862781,0.0438315352598609,0.0056547134551356,0.5563683151258645,1.0301812231015393,1.3720014553347886,8.372092326522279e-07,1.0
4,2Item7,Difficult,0.949988875690978,0.0928575285724703,0.5668188402519517,0.0378763273285444,0.7967854381960321,0.0050098700965291,0.4784478648004058,0.008522425339707,0.0963701022802555,0.0065606297080499,0.7113811343667702,1.1847009825980277,1.368558336453699,3.893535539025917e-05,2.0
4,2Item8,Difficult,0.862432962054339,0.0294889846553059,0.5817925990464307,0.0176844177543889,0.868751296957912,0.0225951162213984,0.4309475526751189,0.0049322485713944,0.0386462193985328,0.0043221649752289,0.6696875520026584,1.350027968384962,1.3574814982064447,4.596470986226361e-07,2.0
4,2Item9,Difficult,0.9665426242514562,0.0492517554386347,0.5137965103099588,0.0192803593675201,0.776890503640852,0.0096721375216069,0.5343761069226816,0.0143145505848025,0.1440190040837311,0.0295030527607303,0.6613491174791905,0.9614867546792184,1.3506733179579418,5.890125284902025e-06,2.0
4,2Item10,Difficult,0.9063449032412528,0.034010706793277,0.5569045153092719,0.0211810549283448,0.8538147850951713,0.0116806437064958,0.4378009637343683,0.0068957089537911,0.0751408126873301,0.0129960016428442,0.6522537121367415,1.272046636243888,1.3502319660357809,8.80662315540686e-07,2.0
4,3spl1,Easy,0.7936606668040181,0.0113236963133888,0.4955891086919844,0.0110477475237172,0.967688556793768,0.0043423436429074,0.922028510394629,0.0187264087226965,0.7546209167748053,0.0365557765696372,0.5121364648534731,0.5374980986019332,1.335310441192794,7.120075398696132e-06,0.0
4,3Item15,Difficult,0.9302144553408912,0.0209723067669242,0.6092088993182173,0.0125537464548443,0.9943286398182172,0.0078809677614894,0.7660477672859656,0.0200065592305286,0.4242686171677678,0.0220613696015652,0.6126830327914116,0.7952612488061089,1.3299950695299532,5.527946615197163e-07,2.0
4,3Item2,Easy,0.7307542147117579,0.0073410433473767,0.5651742285980309,0.004895513589055,1.0316258171404111,0.0019843118331843,0.7077216010273973,0.0001574640305671,0.388827459192637,0.0005945503284166,0.5478475541811231,0.798581573878763,1.3314825400386898,3.387192772575605e-07,0.0
4,3Item5,Easy,0.906351044939394,0.0150933118185216,0.5924297926738843,0.0111715142505633,0.8969915530495869,0.0096471751896028,0.6620452000027549,0.0009427463659453,0.3538707201925344,0.0030464696012406,0.6604623312197487,0.8948466023540639,1.334807143572084,9.730316062300894e-06,0.0
4,3Item12,Medium,0.7710312402740606,0.0470102684325105,0.4459308489107088,0.0287793747273868,0.9265121453001832,0.0031528762000791,0.5569549414909869,0.0100087657322925,0.1746327053846318,0.0062251402417565,0.4813000777946119,0.8006573154008182,1.3539553714736197,3.6705677615696376e-06,1.0
4,3Item6,Easy,0.8244059572928365,0.1020401919367645,0.4874870233074154,0.0624393666608667,0.8279939549460045,0.0093061958735491,0.5286344226565874,0.0040456921341581,0.1109639270285511,0.0078740642770756,0.5887560309340358,0.9221611008539944,1.3561678067743923,9.480640538394874e-07,0.0
4,3Item8,Medium,0.7928581514109413,0.0343854449387502,0.5199999456516257,0.0272553116704877,0.8856901518274276,0.0102333047843582,0.4767956564302137,0.0022123119301722,0.1398821300365472,0.0011362449816855,0.5871120475559916,1.090611560795908,1.3557125536559984,2.1413644786774662e-05,1.0
4,3Item7,Medium,0.9094510517629592,0.0726337295485515,0.5892068760901232,0.0519173164185495,0.8236603127956719,0.0156103465074972,0.4735747933794665,0.0039368544217899,0.1358458670618017,0.0013683819259343,0.7153509178308215,1.2441659483596197,1.350813599023623,7.36183658790981e-06,1.0
4,3Item9,Medium,0.8201249636346863,0.0206499022375753,0.5107158155975678,0.015042323987423,0.864648015761154,0.0100601642790222,0.4419331444887621,0.0023251163553471,0.0858217661979662,0.0049663439891321,0.5906625767080561,1.1556378296779348,1.3440640573170692,6.660800876765046e-06,1.0
4,3Item17,Difficult,0.8158719877593472,0.068266234474397,0.4818993039881921,0.0060445077748155,0.7969875726076555,0.0025317740690721,0.4572822530929597,0.0006443547152356,0.0387262011620129,0.0031881009503592,0.604650205223737,1.053831078940099,1.337338617081382,1.260031166316802e-06,2.0
4,3Item19,Difficult,0.8921838700502339,0.0196587759556713,0.4996421814106592,0.0158292098071722,0.7920688092537158,0.0113480037317859,0.449765749490366,0.0011977604088875,0.0871965111547137,0.0018799792360925,0.6308057390565354,1.1108917721837095,1.3338089644158244,1.8598883304282687e-06,2.0
4,3Item11,Medium,1.029317332327028,0.0139407503030467,0.6565209121722904,0.0063951063890733,0.861808950357021,0.0042193541453871,0.4829877827726653,0.0031905417196321,0.1173560642709151,0.0035792638574835,0.7617931446490194,1.3592881151471872,1.332004580785069,6.418456464840973e-07,1.0
4,3Item4,Easy,1.0081676440151517,0.00726600130312,0.6635437929458611,0.0044371208651593,0.900100394244272,0.0023083494807744,0.4416295925997782,0.0025256486732878,0.1118193367800073,0.0011857231430263,0.7371878292700286,1.502486023533222,1.3330335348034463,3.067683812638334e-07,0.0
4,3Item13,Difficult,0.9018070390183134,0.0073492926465137,0.5999019512872659,0.0161265831478139,0.8593202210945486,0.0018274236615248,0.5123069785753832,0.0033020065802633,0.1056709672337244,0.0004670577660374,0.6981114123111599,1.1709791304743338,1.3350386172966815,4.668913581224346e-06,2.0
4,3Item10,Medium,0.962466265253894,0.0255468345717879,0.6545118038411214,0.0265541395551953,0.8666844077660956,0.0061392541285272,0.4791162997209242,0.0014593302853421,0.086680497903933,0.0023129151880203,0.755189597028226,1.3660784200911988,1.3307440661477925,5.380166596946114e-06,1.0
4,3Item14,Difficult,0.9141705069883338,0.0182916150636082,0.619750516544023,0.0122133658265177,0.8998837581257926,0.0078422147962682,0.5095876335353792,0.0059068616063185,0.1238194591095346,0.0033470809503489,0.6886998706754289,1.216178061595237,1.3248372921694156,2.6218461263987965e-06,2.0
4,3Item3,Easy,0.9191394837164382,0.0589969563509244,0.6305788520315878,0.0157168029045189,0.9258666301101413,0.0058671800128461,0.5685607337136325,0.005892785346865,0.0675707919274106,0.0022026276762769,0.681068039884464,1.1090771936283554,1.323512675291331,1.2520641345891467e-06,0.0
4,3Item20,,1.056551001185065,0.0047361642099771,0.6603726782142857,0.0015036635331047,0.9425267824959416,0.0008049714107404,0.4800411561323052,0.0011115345379397,0.0670747520014245,0.0005334677989684,0.7006400134598995,1.3756555956145635,1.3291829698079694,8.43479831811746e-07,
5,1spl1,Easy,0.5484572807102639,0.0425570703111484,0.3507674894604281,0.0513089372945945,0.5110827965116866,0.0305696502397106,0.3112461980763978,0.006628907521746,0.0272766692689446,0.0116572006070149,0.6863208966015562,1.126973966764288,8.961337598635982,0.0841680321018187,0.0
5,1spl2,Easy,0.5624280219231166,0.0942107217810614,0.326005899021393,0.115756306111455,0.5108455976570705,0.0555059670711552,0.3133092355025079,0.0111785683723544,0.1133862136940601,0.0052507205431976,0.6381678972054926,1.0405210621303929,8.73283251442295,0.0455202937211398,0.0
5,1Item1,Easy,0.6449993971011523,0.0806539086720805,0.4159031678704362,0.0569937020821342,0.5687023654198852,0.0218467932028627,0.3678464328661556,0.0038514676937942,0.164381919229718,0.0011506922813263,0.7313182814794255,1.1306403979221629,8.572402115751954,0.043588085447926,0.0
5,1Item2,Easy,0.5304516852102797,0.0385612549082708,0.366122373981201,0.0346633670911866,0.543159546742038,0.0196113668003779,0.360172219441887,0.0062204736436009,0.1060587887749212,0.0041464428844608,0.6740592190969323,1.0165174816398972,8.62046609079697,0.0710699159510874,0.0
5,1Item3,Easy,0.5492392176839794,0.0899414515128511,0.3703074094331665,0.0733889417585673,0.6074903631095508,0.0353900176155146,0.4355416173525904,0.0017431716131452,0.148658011711446,0.0030552068845379,0.6095681879947779,0.8502208387414517,8.705285985716301,0.0710473106632576,0.0
5,1Item4,Medium,0.6554430600440181,0.0521119124257887,0.4346500184356253,0.0464134683434868,0.5854101510265854,0.0285329364411968,0.4102899133201961,0.0028758599593421,0.1561064718079822,0.0056524028415695,0.7424696602950195,1.0593703256021638,9.386816993164476,0.1161990914063473,1.0
5,1Item5,Medium,0.5591073410583212,0.0917739516924758,0.3802642011467074,0.0566086876113396,0.4787161393281895,0.0255939959261688,0.3698837847735677,0.0027680676606749,0.0893692656933511,0.004449733308478,0.7943400599367579,1.0280612147360797,8.79801909037536,0.1220380806669681,1.0
5,1Item6,Medium,0.6551667004695696,0.0438965660414079,0.4289232531612945,0.0465177913559679,0.5508207549333406,0.0213467358126084,0.4046658553462413,0.0045315572167279,0.1187036784798923,0.003982838476495,0.7786970091862149,1.059941647047666,9.30540330462901,0.2079067418626657,1.0
5,1Item7,Difficult,0.719570893979312,0.0858459298787858,0.4836048790485832,0.0687820921793358,0.5915269414386924,0.0310455279683205,0.4308857208135578,0.0029245327810119,0.1880192440752358,0.0023011964234103,0.8175520464382074,1.122348068966916,9.834436075473809,0.1172727368846269,2.0
5,1Item8,Difficult,0.7925673395031834,0.0672310113599265,0.5414770809246332,0.059352482589916,0.6398439124907612,0.0247529553784677,0.4495123975067612,0.0031220481804237,0.1771320425088065,0.00298289003602,0.8462630089794636,1.2045849666060036,9.644391517173514,0.0285230448909431,2.0
5,1Item9,Difficult,0.7383472041268115,0.0207751826418722,0.5837504874070574,0.016190803888063,0.7767082033238816,0.0332344712207014,0.5036368717087272,0.0044297817281554,0.1908237131876496,0.0017356727242818,0.7515689075254051,1.159067894212416,9.98324970450406,0.1075317437570193,2.0
5,1Item10,Difficult,0.6581773309719936,0.1032266159582893,0.4854355683319613,0.0783278542207046,0.6547999113516464,0.0483815069069992,0.4226757533993379,0.0064036535619252,0.1757763430406666,0.005121497755791,0.7413483394974519,1.1484794572398214,10.094609322698307,0.0283143912027731,2.0
5,2spl1,Easy,0.7389639378088102,0.024859281795992,0.4495074569035877,0.0195264825779789,0.6100163370629541,0.0174025643642514,0.2642386012111972,0.003478533950665,-0.0551083689671321,0.0073847178921006,0.7368765272604019,1.7011358435419093,8.982807412025764,0.0117542822925811,0.0
5,2spl2,Easy,0.7967285632851799,0.0474412292772526,0.5785083871077089,0.0261639655545089,0.6575023892792774,0.0178844008929793,0.2789067546532232,0.0037200634007086,-0.0142809777313792,0.0025786989922814,0.8798561293225288,2.074192550963636,9.882737758866698,0.124827627432123,0.0
5,2Item1,Easy,0.7311864752582617,0.0345620576600375,0.4804384151935119,0.0346881266115305,0.6475906444177558,0.0192150950346549,0.3047186886741131,0.0045572410998067,0.0005729686736711,0.0037400686118056,0.7418848271667711,1.5766569507995385,10.160051000012816,0.254609674612023,0.0
5,2Item2,Easy,0.6749211149083164,0.0555329498359219,0.4165106116068608,0.0455004190390479,0.5808054589731381,0.0282329494918536,0.3232822741495187,0.003377764160582,0.043849318849974,0.0133113112417208,0.7171246207269264,1.288376618625263,10.442429728087752,0.3429485307028825,0.0
5,2Item3,Easy,0.6081423993595317,0.0886257632442542,0.38646873694196,0.0511486137866236,0.4458898924332085,0.0261019654058368,0.2741510123144506,0.0073398331060582,0.0646746149947066,0.0070954299863777,0.8667338658410713,1.4096877629287026,10.30705872559323,0.1810418507308906,0.0
5,2Item4,Medium,0.8093359935153691,0.0499114040072413,0.5334097205056199,0.0559321215892531,0.6423444808696136,0.0302954171470786,0.3214459283043163,0.0036427702431889,0.0503276958905149,0.0031617755275571,0.8304093924401624,1.6594021393187397,9.832316622265449,0.0369651862944295,1.0
5,2Item5,Medium,0.7931866287672144,0.0408350129059025,0.5389920858531541,0.0390878048796746,0.5829840238470627,0.039172774499055,0.3573671686543276,0.0079528126264563,0.0557204702416696,0.0051693601928666,0.9245384766428416,1.5082263422697455,10.252413647976988,0.1132044001000649,1.0
5,2Item6,Medium,0.6746539675865212,0.117197225059791,0.4507096560795625,0.0942984685312452,0.5487880723622237,0.04693490848359,0.3542571072925514,0.0070688106575477,0.0583246214711915,0.0042276742339094,0.8212803038142045,1.2722634903803631,10.299931494897493,0.2187237971494803,1.0
5,2Item7,Difficult,0.6611363971101947,0.0735296945093444,0.4256285251981144,0.0643121488589433,0.5345663922302387,0.0371967006035594,0.3085412325677097,0.0105725293530387,0.0748880230365295,0.0071894440764691,0.7962111632405663,1.379482224057318,10.409874281812638,0.1605951301004362,2.0
5,2Item8,Difficult,0.7889599412192322,0.0665001293502705,0.5802531500634195,0.0649775762460809,0.6286209099245306,0.0254863886486587,0.3899374468973461,0.0054861662402711,0.0801275562354147,0.0094155989867912,0.9230558796989464,1.4880634486811068,10.353481748258762,0.4045200242017009,2.0
5,2Item9,Difficult,0.4432563617106256,0.0919887573807446,0.2787099080607136,0.0448905656049274,0.4914844655672564,0.0331579612245017,0.3478123204430021,0.0040723323488784,0.1253205378627596,0.0039614596841614,0.5670766026397868,0.8013203971191415,10.48643984540258,0.239716164434935,2.0
5,2Item10,Difficult,0.6723470163163949,0.1689438448337329,0.4579947734555536,0.1186578422442993,0.5275746924266949,0.0531404636501128,0.3651397275635981,0.0040150076299188,0.138784107377169,0.0043629706743655,0.8681119695809161,1.2542966009612904,10.36832930131604,0.172104525014749,2.0
5,3spl1,Easy,0.7491369385650298,0.0042085858967486,0.4991719197196417,0.0035463851002962,0.4116130024976775,0.0451790438475705,0.2842100519035501,0.0048061946201982,-0.0382310265670205,0.002353573010095,1.212718509794764,1.7563423954710982,11.428350792379852,0.1400139267594191,0.0
5,3spl2,Easy,0.8443223410345354,0.0093683974970239,0.5247978157457059,0.0175735050971223,0.7173501846475093,0.0117021012763316,0.3168338205767267,0.003904462895176,-0.075437691455929,0.0064648689337524,0.7315772622632248,1.6563767037676898,11.48015968162789,0.0115295455745928,0.0
5,3Item15,Difficult,1.0430455947154396,0.0270587937362158,0.6905866239456517,0.0270474454863876,0.8187596681320436,0.0169713303923538,0.3633978714605935,0.0050676065011353,-0.0158695384687321,0.0021840865339912,0.8434535888505565,1.900354343892172,11.186132451112686,0.0149129111228138,2.0
5,3Item2,Easy,0.9580356270225294,0.0049295721939108,0.6589662738195085,0.0042729127914382,0.6778182083881208,0.0136461921720205,0.376561196202765,0.003688875323549,-0.0188545509942396,0.0026445090942417,0.9721858950951754,1.749953342275174,11.064917885443547,0.02360770311661,0.0
5,3Item5,Easy,0.8683537905848624,0.0093550687037115,0.5846068174457187,0.0025425610473897,0.7765069987423546,0.0024537847972908,0.4013612018653383,0.0015609247783802,-0.0391037224658639,0.0010278306190799,0.7528664461828567,1.456556732868087,11.11627048909279,0.0145743763998148,0.0
5,3Item12,Medium,0.9852659629525162,0.0048752036962073,0.7681822737418831,0.0119424697790782,0.8165190663210227,0.0076715806500499,0.4148190229983766,0.0035383377057101,-0.0260960137303165,0.0005190070686859,0.9408002392434344,1.8518447306119776,10.996277270083976,0.0155569897904461,1.0
5,3Item6,Easy,1.0298906531729728,0.0016347715336095,0.7451000623108108,0.0029809175954737,0.8160566579162163,0.005543129759456,0.3879338579648649,0.0005692438242526,0.0133370970329729,0.0020352925199312,0.913048306186362,1.920683452422041,10.756433479950848,0.0020360256954077,0.0
5,3Item8,Medium,0.9395528782636436,0.0211700373418876,0.6580990645527515,0.0229174886586872,0.7120480795609885,0.0247867922204971,0.3799642024034437,0.0075890263963125,-0.0533099932162057,0.0025458399576246,0.9242327297979238,1.7319982471815607,10.98668080032025,0.0427791349662596,1.0
5,3Item7,Medium,0.9022339753176868,0.012347275602444,0.6269476866869813,0.0317245802073217,0.744681760283973,0.0162320202317537,0.3726293534874222,0.0014997955850959,0.0113341395796239,0.0024912380130228,0.841899020796325,1.6824922629609222,10.799312997979792,0.0336494543882162,1.0
5,3Item9,Medium,0.8304737138584121,0.0625615501785635,0.5238023005852217,0.0708481366438879,0.5833456222190088,0.0416572377112744,0.3352716784202991,0.0096792544179951,-0.0136506206906504,0.0040404045617626,0.8979263453908677,1.5623172847045446,10.851138002035883,0.019569834876262,1.0
5,3Item17,Difficult,0.8612975035349362,0.0370036174907185,0.5638697323495868,0.040126686981301,0.6415952789780616,0.0403629039828579,0.3628017845833771,0.0049489219187055,0.0187478125719665,0.0023563058345555,0.8788544304647806,1.5542045329037482,10.674856916768316,0.0160544091036894,2.0
5,3Item19,Difficult,0.9049636261125236,0.0338660344833798,0.689975415606821,0.0284478728095806,0.6924025531586137,0.0163285911455975,0.3468037177989496,0.0036753710894957,0.0464507168393153,0.0015072002234302,0.996493175777744,1.989521422851044,10.63075437899731,0.066055927352242,2.0
5,3Item11,Medium,0.662414857767059,0.1217950951944231,0.5231390259522465,0.0704112414562409,0.6646795816566554,0.0288488258834621,0.3212173179158096,0.0054323894704097,0.0131732032204469,0.0024945765890651,0.7870532709837413,1.6286089453010577,10.6057430627898,0.0633847025083807,1.0
5,3Item4,Easy,0.9976201078032216,0.0193896989584065,0.6995349178264688,0.0211228113734502,0.7645029919125078,0.0263478401586659,0.3501298297116235,0.0039896056870626,0.0635362773955306,0.0065496974908482,0.9150180054344644,1.9979243713060724,11.049903600194662,0.1355914727543028,0.0
5,3Item13,Difficult,1.0638070038920455,0.0259823137521657,0.6396924760999368,0.014867728837872,0.8437316761647727,0.0029221189116358,0.3816806984008838,0.0005371964939391,0.0842816223074495,0.0011866930137076,0.7581696124508175,1.6759841479956472,11.029898973310248,0.0135610707899744,2.0
5,3Item10,Medium,0.8977038700105043,0.0150618089422463,0.552041418785147,0.0119915984057782,0.7069510002184874,0.0085710712590705,0.4049732712695798,0.0017562437696196,0.0737125179483193,0.0027567512979782,0.7808753898631526,1.3631518295088647,11.049857635846925,0.0071215178851086,1.0
5,3Item14,Difficult,1.1148302636748495,0.0138641001519683,0.8013157725626252,0.0175213911476786,0.8517180425250502,0.0269752094314621,0.4356531930155311,0.0009291528987877,0.1552107215416082,0.0046416565959265,0.9408217176723008,1.839339057007672,10.826058836328412,0.0044427287841081,2.0
5,3Item3,Easy,0.930983072930202,0.0415136021995382,0.6149182174704035,0.039982802337283,0.7546625941284754,0.0216839447406335,0.4145940223873318,0.0004281544695727,0.1280084477455157,0.004267448145717,0.8148242770085431,1.483178003270675,10.950327356542306,0.0100322032574096,0.0
5,3Item20,Difficult,0.9918848854084704,0.0144958572505072,0.7256780693310919,0.0192897996557674,0.8525261659584504,0.038530109546905,0.4071779541702127,0.001753874747058,0.0842225536414492,0.0028331684682392,0.8512081471506554,1.7822091782959326,11.000056853715389,0.0494816201238751,2.0
5,3Item18,Difficult,0.9241378571263296,0.0044899992493208,0.6721266292034573,0.011067354707426,0.7451292276529254,0.009519300969077,0.4199824499257513,0.0011368810494504,0.1077915795090026,0.0046918103092926,0.902025718807005,1.600364560370849,10.757112443031485,0.0030515106749641,2.0
6,1spl1,Easy,0.3116135800917601,0.0501927031573628,-0.0058820608129829,0.0359225955452964,0.1941926321141465,0.0191789034891939,-0.0849289229745281,0.0041860255387164,-0.382679656934033,0.0224692078285716,-0.0302896688678516,0.0692594450325491,2.945792010770914,0.0016174740753298,0.0
6,1Item1,Easy,0.0767814530148826,0.0539993224454326,-0.1649180887348899,0.0522176289992853,0.1057794130043113,0.0284211607058268,-0.1912510497180164,0.0042608251474724,-0.6467960258451028,0.0038600842674497,-1.5590607377205865,0.862316579671739,2.767978682419417,0.0009393375126391,0.0
6,1Item2,Easy,0.281699995556722,0.0765648989289333,-0.0052592917154617,0.0667066343978702,0.1936674423792549,0.0183000080130187,-0.1520796616425217,0.0036441116613478,-0.5461935401613464,0.0129271460751439,-0.027156162619218,0.0345827064668959,2.685375668173163,0.0005870653082347,0.0
6,1Item3,Easy,0.3266973063432999,0.0401346193506877,0.0081876854254254,0.03542062631037,0.2058248380493606,0.01537310219312,-0.1312864823567658,0.0047137221411249,-0.562920806606737,0.0106302097906835,0.0397796773379925,-0.0623655051453106,2.5597887896019498,0.0020265760772737,0.0
6,1Item4,Medium,0.2753488198609738,0.058511305761288,0.0311320582974522,0.0577355614891488,0.2291058857426769,0.0295474202549396,-0.1089743541920625,0.0055720927434492,-0.4965150618993441,0.0127750283959156,0.1358844287745172,-0.2856850514354441,2.481979498029093,0.0001814764498223,1.0
6,1Item5,Medium,0.1448469284480677,0.0920869145653339,-0.0845071808217282,0.057214880652108,0.194093552794321,0.0254281841911996,-0.043500424156148,0.0097352181154633,-0.38870457546568,0.0185167657995938,-0.4353918211773784,1.942719529306329,2.427844143180645,0.0003357590160429,1.0
6,1Item6,Medium,0.2368053571371365,0.0622698465896814,-0.013584538796249,0.0608066960033046,0.1688696683685956,0.0230892802014224,-0.1242960674798328,0.0022863604779627,-0.4202021564861233,0.0070730439517878,-0.0804434478023023,0.1092926619831727,2.3790145275293786,9.196562338927511e-05,1.0
6,1Item7,,0.1926777970954141,0.0323500960686193,-0.1176940093825821,0.0164761353915502,0.1373437340751196,0.0061082366586868,-0.1207135527702453,0.0012349111558679,-0.4571654128572853,0.0016572640336267,-0.8569240763043042,0.974993956151284,2.3559128371628364,6.84589112153084e-06,
6,2spl1,Easy,0.191712928964,0.0227515504788693,0.0422211509283009,0.0178084499704252,0.2800358720967087,0.0069062387915543,-0.0901087149596893,0.0008359246939862,-0.4695831470466019,0.003772461771601,0.1507699704406075,-0.4685631074674246,2.244065730941886,7.739132702157316e-06,0.0
6,2spl2,Easy,0.1248031138189574,0.1020631925384624,-0.1042088296513708,0.057184804250174,0.1744430554655846,0.0204420263286899,-0.1120771888497755,0.0049323570102157,-0.5210122902382298,0.0051617213403144,-0.5973767886400105,0.9298034731627968,2.2281945810350474,3.996844672727912e-05,0.0
6,2Item1,Easy,0.2966471633399861,0.0508686401839907,0.0369718804982785,0.043385871521526,0.2478808325681467,0.0291911723542577,-0.0472789995405559,0.0302365740401066,-0.4148932312424195,0.023485708387984,0.1491512311137784,-0.7820102554585342,2.210884353741496,4.473075914662363e-05,0.0
6,2Item2,Easy,0.3589617733264061,0.090262069208388,0.1116099024924088,0.0611028896127239,0.2881773708918244,0.0281597625218268,-0.0683207567648923,0.0030314196762931,-0.411532434040943,0.013758167388121,0.3872945153621701,-1.633640220302455,2.1896706336540355,1.8354446682896025e-05,0.0
6,2Item3,Easy,0.3928754631411245,0.0676352241041948,0.1493578817380638,0.0817590509172266,0.3212604376649301,0.0387736126200848,-0.0589765683874407,0.015272222924918,-0.3975742951084806,0.0357807842758097,0.4649107058215977,-2.53253823272809,2.176055364447372,2.9897230988219127e-05,0.0
6,2Item4,Medium,0.3532681581326268,0.0596212885118264,0.0472950689331985,0.0392867334512865,0.2667719628235704,0.0176117919417629,-0.0519803198002515,0.0103242771932407,-0.3954727166118945,0.0263807482938588,0.1772858404863051,-0.9098824131394208,2.1423211301024803,0.0001803743293493,1.0
6,2Item5,Medium,0.3797013039810979,0.0437648450006871,0.0812782045563337,0.0420365002907416,0.2756062705514855,0.0139173713515688,-0.1085727787227336,0.0036572367969329,-0.5092477124681103,0.0065320963573323,0.2949058796369829,-0.7486126276322582,2.107871323707941,9.456553227167792e-05,1.0
6,2Item6,Medium,0.3700650119820762,0.0684407525028126,0.0916746721457165,0.055478658456131,0.3277909713717372,0.0204613635362945,-0.0791159264958322,0.0049945562843823,-0.4766230984334875,0.0068749939041369,0.2796733298929753,-1.1587531734677905,2.0838247423539302,2.2263768258890912e-05,1.0
6,2Item7,Difficult,0.2298385002677997,0.0623954309461412,0.0122848758538643,0.0458219884370314,0.2333978221768461,0.0206222740309695,-0.1084702143890061,0.0041254606803957,-0.4887294361068657,0.0152584755509376,0.0526346951509298,-0.1132567975444791,2.06091105717635,5.8322442905552784e-05,2.0
6,2Item8,Difficult,0.3548301602884821,0.0855249025302664,0.0483387548600689,0.0694029470943961,0.1958583802593335,0.0245523089127866,-0.0333136299546738,0.032401514256327,-0.2990803600889371,0.0359044298758212,0.2468033688050304,-1.4510639035657096,2.04644409480498,1.3875446951242405e-05,2.0
6,2Item9,Difficult,0.8447171282319839,0.0400437356512694,0.4515674189133512,0.0536052231916248,0.3188440816189453,0.02331976962927,0.0572407750147858,0.0170248124500975,-0.1955002036738127,0.0243947102625527,1.4162596349942245,7.888773868327967,2.0376992207905955,3.5215217562919738e-06,2.0
6,2Item10,,0.4787938594332536,0.2550767802832437,0.0837911874963516,0.0948251974023566,0.1984894324452751,0.0381697263924306,-0.1126452319925314,0.0049724623301993,-0.4330443554946696,0.0127939932144145,0.4221421983120186,-0.7438568847618159,2.031233839689722,4.050032808698077e-06,
7,1spl1,Easy,0.7574148088626466,0.0503962552383308,0.4534389283816398,0.0244159979049163,0.492210301507524,0.0288237049767484,0.1407335075594914,0.00283110715816,-0.1649306093440843,0.0038667675737257,0.9212281940558176,3.2219456069788834,11.285002330089856,0.1496104796413614,0.0
7,1spl2,Easy,0.7329144654661764,0.0386234867526766,0.5226388443288076,0.0213891131914863,0.6227309258057233,0.0161454883435675,0.1659334149405444,0.0076352860368309,-0.0728633304137741,0.0055338608236079,0.8392677854962871,3.149671178917726,11.529968393498631,0.1148496966478373,0.0
7,1Item1,Easy,0.8821645813991431,0.01323908723219,0.5641595071539222,0.0077577076912711,0.6205089424340804,0.0086784730914849,0.241015306425791,0.0036178060196739,-0.0185060025302966,0.0014724306841348,0.9091868938326566,2.3407524392032246,11.434486733182036,0.0186558521425762,0.0
7,1Item2,Easy,0.9136004125575028,0.0470639886380244,0.6275976912505477,0.0110939745819856,0.6193276976760679,0.0068032681397118,0.2122906893817035,0.0018571800710235,-0.0704860329175246,0.0049815514356383,1.0133515427357198,2.956298916261945,11.435086453467044,0.0264354955978495,0.0
7,1Item3,Easy,0.8159735162438075,0.0449229812818393,0.5064577129733256,0.0269125478411063,0.6071291552511783,0.0211323366826694,0.1931222393029885,0.0033825690254742,-0.0792276317795357,0.0041240598070509,0.8341830966439098,2.62245866836746,11.334912555235055,0.100454436239292,0.0
7,1Item4,Medium,0.6907009675734807,0.0334899192110219,0.4261476984276408,0.0292183744923761,0.5215639247190276,0.0290762990852417,0.1925377104252805,0.0038452060375731,-0.0859671079413043,0.003601636481795,0.8170558989510481,2.213309196298052,11.876539146442964,0.1950705945363004,1.0
7,1Item5,Medium,0.8550792917236534,0.0215381483024579,0.5816765395931056,0.0126581588521803,0.6280386261624974,0.0163205197287689,0.2837929712180078,0.0028247692792478,-0.0229836335664253,0.0037301834632321,0.9261780871173948,2.049643750699226,11.622915765857892,0.1449141772323447,1.0
7,1Item6,Medium,0.8472737820082303,0.0659601674173043,0.555423522554589,0.0507593028170403,0.6098657391274009,0.0205688628137091,0.2430120844666147,0.0056730167993784,-0.0419986616374102,0.004944689975369,0.9107293231785202,2.2855704406768003,11.301168455628948,0.0520561689469577,1.0
7,1Item7,Difficult,0.7283691257711108,0.0758209876228009,0.4835200461697791,0.023924538229291,0.5488743922814956,0.0133024379566489,0.2567915420796118,0.0040092032604763,-0.0044684465224098,0.0016792454583605,0.8809286278256059,1.8829209067133903,11.446594514898516,0.0776992266049149,2.0
7,1Item8,Difficult,0.9267072682931236,0.0257760788625359,0.6233480259082427,0.0230942121061685,0.6262869295957634,0.017993403356451,0.2911393458207398,0.0080601696226025,0.0008308571890978,0.0019306582480699,0.9953058273222376,2.1410568300006383,12.062294064353974,0.2434189168496628,2.0
7,1Item9,Difficult,0.8557372236869241,0.0558252971953966,0.5103444912459253,0.0370398307862139,0.5917364281773775,0.021751960342998,0.2544174326611144,0.0046481182617493,-0.0872888166310054,0.0029104603859426,0.8624509232377742,2.005925773175816,12.197455922684094,0.1939800592591219,2.0
7,1Item10,Difficult,0.6612992141946485,0.0778860336321153,0.4304492103582894,0.0443183449727598,0.5356058198101046,0.0390022621082076,0.2152684947931811,0.0085844563462105,0.0151883570348005,0.0092041151093897,0.8036664105787562,1.999582944958555,11.627996272563996,0.1443187080801936,2.0
7,2spl1,Easy,0.5706316225291668,0.1125687021054487,0.3466553583677327,0.0641774635045635,0.4795281641512879,0.0253612390726216,0.3132187571351818,0.0037161748616109,0.007143972458303,0.0086275362596093,0.722907769293393,1.1067480593764734,9.759434175621312,0.0223585776964528,0.0
7,2spl2,Easy,0.765748828001992,0.040704053398392,0.4901273638508033,0.029069594960105,0.5939710241487479,0.0164945712133819,0.2810706536797167,0.0047975256320423,0.0957319876349187,0.0115290082484578,0.8251691054864582,1.7437808382104134,10.157460020397467,0.0853281016810559,0.0
7,2Item1,Easy,0.9817367484161122,0.038774900447991,0.6471141268349855,0.0168393750642074,0.6645812186464634,0.0171278514271541,0.3143803146519787,0.0147877010613063,0.0305601176388114,0.0025392743937173,0.9737156798340848,2.058373372321263,9.803305730390909,0.0103041585746027,0.0
7,2Item2,Easy,1.0065306250235688,0.0644313990095342,0.743004175235185,0.078927655659788,0.8134601894612795,0.0315570734294701,0.3956158719038721,0.0098691732430512,0.059122330262542,0.0090377235934049,0.913386139205049,1.878090213037532,10.28823779922098,0.037366422529313,0.0
7,2Item3,Easy,0.6470191498379837,0.1559765512403338,0.4039217600258418,0.0806265970067012,0.4875974665154046,0.0700086899437305,0.3118244001484077,0.0054268716809847,0.033824362558075,0.0058256935367421,0.8283901360733275,1.2953459206132745,10.53720069482472,0.0997646463891151,0.0
7,2Item4,Medium,0.7090470747123331,0.1023270403473643,0.4965567466580948,0.0537806220349011,0.5774376197691338,0.0269815735703894,0.2662394660845457,0.0042513180886599,0.0390467429741078,0.0070212535337603,0.859929920961337,1.8650686500090907,11.009388696463526,0.1200760202590292,1.0
7,2Item5,Medium,0.7476769551557861,0.1080624170138018,0.4514440536072354,0.0800916757825044,0.5466353466272611,0.0325700322370737,0.2905641354839846,0.0015730997438773,-0.016916509301761,0.0028633312033724,0.8258580981536247,1.5536759179840356,11.071102812459936,0.136026031797607,1.0
7,2Item6,Medium,0.8252856812297873,0.11069925388934,0.5956899933428453,0.0544385133112779,0.6268210423102775,0.0273518895944937,0.2880035706949081,0.0026542075598222,0.0316429249617359,0.0043283120302227,0.9503335127579612,2.0683352069918284,10.997215616634415,0.0521879641628689,1.0
7,2Item7,Difficult,0.7273569038406804,0.0504609687684305,0.5176740699555225,0.0520336946461258,0.6165997081615865,0.0499425586245475,0.3069966824408187,0.0079045014497204,0.0629928680693352,0.0071527030521102,0.8395612640455493,1.6862474851265914,11.668582676949002,0.0759522683364923,2.0
7,2Item8,Difficult,0.8746479383328519,0.0573566336978249,0.6139533354446982,0.0553957882331668,0.6437734617662277,0.0284906087286866,0.3088559511026757,0.0103093735455888,0.0649198292422369,0.0021361895273233,0.9536776804725776,1.9878242443719425,11.98281563309458,0.2558558248977269,2.0
7,2Item9,Difficult,0.6080009611426286,0.1168267578754685,0.3999586127431025,0.053492261915126,0.5477323179746362,0.0254502247705624,0.2979975357836488,0.0052077305934399,0.0345499380969701,0.0056164285226406,0.7302068353665924,1.3421495904042908,11.659271981820511,0.0891971086733279,2.0
7,2Item10,Difficult,0.646530115927134,0.0908804937824582,0.4209387149253428,0.0455505043116186,0.5597131090626513,0.0203501414995845,0.2831493034889054,0.0018442181012842,0.0226038114374118,0.0104029910752321,0.7520602180822018,1.4866263950228693,11.059026469853956,0.0385437163234528,2.0
7,3spl1,Easy,0.5438290814106317,0.0245285499435561,0.2721708638034864,0.0076445119147593,0.3667673240353767,0.0076063076661636,0.2492187226744982,0.0007960000693138,-0.0601768871117347,0.0013340400711989,0.7420784347157365,1.0920919936941116,12.846529866095665,0.0367827667855122,0.0
7,3Item15,Difficult,0.7478015997415003,0.0256955234317529,0.5017112556958908,0.0170194132499777,0.6288496199205057,0.0139155458715635,0.3160113852238299,0.0048383720628315,0.0674758143911418,0.008297209315928,0.7978226303717616,1.5876316219078928,12.9929303702308,0.1189736727709639,2.0
7,3Item2,Easy,0.8186788593351036,0.0305291565480137,0.5175255613501729,0.0277010714222232,0.5945881888537796,0.0063182226679142,0.3118424089593379,0.0023752982005994,0.1634650702715043,0.0052403262161161,0.8703918117782022,1.659568701731498,12.82174085198772,0.0509815915222083,0.0
7,3Item5,Easy,0.9486419476436782,0.0236270273541809,0.6433269539789708,0.0150847138758972,0.7754829278774817,0.0243964226556034,0.4080807320156295,0.0030833872807199,0.1461350190370101,0.0010458650222749,0.8295812857653571,1.5764659466656334,12.792588220968724,0.0244533075770524,0.0
7,3Item12,Medium,0.8625903469368565,0.0546459077329821,0.5917405503944853,0.0129994694248524,0.7286448077224265,0.0174829956849932,0.3537692065620496,0.0062225891778765,0.1044110557128354,0.0049211847190719,0.81211000478288,1.6726692621886936,12.40546847396795,0.0203936665633812,1.0
7,3Item6,Easy,0.5857227422230117,0.1106808236840265,0.343238631995816,0.0375845111810392,0.5367027799530758,0.0149735052738449,0.2593556199239229,0.0081173503737869,0.0722938764556648,0.0082977601053967,0.6395308637957152,1.3234234472075488,12.521998864148845,0.0384952061402627,0.0
7,3Item8,Medium,0.6766925413916041,0.0902384694174893,0.4244416334205894,0.0608789823883499,0.531592103571786,0.0325801798362239,0.3332636180708285,0.0067985227578839,0.0604956681725317,0.0093741932892153,0.7984332952567604,1.273587444948576,12.61469470656569,0.0651550739113603,1.0
7,3Item7,Medium,0.6435418568444959,0.0665248976433347,0.4281112369829176,0.0371890008672644,0.5618923624960812,0.010924313075382,0.3171183370110705,0.0055707902488596,0.0614438729588261,0.0019809360506588,0.761908336274222,1.3500004163037602,12.625446444131184,0.0576312767002755,1.0
7,3Item9,Medium,0.7175830819301946,0.0933781793086355,0.4372368620882152,0.0538138461006633,0.5772937708157609,0.0233610524904921,0.3129713105469363,0.006326057023131,0.057709336633512,0.0020515819851221,0.7573892648817286,1.3970464713767166,12.622672517664586,0.1506193827793176,1.0
7,3Item17,Difficult,0.5850320887975471,0.1966552953632291,0.3947426736576029,0.0981559915914476,0.5580057754176266,0.033331595818615,0.2612864762806706,0.0059098416811737,0.0551624607703347,0.0081170569253636,0.7074155566698404,1.5107600229318956,12.518296422520642,0.0148146268413123,2.0
7,3Item19,,0.4845059400498165,0.0491598159188094,0.2946792629846433,0.0204307350559106,0.4495397270975956,0.0256970434193027,0.2020407402591532,0.0003986034922008,0.0248607337207212,0.008253242150835,0.6555118262303035,1.4585068541117625,13.278607643807993,0.0432925551932605,
8,1spl1,Easy,0.4673933430701432,0.0228359648630786,0.2517881795345092,0.0136482718510165,0.4127842499281777,0.0106442915457482,0.1802949177781166,0.0020672274434936,-0.1225469508320954,0.0032041645624576,0.6099737807451187,1.3965273459179226,32.256717194970086,0.0122528889242001,0.0
8,1spl2,Easy,0.7906560698785179,0.0097400339248248,0.492170215904581,0.0145551278074813,0.6379963311870074,0.0134611655373067,0.1792477129612258,0.0022458677521682,-0.1228907400586304,0.0006385841184667,0.7714298976594276,2.745739189831979,32.46448855715952,0.014479629035707,0.0
8,1Item1,Easy,0.7423542406050506,0.0361291397311062,0.444840975060101,0.0416363177939989,0.5111829351688258,0.004081689736585,0.1551976236818182,0.0030429098190726,-0.1681053708378282,0.0033605729496883,0.8702170480243786,2.866268814162267,32.341316708952206,0.0034341497622853,0.0
8,1Item2,Easy,0.7300609109046503,0.0107865461862188,0.3703766017846737,0.0076974745236326,0.4922779779637646,0.0018868458237282,0.1291551848414918,0.0030742965610884,-0.2003653141134032,0.0008143392173806,0.7523713551951353,2.867664465617515,32.360166955347474,0.006347303720119,0.0
8,1Item3,Easy,0.7206111967505039,0.0125643467235683,0.3731825517722359,0.0103868548769162,0.5377166886008202,0.0055436825363278,0.1500928286658605,0.0028183200525979,-0.1543209066319528,0.0020630029693088,0.6940120432773628,2.4863284192917514,32.33759809399417,0.0016874832482145,0.0
8,1Item4,Medium,0.8734039176973126,0.0229286989688213,0.4891100739404951,0.0257663625576347,0.5725509646709336,0.0170622730686994,0.1365701565933522,0.0007076954316849,-0.1400410688403819,0.0026496811587221,0.8542632007587371,3.5813570459599027,32.51541852752343,0.0049025336133748,1.0
8,1Item5,Medium,0.6441030212199115,0.0190646455117397,0.3842624507140486,0.0257345448248376,0.5223407153580089,0.0088880711865849,0.1602882827524336,0.0019311378739762,-0.1325155064201327,0.0039830735038137,0.7356533843954588,2.397305946571244,32.56159978942654,0.0084101369105865,1.0
8,1Item6,Medium,0.6237140436087266,0.0156632071840783,0.3199283436482262,0.0121671053732753,0.4830530973631685,0.0093576712826421,0.1597411596678809,0.0019808115986914,-0.1732870631928254,0.0020475017251035,0.6623033432375557,2.002779631334568,32.84686568268658,0.0111347283946875,1.0
8,1Item7,Difficult,0.8072779186587983,0.0230525534474211,0.4984677936856223,0.013704802599953,0.5647459550743256,0.0113566999636039,0.1745619370239117,0.0016887614039167,-0.171931558072808,0.0041113309215611,0.882639187704907,2.8555190591078445,32.90023853147101,0.021138396157987,2.0
8,1Item8,Difficult,0.7667423363479476,0.036129596290743,0.3385190450797108,0.0334112596042803,0.3500820582647698,0.0056255503993356,0.100869116260883,0.0008001261200802,-0.1763905409539801,0.0012283410481459,0.966967801177305,3.3559894409578157,33.11238960859709,0.0139940546224104,2.0
8,1Item9,Difficult,0.6548537098582059,0.0403398851873329,0.283944116432208,0.0250664588310082,0.4041631300508255,0.0249380795738621,0.1234743693555939,0.0015298765747873,-0.203944143374692,0.0007025706948418,0.7025465530464089,2.299601272011456,33.3200326711034,0.0110863958373959,2.0
8,1Item10,Difficult,0.7305666037457875,0.0490110383671137,0.3962404029660856,0.0245295136873347,0.5003040311356144,0.0158659144992629,0.1602904673959373,0.0048392277088824,-0.1950820540922244,0.0032444208130846,0.7919976380542919,2.471999348457698,33.19851479489623,0.0985758330436535,2.0
8,2spl1,Easy,0.4388229112813427,0.0406986462613714,0.1550273926973178,0.0206961249819303,0.3085980818327261,0.022412661288948,0.1634720091956815,0.0047789604737904,-0.1485160009085695,0.007774070237552,0.5023585675518936,0.948336324510586,33.82502115525103,0.0055886444360361,0.0
8,2spl2,Easy,0.5914487646448008,0.0533876056262258,0.3363966108309817,0.0285473469048158,0.4751763402273793,0.0295961178764075,0.0999835947379274,0.0047835014822422,-0.2320739546270708,0.0007024987765488,0.7079390836903355,3.364484415951486,33.798494535012935,0.0241346351511074,0.0
8,2Item1,Easy,0.8741778169802632,0.0151739375472605,0.5134876137831639,0.0033817310912461,0.5936361675785077,0.0041805148932337,0.0624693531578947,0.0022110564883852,-0.231749118014354,0.0014137875220266,0.8649856205562733,8.219700831293787,33.751228499864915,0.0262524445896688,0.0
8,2Item2,Easy,0.7437571360345692,0.0040003661279711,0.4125699659209169,0.0049696154444209,0.523909797627505,0.0041837434937403,0.1035112598321643,0.0004836160987732,-0.2355282996908818,0.0014483669073576,0.7874813189367587,3.98571112822637,33.921718758404886,0.0055728334939865,0.0
8,2Item3,Easy,0.7442852196307,0.0157141742322897,0.4369153946669556,0.0143843298573403,0.5198061780695247,0.0085174948427613,0.1023391637308927,0.0012676024999341,-0.1944485928339756,0.0015790631559896,0.8405335922631638,4.269246586470596,33.92407979396699,0.0055197279487014,0.0
8,2Item4,Medium,0.9464411176022256,0.0106056413202345,0.633379623622179,0.0078009113873655,0.7029851672968426,0.0023841534735972,0.2011773681392339,0.0017995639663936,-0.1856204209648033,0.0031411620422104,0.9009844760639912,3.148348549998288,33.823894945794734,0.0029728096485778,1.0
8,2Item5,Medium,0.8840799153535354,0.0394890377478363,0.5124092379725289,0.0557090983064099,0.5988199277373738,0.0208559363290908,0.1748291448971861,0.0032007413306365,-0.1706292272296176,0.0006888243422919,0.8556969441743648,2.9308975192685778,33.89733462552756,0.0079572082066025,1.0
8,2Item6,Medium,0.8968747869819651,0.0273710511385458,0.5039585459393139,0.0241051466355437,0.5879661245369299,0.0089800277290991,0.1538602335858209,0.0007879277355345,-0.1748291870958748,0.004270125298657,0.8571202791928556,3.2754094985090267,33.91622744363988,0.0054969970941051,1.0
8,2Item7,Difficult,0.9325132707810436,0.0359040473617277,0.5905978518315721,0.0204604722238106,0.601993112293428,0.0022251577409277,0.1465245925059445,0.0008381609581209,-0.2339766823801189,0.0019126414341731,0.9810691496326444,4.030680522978343,33.82737455232124,0.0145739706879379,2.0
8,2Item8,Difficult,0.8678240167697864,0.0396667740602792,0.4622774879093279,0.0436668540616614,0.5881386987658604,0.019475862545661,0.1971729097690012,0.003094684172804,-0.1809090899890075,0.0021659281373631,0.7859994638677867,2.3445165156531527,34.5329302999966,0.051051961902724,2.0
8,2Item9,Difficult,0.8489261580461616,0.0142895454847808,0.5115811097590337,0.0099768545381538,0.5970302280785903,0.016991835073833,0.1068890871141628,0.0070364814235297,-0.1952343546295996,0.0011703203971882,0.8568749601347345,4.78604820681496,34.468969220408866,0.010557468964065,2.0
8,2Item10,Difficult,0.9146828286157688,0.0266105461214181,0.4728338726186741,0.0223664552238465,0.6307851247318587,0.0213811550126507,0.1313089266334285,0.0035279951074173,-0.1830033783068141,0.001787881890465,0.7495945996270469,3.6008996786561407,34.19921563103956,0.0157812433772545,2.0
8,3spl1,Easy,0.6155001399318323,0.1008572303911069,0.177439490631017,0.0797116072020784,0.3925818134131405,0.0599506432581474,0.1118596813918866,0.0121447369701362,-0.2867434590482663,0.0028040661598427,0.4519797723398704,1.586254333722367,34.05514457463584,0.0122597084993183,0.0
8,3spl2,Easy,0.5135803026154282,0.0998251626724336,0.2012499774285433,0.0933451185732753,0.4530772865180609,0.0373445379501732,0.0792187055265748,0.0040283782285254,-0.3332097597299459,0.0064138175836018,0.4441836729258509,2.540402998102949,34.13395999645081,0.0134306268712497,0.0
8,3Item15,Difficult,0.5038075397342234,0.0295569608664635,0.2024142606048841,0.0306377124748709,0.4165980095128425,0.0343039551998229,-0.0220374125657062,0.0062442918419411,-0.3563261881119114,0.0026390949594688,0.485873120153552,-9.185445226229222,34.358860229506995,0.0123709926451516,2.0
8,3Item2,Easy,0.6332943361691691,0.0592302938258414,0.3892339528073574,0.0393547333985002,0.4897420813451953,0.0142795532646292,0.1235919961919419,0.0059451723367984,-0.3205157444776591,0.0042207837726658,0.7947717234478009,3.149320469607119,33.94686111175264,0.0040084295928669,0.0
8,3Item5,Easy,0.7494573661890415,0.0149781275711532,0.4534360055508352,0.0065865885454056,0.5676604799151577,0.0069593501465016,0.1091516758486575,0.0023250821025868,-0.2775148500863706,0.0025889388113564,0.7987788877600175,4.154144660452793,33.73544244227971,0.0033737943579754,0.0
8,3Item12,Medium,0.8346784126707111,0.0118492026742812,0.501988331955982,0.0037442375343655,0.6190747358205416,0.0060787254010369,0.1396152911852426,0.0041491557420114,-0.2302972661542042,0.0035886068662755,0.8108673994315599,3.595485367033169,33.76815263166638,0.011348204333735,1.0
8,3Item6,Easy,0.7211146176651406,0.0126754490772662,0.3973611404271746,0.0035605618341412,0.5255993343158928,0.0079043484117672,0.1128571619341465,0.0015171941156983,-0.2308431864952583,0.0007595114960527,0.7560138654484858,3.520889704539379,33.69684584301156,0.0022119441407379,0.0
8,3Item8,Medium,0.7163171841742557,0.0375892436947486,0.3530957355253513,0.0209218286523024,0.4969011997381539,0.0171421319053121,0.0635309265988453,0.0062489547388152,-0.2997513295037033,0.0047258477021536,0.7105940277813575,5.557768423345262,33.56471384019812,0.0070129321345032,1.0
8,3Item7,Medium,0.7203320893248466,0.0216066794647909,0.3638699582746524,0.0158221680080432,0.5386720995683656,0.0113747716139756,0.1033219655593047,0.0046694462109913,-0.2969453445247955,0.0015850805157522,0.6754930932437845,3.521675518167357,33.54085487279168,0.0081904392902305,1.0
8,3Item9,Medium,0.5235910628145884,0.0546713317220047,0.2834999106833049,0.0312363508543878,0.424795241596846,0.0111250847752644,0.0148873535350706,0.0055222168248354,-0.3626840638189357,0.0025686566287392,0.6673785757086835,19.04172345286534,33.41278826223441,0.001919238550826,1.0
8,3Item17,Difficult,0.7406995321224558,0.0066466977283009,0.4117801598358294,0.0075355257704176,0.5686552409892299,0.0097959232524924,0.0774220909472523,0.0052340000300887,-0.3013956272182665,0.0039054583636901,0.724128445542952,5.318570400610476,33.57279713172037,0.0193370233306864,2.0
8,3Item19,Difficult,0.7996592244017756,0.0108413954558084,0.487157334783526,0.00849141795781,0.4830752277062746,0.0076859952996863,0.0729311441418651,0.0048018910938397,-0.2737803414955098,0.0027875484367965,1.0084481637538432,6.679597048949008,33.32173107037855,0.0065237430651674,2.0
8,3Item11,Medium,0.8472905303606912,0.0167187661209681,0.4776782795510925,0.0170355189770404,0.4897241111682811,0.0158267042813938,0.0523140245565154,0.0039669547685408,-0.3363160900353402,0.0037680689902752,0.975400829276551,9.13080484240356,33.464836481005634,0.0150486441902494,1.0
8,3Item4,Easy,0.6046559556224131,0.1000294576811716,0.2562408507452431,0.133885831046225,0.3263972352608507,0.0539385903270836,-0.0082927970607638,0.001006106705772,-0.3649918671494271,0.0088282118829539,0.7850558706007118,-30.9029332082612,33.484304420265005,0.0019894339578491,0.0
8,3Item13,Difficult,0.9334916173005116,0.0110596991910882,0.4850675605964833,0.0096698874808699,0.5098629043456947,0.0104155678256504,0.0672051903597826,0.0102733651202879,-0.1792295354209612,0.0154805180791885,0.9513667401479764,7.2176023964416895,33.44701557304529,0.0010274263599955,2.0
8,3Item10,Medium,0.5744625467559673,0.021278848216702,0.2907734949606855,0.0125592049244634,0.4729591261776068,0.006488724173961,0.0495659498822236,0.0030697313337168,-0.3272878523843012,0.0030571389207432,0.614794945423145,5.866277744577678,33.5416732069152,0.0115840023461468,1.0
8,3Item14,Difficult,0.6999704669371949,0.0220921892685333,0.3558275969891757,0.0116266292113512,0.5434077397132556,0.0058758902462246,0.0807331034711791,0.0054104628806047,-0.3136365224996592,0.0047768321741783,0.6548065406105501,4.407401354449931,33.46489159360287,0.006675104273799,2.0
8,3Item3,,0.7271406209631821,0.0055363644850368,0.3770937510781394,0.0099976554510334,0.5387831112292899,0.0050436042785548,0.1057876298124589,0.001774982172835,-0.3019705147736686,0.0053830645858328,0.6998976829843074,3.564596230678549,33.31083820822626,0.002388931420902,
9,1spl1,Easy,0.8217820399193586,0.1238407765367116,0.5112418743407218,0.1529283349545964,0.6304696416302684,0.0304093202987533,0.446986820185938,0.0038309025986716,0.2431571971813931,0.0058650318307721,0.8108892636439892,1.143749004453981,2.484654269310826,0.0004669290246952,0.0
9,1spl2,Easy,1.0074451893200536,0.032989785374172,0.6780848894040731,0.0176157346426565,0.7549147474831962,0.0160271527475758,0.4490153858345203,0.0056948920311733,0.2542550521802415,0.0038486734117509,0.898225916818839,1.5101562232385284,2.438116236205408,0.0021319217173791,0.0
9,1Item1,Easy,1.044927405145747,0.0412848603558738,0.6854006423508205,0.0282850527701592,0.7563859987246879,0.0293152025413763,0.4676469874560795,0.0022389962554142,0.2408709181102288,0.0027183866445087,0.9061507449314248,1.465633683316539,2.321870476837364,0.000353566831061,0.0
9,1Item2,Easy,0.913419082475104,0.038599441958961,0.5965798779339605,0.031954603366542,0.7036019900899999,0.0096262406018074,0.4948585367260995,0.0061979974699799,0.2461617893987178,0.0067611609010088,0.847892755341546,1.2055539676588316,2.2107560161357624,0.0025322006073553,0.0
9,1Item3,Easy,0.9639277904731698,0.0976999510815307,0.5864771287151533,0.055007479709389,0.6860291760374999,0.0304216686090578,0.4922789051315789,0.0041631519543225,0.2199548080900487,0.0045437754272581,0.8548853231247588,1.1913489106535782,2.051888370381521,0.001151889627124,0.0
9,1Item4,Medium,0.9731671245826008,0.0576751757880422,0.6400439968739071,0.0571482384566994,0.7643279591586081,0.0262876049085036,0.4681462682426739,0.0061988237321508,0.2484077707907875,0.0048161407229023,0.8373933621179068,1.367185157945057,1.951613343921036,0.0006041802051452,1.0
9,1Item5,Medium,0.9192734292720716,0.2102849935691358,0.5616690811299329,0.1272317977892758,0.6958481067470419,0.0644555565643935,0.4807565505554622,0.0055459122778676,0.2449653807089281,0.0034425073650458,0.8071708013762146,1.1683000724190111,1.8328430273208185,0.0018383639057948,1.0
9,1Item6,Medium,0.7778128700889578,0.0721217776958842,0.4834972554097385,0.0644211629243532,0.6010740511608953,0.0276435508518525,0.478701048158659,0.0041123331646753,0.3115247441562065,0.0025293039075902,0.8043874961636303,1.0100171020147592,1.690584228125756,0.0016906290331799,1.0
9,1Item7,Difficult,0.931685657576122,0.1399198517805873,0.5895068253141882,0.1128149131874597,0.7030710066061706,0.052375583811567,0.5220767107592496,0.0049873420917832,0.291217211273977,0.0066990115656408,0.838472901459727,1.1291553214498995,1.5793265875585796,0.000515207036356,2.0
9,1Item8,Difficult,0.8980792001181596,0.0972423705969443,0.5922748621163342,0.0731238067752097,0.7165736806307792,0.0313715735104871,0.5529433781358586,0.0061522219233948,0.3678090859002696,0.0085421319406955,0.8265361282301691,1.0711291868326258,1.5742273712824826,0.011726948002811,2.0
9,1Item9,Difficult,0.8842475373815875,0.0824482423220258,0.4976941926349245,0.0514758431049426,0.6365676301035775,0.0306302957736366,0.5979217903377423,0.0058134047976778,0.4962978202977079,0.0132555885581382,0.7818390179766532,0.8323720063485074,1.719337731759494,0.0018583657631452,2.0
9,1Item10,Difficult,1.0242133155505313,0.0993399471517006,0.6068518787595822,0.0725566085693612,0.7292273207317554,0.0398354728852284,0.5431762023573928,0.008556158239121,0.3176254496241603,0.0133067551122038,0.832183640578615,1.117226341838061,1.6333068758813691,0.0011062821559501,2.0
9,2spl1,Easy,1.0323178066074432,0.1936556639227762,0.6663492428989171,0.1188171416699347,0.6467811884483179,0.0241162314731453,0.5797801501030277,0.0032056676767994,0.4116805578825899,0.0031634157773001,1.0302529271833258,1.1493116717928928,1.4708259244942656,1.3759618293441927e-05,0.0
9,2spl2,Easy,0.9830636860370968,0.0243352601303189,0.581078736533871,0.0286014228077584,0.702638702975672,0.0227984368473619,0.5628317114690862,0.0016860937515995,0.4256697259091397,0.0034089074225975,0.8269938833131809,1.0324182029455249,1.4516956011208884,1.63087225976806e-05,0.0
9,2Item1,Easy,1.119804788484653,0.0305869615935333,0.7763911156152083,0.0218927252635647,0.8314646809319445,0.0076519798339402,0.5125782366333332,0.0043356381302786,0.30666254867375,0.0017994587664428,0.9337620703057689,1.5146753128640469,1.4264422925809064,9.932023142465244e-05,0.0
9,2Item2,Easy,0.9477326235501192,0.0132881815226087,0.5725788253366229,0.0293153417822438,0.7055396306636039,0.0076530705138624,0.4719150150644391,0.0057759071245968,0.3347034027343914,0.0069839962969085,0.8115462107378246,1.2133066203706573,1.389444281804601,5.416007541909106e-05,0.0
9,2Item3,Easy,1.0097842198433622,0.0119808666507114,0.6895632110152884,0.0152419681361426,0.8046052821417493,0.0081844242798777,0.5536169316098015,0.0019585107182963,0.3254816137239453,0.0023083394247016,0.8570194221946262,1.2455579410337871,1.3686683686683685,1.6381809121277463e-05,0.0
9,2Item4,Medium,0.7007007110792602,0.1039125621767133,0.4536744011171925,0.0664672438153091,0.6037733309860841,0.0261350590047303,0.4848343684227268,0.0033634780250729,0.381431522584235,0.0041551105152979,0.7513972983519381,0.935728766226549,1.319217440175228,0.0004414546033514,1.0
9,2Item5,Medium,1.122380322904185,0.0279300607623537,0.7854282972687776,0.0220752168044025,0.8255783675633261,0.0118522332175466,0.5909007913802863,0.0020046598747624,0.3633705169805887,0.0117333719193298,0.9513661897667656,1.3292027689306831,1.2814387951230055,1.969821311238585e-05,1.0
9,2Item6,Medium,1.016203872100423,0.0617008278533312,0.6666951885198678,0.0388860459485455,0.6928209703213236,0.0230392529644112,0.5192448314005529,0.0059548453548612,0.2836106722218204,0.0030030209052156,0.9622893283979742,1.2839683021076975,1.258102011713237,9.45449870270826e-05,1.0
9,2Item7,Difficult,0.9191115927705964,0.0877567612240099,0.6101999460227976,0.0620791925762505,0.687070995616358,0.0350213670007873,0.5577725615619906,0.0042467445030723,0.3468076250872328,0.0041443261363888,0.8881164563771805,1.09399223640861,1.22415136148671,0.0001082774430032,2.0
9,2Item8,Difficult,0.9031016720660338,0.1011139067713588,0.5556625462148351,0.0898643831104939,0.6508017139058329,0.0448213040962007,0.4854002391667045,0.0123610506084003,0.3005178307132788,0.0138498531417085,0.8538110464844129,1.1447489239391917,1.2045665226498357,0.0006359642064233,2.0
9,2Item9,Difficult,0.979827188557464,0.0401662572462566,0.6071899185246215,0.0347751477735015,0.6998296475032915,0.0205182511344583,0.5984545320460304,0.0036397147701162,0.4352916588983406,0.0189675061256051,0.8676240754685807,1.0145948796708912,1.153703080048689,9.58874165910342e-05,2.0
9,2Item10,Difficult,0.7382005087875319,0.1452989819171749,0.4676531847989948,0.0974364722805063,0.6260005421938447,0.0491222901866777,0.4946634668967296,0.004653181921414,0.3270708925046502,0.0051186247954567,0.7470479755690179,0.945394739454019,1.1041574026422512,0.0004611699984145,2.0
9,3spl1,Easy,0.8098727860014409,0.0553187378843163,0.4302449353817723,0.0526172119868926,0.6698013368274497,0.0272322880338897,0.5291829076152739,0.0152596651594326,0.2828656603353043,0.0058257997817558,0.6423461247084441,0.8130348054623159,1.0785294262058458,1.7809292966446026e-05,0.0
9,3Item15,Difficult,0.7734921141898726,0.0507179990441796,0.4741156261148644,0.0335991592365063,0.6357369200418533,0.0171707074232349,0.4520831860327163,0.0023526779665507,0.2430124020936866,0.0058647947696956,0.7457721352906734,1.0487330474341203,1.1084431196727658,0.0001859698198764,2.0
9,3Item2,Easy,0.9735006818375778,0.0884933680467673,0.6759398651206281,0.0582646398034419,0.7966602478985568,0.0217093478750652,0.5224374549929258,0.0064328122907876,0.2840140709616015,0.0009063223609427,0.848465852837239,1.2938172116939224,1.11489385030769,2.75561449683168e-06,0.0
9,3Item5,Easy,1.0098901473705326,0.0127540452739908,0.7272349795660102,0.0019370737141346,0.7703198436050329,0.0032658707191842,0.5438259951932896,0.0028046610918,0.2383073362572975,0.0013138281454911,0.9440676383136868,1.337254284899066,1.114115100129086,1.0870495714502013e-06,0.0
9,3Item12,Medium,0.9776316517183996,0.0425806598940536,0.5974192621255096,0.0490036908475882,0.6272210805246751,0.0310365268304571,0.5282167790137615,0.0039594001812165,0.3196868156109645,0.0140459947241145,0.9524844240588034,1.1310093788227926,1.1060215205669748,2.0474717992745527e-05,1.0
9,3Item6,Easy,0.9209291377107622,0.0413518522877809,0.5910536995116342,0.0591605046771293,0.7035579224387145,0.0384296877603032,0.5034427522371698,0.006150840638893,0.3337514445867837,0.0068685120083817,0.8400912569808531,1.1740213219156044,1.0942973064546364,2.253560237710048e-06,0.0
9,3Item8,Medium,0.751845514580906,0.0640589086839934,0.4388811229253047,0.0537468797431542,0.5916030380914962,0.029551509012999,0.4889697888774855,0.0112857639285257,0.3256771955520365,0.0029787046264201,0.7418494375750496,0.8975610259517341,1.0839488909933015,1.4448737329165002e-05,1.0
9,3Item7,Medium,0.8822908351997588,0.1718805989683693,0.5105580089289925,0.1225045610900621,0.6846947436666533,0.0723406342696576,0.4584648392296356,0.0033188409928684,0.3570578121772508,0.0065231763988482,0.7456713637430753,1.1136227942018273,1.0753758712942387,9.189165138818928e-07,1.0
9,3Item9,Medium,0.931159051878104,0.0733299739618252,0.6271920343252775,0.050574033160086,0.6989040064556392,0.0428057067857434,0.519431754520555,0.0041705345930074,0.3387825904893627,0.0030718155938423,0.8973923902848541,1.207455688665968,1.0623197198539662,2.981453503788728e-05,1.0
9,3Item17,Difficult,1.1425944540157602,0.0169572182027855,0.7459464990366039,0.0208595047680191,0.7896674704288474,0.0171907039103444,0.5617480907121446,0.0066742863364661,0.3893208809368819,0.0017989789163258,0.9446324970167552,1.327899789016031,1.0468690779571608,1.9663614979575925e-05,2.0
9,3Item19,Difficult,1.0028651166197746,0.0473520212850714,0.6677880033202066,0.0429889406851452,0.7565396013086029,0.0225666222489288,0.5298246503503499,0.001967958164787,0.3837645431441627,0.0047758329062594,0.8826862724421145,1.26039198532315,1.0283993783993783,3.8970475100265154e-05,2.0
9,3Item11,Medium,0.8492961653658867,0.0376217085577068,0.5455815164209217,0.0298686835915435,0.6817857628781117,0.0201372979848759,0.4855804490652612,0.002210899824085,0.3957054104401277,0.0074268535642712,0.8002230992543625,1.1235633434332386,1.0132137901107323,1.078646531121854e-05,1.0
9,3Item4,Easy,1.031782238536726,0.0275020678398464,0.6746216547675189,0.0316520570662821,0.79186335528442,0.0120932693568895,0.4900401314251894,0.0077690694029976,0.3756450239825521,0.0012537583773969,0.8519409293593091,1.376663327842528,1.005008063831593,2.9173399043041185e-07,0.0
9,3Item13,,0.9701986326496764,0.0120484885635568,0.5814687349700648,0.0238786170924417,0.8583799476678803,0.0107197699674991,0.5885402011812297,0.0029547417043352,0.3179821442283455,0.0004327861219152,0.6774017253642998,0.9879830567563151,1.0054025835275833,1.5715044150664861e-07,
11,1spl1,Easy,0.6556034076118943,0.0138861019413532,0.5136079918487533,0.0136945050260453,0.6078513041932732,0.0043911577656722,0.2324201892976599,0.0040448376639877,-0.1501823129199339,0.0008749565089061,0.8449552437419833,2.2098156945190555,8.269459912329493,0.0201562327685712,0.0
11,1spl2,Easy,0.7215986373346192,0.0150351675893663,0.6090765691078646,0.0054298904264358,0.6952651635767341,0.0185183124458898,0.2316780395632167,0.0033804970317866,-0.1550135965201938,0.0053814338469982,0.8760336702918564,2.6289670841874746,8.49620318606188,0.016106295007885,0.0
11,1Item1,Easy,0.7239276883595396,0.0133625093349754,0.5495454736547773,0.0134982276554308,0.6092510264279266,0.008316150198318,0.2511668181430158,0.0015164337331105,-0.1504029010593319,0.0030051928859238,0.9020002393373862,2.1879613308655026,8.458258985177684,0.0174479012845697,0.0
11,1Item2,Easy,0.6267668115937737,0.0501124444185792,0.4269474745734354,0.0294395257262266,0.532975418092508,0.0248002519613686,0.2487121599165744,0.0033183656934919,-0.11544734381675,0.0054609937538666,0.8010625987946256,1.7166259908267252,7.917251757328332,0.0449569941660374,0.0
11,1Item3,Easy,0.5035861370102257,0.0894105104518744,0.3856235736811869,0.0346299461090065,0.53306690125378,0.0196594109599142,0.2644054568400272,0.0023742803572641,-0.062645742611729,0.00557348218419,0.7234042281934386,1.4584499118888736,7.081712503282387,0.1580217498156931,0.0
11,1Item4,Medium,0.423600817598302,0.1050710774970486,0.3437787833036697,0.0465718970161086,0.4625706082313198,0.0222287348491303,0.3037931455512308,0.002936550853051,-0.0035278771084035,0.0062910690709641,0.7431904102764453,1.1316175388432428,6.978477336294334,0.0261407139132247,1.0
11,1Item5,Medium,0.502030492210846,0.1577647692217239,0.4185776919233722,0.0509952235207684,0.5400257129737487,0.0331642440150408,0.3184053566390891,0.0065927322597516,0.0233171315622711,0.008534230552308,0.7751055306475547,1.3146021842705435,7.1675113378383495,0.009743863721557,1.0
11,1Item6,Medium,0.8134435037556589,0.0281754459641305,0.5633785023812122,0.0132923451044241,0.6707472627510941,0.01036293451997,0.3469791870891411,0.0011248823316426,0.0800934635872107,0.007038021618606,0.8399253992406904,1.6236618785281745,6.961461308496289,0.0048512873730721,1.0
11,1Item7,Difficult,0.5455781611140763,0.0996972976502046,0.4860730993689778,0.0251671349983612,0.6332169006348869,0.014567413864347,0.3651396662297863,0.0027233560016462,0.0266721723034457,0.0060155885780067,0.7676237498681316,1.3311940967514355,6.922752917531678,0.003251410916912,2.0
11,1Item8,Difficult,0.4206620166943217,0.1284095422183994,0.3613727744555734,0.0347030400025523,0.523656243319874,0.01607282103499,0.3433906499690909,0.0055550903558544,0.1150953177085062,0.0032695033756789,0.690094100798736,1.0523633131093928,6.993867064942573,0.0130687631148988,2.0
11,1Item9,Difficult,0.3993043418267002,0.1033621223940499,0.3225665215296779,0.0384803501855789,0.4579193812115367,0.0275120581690566,0.3082246240812419,0.0035742184797477,0.0518896439853603,0.007710131436869,0.7044161709427563,1.046527271998178,6.944495695272,0.0146701578379792,2.0
11,1Item10,Difficult,0.4359990661922184,0.076630244536231,0.3438688685578744,0.0331660989859144,0.506965179180731,0.0256634812020007,0.3703476404238884,0.0136294351840943,0.0902073443672735,0.0299158927213733,0.6782875913213271,0.9285004210202956,6.782836056076049,0.0109749313897497,2.0
11,2spl1,Easy,0.9418346955156658,0.0146757020241736,0.6703225387367168,0.0111104681321091,0.7531733356376469,0.0082117283308934,0.4144999116794549,0.0084865920653187,0.1006129179224869,0.0171597818556238,0.8899965214152089,1.6171798899566616,7.827072664788124,0.0012896620545804,0.0
11,2spl2,Easy,0.7417927837575581,0.0369072749572876,0.4771573697755813,0.0226811497305422,0.6323127883197297,0.0060120482797471,0.2632292558417209,0.0015468414088183,-0.1768759790290988,0.0037465109079801,0.7546211684605975,1.8126995631630345,8.328060212760878,0.0054636906088092,0.0
11,2Item1,Easy,0.7262096128313841,0.0383795360378109,0.5456790886705652,0.0089291322365257,0.6659382745297271,0.0103266895379287,0.2933496158506334,0.0013048463941946,0.0605872344359649,0.0005663475778579,0.8194126845212918,1.8601600241685223,8.346767368552511,0.0096995883381753,0.0
11,2Item2,Easy,0.8347786518367383,0.0160257696713574,0.6002653915838745,0.0257303366213043,0.7122985076327982,0.01137649821277,0.4144352549244983,0.0034321930475305,0.1656225180935626,0.0053595960702984,0.8427148764692406,1.4483901551837697,8.740916923607012,0.031803550667382,0.0
11,2Item3,Easy,0.7672734328209007,0.0191194278359584,0.5907451830876287,0.0200838034421814,0.6888542914051471,0.0171047399573166,0.3943798731295955,0.0004488546752578,0.166185748915239,0.0039508304670558,0.8575751546926633,1.4979052569152025,8.948978204545543,0.0114986041105693,0.0
11,2Item4,Medium,0.8219319041401151,0.0312259430531724,0.577686996149549,0.0083992848758775,0.7164142795455853,0.01907621933411,0.4424533533779271,0.0028806506120521,0.0785260653989889,0.0043481363238039,0.8063577266469941,1.305642021011174,9.1107498773004,0.0254130832924456,1.0
11,2Item5,Medium,0.6073979590276921,0.0881028719867575,0.406385587710684,0.0422563504092596,0.5406214597531984,0.0204725425483497,0.3645573842616391,0.0057229127002287,0.1142114134644961,0.0201535908981013,0.7516994168096617,1.1147338951859798,8.264129192706013,0.0936828963895351,1.0
11,2Item6,Medium,0.4582007780455453,0.073369202902365,0.3621992393173283,0.0351682566170391,0.5182725591169718,0.0124841702536269,0.3845412305903538,0.0033865191231336,0.1108691984222459,0.0030570033478212,0.6988572597344903,0.9418971715051316,7.579630569222119,0.0879735820126156,1.0
11,2Item7,Difficult,0.6123050567469107,0.1178739115668931,0.4113183689491128,0.0597630182773409,0.5619883160358106,0.0327306844098755,0.3801146614569426,0.0049014584680638,0.0870127352310527,0.011059375537996,0.7318971325833945,1.0820874030093195,6.790599282450467,0.1229816422449227,2.0
11,2Item8,Difficult,0.5270013934671683,0.0949988941030098,0.3927786938911997,0.0465307142852076,0.5368620841987771,0.0190755570338534,0.2996699905003415,0.0051115326016217,-0.0035232606474919,0.0053486189594364,0.7316179961924347,1.3106997552062087,6.275806049769904,0.0510485753623721,2.0
11,2Item9,Difficult,0.6261882211886595,0.0734704091808243,0.4480476715013375,0.0481532539019662,0.6304930103415237,0.0441686880544134,0.329180821827873,0.0021667575998774,0.1054848352131172,0.0031314752877216,0.7106295446940736,1.3610948168809236,6.76617669994801,0.0038895613427473,2.0
11,2Item10,Difficult,0.3992772971180724,0.1342153732810767,0.3489368504005236,0.0880645762637037,0.4884029636552054,0.0183387687665416,0.2720527987428131,0.0042697035843397,-0.0329794780084114,0.0166090027582171,0.7144431175150325,1.2826023823706727,6.651902118643823,0.0120104723206886,2.0
11,3spl1,Easy,0.8436375124677418,0.0065590824880811,0.5733813318593318,0.0032522377881829,0.7188896349124424,0.0028856869001549,0.337032688075,0.0049827907146496,-0.007537982806129,0.0024444900238448,0.7975918783935293,1.7012582188274823,6.677993052141243,0.000124415057518,0.0
11,3spl2,Easy,0.6174064460367701,0.0126893283096293,0.4482203009570916,0.0073825711481767,0.5013072125308574,0.0050892460875945,0.3078154343547117,0.0064385731844356,0.0376015941443459,0.0024909573040592,0.8941012529881542,1.4561285588819006,6.96827518055071,0.0182510396703176,0.0
11,3Item15,Difficult,0.6694851772085313,0.017403516018415,0.4283926680545857,0.0120752266209398,0.4983439782835661,0.007543186435677,0.331128807138995,0.0021020163520715,0.0480621668430138,0.00325471632647,0.8596307512319781,1.2937303100435282,7.211094235484478,0.0143618383058386,2.0
11,3Item2,Easy,0.4849715245646492,0.0106719769443665,0.4398865453342503,0.0061098125256962,0.6045740430766747,0.0119814458031386,0.3345577330098693,0.0008121212078185,0.0073741806757221,0.0021332518955087,0.7275962684395196,1.3148260736666346,7.116060995386208,0.0017758582957069,0.0
11,3Item5,Easy,0.8051642944715809,0.0067181694558447,0.5202969308485791,0.0025336132323513,0.6445327401099912,0.0122956548068692,0.3277273960656527,0.0006369364626142,-0.0062733845593916,0.0002564966266318,0.8072454527513008,1.5875857481215931,7.094772921743045,0.0021749304427074,0.0
11,3Item12,Medium,0.7184513449112426,0.008004732167444,0.6147302336335059,0.0093682752628514,0.5403076248546783,0.0028045568282613,0.3399070933284948,0.0008241025266886,0.0160250728265465,0.0032782852131209,1.1377390723659908,1.8085189664472527,6.961298962136183,0.00126519699578,1.0
11,3Item6,Easy,0.2553739581678571,0.0805173035377331,0.2324736509432142,0.0365081183397294,0.435247195255,0.0128492156174808,0.284259883833,0.0002998101085645,-0.01849178318875,0.0009500599855624,0.534117437998828,0.8178179417741832,6.858007435952757,0.0001488351267518,0.0
11,3Item8,Medium,0.6317967165126007,0.0522252112401955,0.4159723042264097,0.0195695529662253,0.5907979224115003,0.0195875434656558,0.3105145203961838,0.0020052290582946,0.0186805678492304,0.0039879849100975,0.7040843990177063,1.339618398770131,6.777918259004909,0.0051777542431239,1.0
11,3Item7,Medium,0.6527235613483068,0.0390905322200879,0.5075815014756375,0.0179804017153673,0.6041765823644422,0.0073227677583567,0.3147694692424402,0.0024438680168515,0.0280721314413247,0.0017264712977062,0.840119720247188,1.6125448575186758,6.646291930512936,0.0006030019606029,1.0
11,3Item9,Medium,0.9202687372379454,0.0058441977473973,0.645802480689726,0.0070923617688843,0.6029949934433962,0.0171967043020602,0.3404487085428196,0.0008581039127332,0.0129552960311844,0.0017109119062125,1.0709896710952989,1.896910070664669,6.596125129226173,0.0001417206604905,1.0
11,3Item17,Difficult,0.5457369794051936,0.1784988690574293,0.4457563023697434,0.1556805071741814,0.5554974481492455,0.0812421304355644,0.3138809069953345,0.0043053581494244,-0.0516624044271755,0.0018404600006869,0.8024438301400659,1.420140162383967,6.581447511990606,0.0019439426195075,2.0
11,3Item19,Difficult,0.5337478440160041,0.063174673263761,0.3704107598053153,0.0222382426720843,0.5350033996562178,0.0126718649914958,0.3726275220086824,0.0066197370756001,0.1076965087083388,0.0178226583234491,0.692350866728074,0.994048329442384,6.273008324686662,0.0196285629169158,2.0
11,3Item11,Medium,0.7261883691505182,0.0652828212881856,0.5160344576729161,0.0382880532982708,0.5630754574005663,0.0171867074474173,0.4003796087160611,0.0026999854537002,0.1356248623486108,0.0121443546678444,0.916455395871426,1.288859766030461,6.097029614771205,0.0075524510842624,1.0
11,3Item4,Easy,0.7098983523230984,0.0480240534120302,0.5960958421589322,0.0200760241251922,0.5914068180411375,0.0087094806186444,0.3853609413877354,0.000347771990404,0.1902114235405303,0.017172204757513,1.0079268889838526,1.5468466865521755,6.250678766150188,0.0024475075505506,0.0
11,3Item13,Difficult,0.8155024817222106,0.0287607901220913,0.5472455046589285,0.0396238016350558,0.6617262067863661,0.0249502355532107,0.383030620679171,0.0078052984169525,0.101767861696585,0.0233579988806986,0.8269956245513762,1.4287214817632612,6.615968423319214,0.034752187309534,2.0
11,3Item10,Medium,0.9393816655726744,0.006061427733674,0.6351503971261628,0.0100682636321267,0.8111490577616278,0.0099282703390939,0.383408202309593,0.0029083475426467,0.1563360088486628,0.0005781316611001,0.7830245354094693,1.6565862094600832,6.849955087043313,8.253847898508421e-05,1.0
11,3Item14,Difficult,0.8695037067012029,0.0348139965274598,0.6197979975718907,0.0131948839474174,0.7300022691572629,0.004842137835888,0.366708204976322,0.0036314653670992,-0.0187593120596345,0.0074184524727101,0.8490345506087988,1.690162093454704,7.6388993286814255,0.2923566842809353,2.0
11,3Item3,Easy,0.5426122514929603,0.0265297649692552,0.3717793128955538,0.0302269987619301,0.5529149673043994,0.012603619969522,0.3082624491778276,0.006859344262079,0.0286634056170046,0.0090968990157435,0.6723974977754195,1.2060440960066137,8.107412548621138,0.0158402120474149,0.0
11,3Item20,Difficult,0.2302696068848045,0.0102813653668843,0.1006958430764824,0.0090863169480528,0.3675475623490566,0.0014394080894689,0.2345730267538746,0.0020323446703226,-0.1122087412755391,0.0044138436220833,0.2739660915360969,0.4292710683699733,8.416696553201252,0.0210415439860197,2.0
11,3Item18,Difficult,0.113952263728395,0.0073382887855386,0.0451059738888888,0.0010315165197051,0.2509462856481482,0.0020536224570602,0.2299868584640432,0.0001593223879979,-0.1363495345447531,7.743326893898916e-05,0.1797428243640448,0.1961232831599275,8.574088471073773,0.0001310612985892,2.0
12,1spl1,Easy,0.7614930855220668,0.038108452097488,0.3991345180974165,0.0755160751429482,0.4793771383288482,0.0497102725694648,0.2887632775301399,0.0012310541170818,-0.0366845294604413,0.0012327335036334,0.8326089284939703,1.3822157003327973,20.33498366120967,0.0013001909958235,0.0
12,1spl2,Easy,1.07160540653298,0.0926077365445587,0.8405598074470074,0.0906566718827624,0.8411159145361222,0.0277024295277395,0.4531553303216957,0.0062626992925608,0.0786461946294429,0.0060025481831373,0.9993376579646812,1.854900287612211,20.661074743394728,0.0308339584056707,0.0
12,1Item1,Easy,0.9983193057622454,0.0345037666115625,0.7847224068041829,0.0140668313762184,0.6817939935596012,0.0049624534185864,0.4556392061725183,0.0037741215297567,0.139726495131296,0.0119976635060711,1.150965340339631,1.722241356609045,20.38215590822924,0.002971633941982,0.0
12,1Item2,Easy,0.9346949863181816,0.0293606190460199,0.6073075547974346,0.0407136491293384,0.6512338377552515,0.0720697220965718,0.5012042350120524,0.0063803474829976,0.2264339465471591,0.0140913973794907,0.9325477072000168,1.2116943566697398,20.221536884125577,0.0011836298282183,0.0
12,1Item3,Easy,1.001975573449089,0.0499332097316821,0.6587862238839765,0.0215324192981972,0.7502670053515541,0.0089791024418338,0.5527205795541265,0.005052625832427,0.2714696456569668,0.0077840536548416,0.8780678626636732,1.1918952475411055,20.155743898990853,0.0048306237307396,0.0
12,1Item4,Medium,0.8571155335084497,0.0785563267285635,0.4949147115087988,0.0468303716273163,0.6452911471835893,0.0301553951175814,0.6309588527472066,0.002205034850559,0.2854539035408729,0.0029847939269031,0.7669622413179511,0.7843838389303762,19.928210490751585,0.0016829279644619,1.0
12,1Item5,Medium,0.9233882251833564,0.0499075546709091,0.6111873842457288,0.065192299941686,0.6367380921764917,0.012574186387187,0.7005874450773235,0.0108514360368761,0.3898898933513244,0.0086319829967241,0.9598709923032644,0.8723914711129334,19.72212177763369,0.0056650698884665,1.0
12,1Item6,Medium,0.8102363804535343,0.0783027044457197,0.5210833919736441,0.0711983735626295,0.5158765761938467,0.0532387365507577,0.792101146968312,0.0026486631554051,0.4216067088581657,0.0020144349557446,1.0100911844593166,0.6578487307073161,19.671542438418715,0.0008631011655523,1.0
12,1Item7,Difficult,0.7281475586171399,0.0322072119973223,0.5655944516039032,0.0296417506450431,0.5263343264394631,0.0251162764035327,0.8147434105083305,0.00407114087898,0.4788063276195619,0.0067064785150916,1.0745895690301066,0.6941986275806676,19.567205032238423,0.0008594623836908,2.0
12,1Item8,Difficult,0.838111692288836,0.017251945872221,0.6819737661680937,0.0247571584733022,0.7094268297296826,0.0138484729996435,0.859620570541799,0.0030989603546513,0.553445562462963,0.0018914167070955,0.9613011184350494,0.7933418489466962,19.493527769914632,0.0010968209701913,2.0
12,1Item9,Difficult,1.053582358641927,0.0084126367878027,0.7421855030742187,0.0160488959774778,0.778099339860026,0.018637054999182,0.8910586912389322,0.0023105656529662,0.5529224701354167,0.0030045912467866,0.9538429236616602,0.8329245620372319,20.64339870958949,0.2832337427203207,2.0
12,1Item10,Difficult,0.959185830422469,0.0266964558688165,0.5655787794544246,0.0175171238230489,0.6024338351957216,0.0163994877265555,0.8996271798246079,0.0008243763431806,0.5472302872688015,0.0056638626737849,0.938821506347117,0.6286805950928418,20.16771206942025,0.0247687968120548,2.0
12,2spl1,Easy,0.8366404796635997,0.0028585659319136,0.4803221958697527,0.0072956817524065,0.575117421694652,0.0025109283934114,0.8353382237262796,0.0022319868141855,0.5939504495184014,0.0007625918004228,0.8351709452366847,0.575002564499644,20.217613378184147,0.0126717643575297,0.0
12,2spl2,Easy,1.188002863009418,0.0217007003611225,0.890150769552654,0.0076794699933894,0.8126331160584331,0.0178562405780991,0.7885332579409247,0.0008088232713596,0.6413261418300514,0.0005621999058029,1.0953893664595382,1.1288675927372862,20.120018556118826,0.0033349507037659,0.0
12,2Item1,Easy,1.2314305433268735,0.0098201414953824,0.9879419850137596,0.0084221632900565,0.8607785977254521,0.0058617608303003,0.9965352309509043,0.0058083438416479,0.5671188513779069,0.0044560164682751,1.147729323074484,0.9913758821102332,20.20208957198884,0.0019816183337142,0.0
12,2Item2,Easy,1.2362788791355142,0.0128321446750853,0.9532206684732768,0.0199584642749441,0.8179634797216706,0.0118586429644719,1.0202076555403037,0.0118198012749643,0.655172280489194,0.0040061357607614,1.1653570443518892,0.9343389347823658,20.051732869132547,0.0006014226445546,0.0
12,2Item3,Easy,1.1333973944534614,0.0065321602050631,0.7848349363406758,0.0082378703273497,0.8003553667621729,0.005554538923459,0.9864862507692944,0.0038961360237166,0.6639862959912224,0.0071449376001446,0.9806068508153576,0.7955854834704009,20.06457022680253,0.003951691093707,0.0
12,2Item4,Medium,0.7709585868937456,0.0315610310410368,0.5085467181779078,0.0251787961339563,0.4801092409153045,0.0209957933580866,0.9770531606357538,0.002424315857785,0.5727015025516173,0.0056671231867611,1.0592290579105137,0.5204897933672422,20.007869139261352,0.000801456449646,1.0
12,2Item5,Medium,1.1548667451657548,0.0341527302772735,0.7779725487694721,0.0339472591631022,0.6906522538966043,0.0176760402388366,0.8395940050498872,0.0058880532189899,0.6887597085234953,0.0109616195099765,1.1264300057665986,0.9266045463470168,20.164295457062387,0.0041331552443548,1.0
12,2Item6,Medium,1.1516910290907412,0.0366265587046093,0.7771260599315919,0.012811099561504,0.7035277878605374,0.0080287606785076,1.0102907713467588,0.0047177108026726,0.6020286010092998,0.0046031811446807,1.1046115998960997,0.7692095313175245,20.47144364107671,0.011447750740481,1.0
12,2Item7,Difficult,0.9496737179636514,0.0023806931324181,0.5645507209761461,0.0052089596279251,0.4687884591924927,0.0133679236507578,0.91431870015696,0.0015547982851948,0.6401767781794713,0.0002368530362874,1.2042734961417558,0.6174543990239195,21.010110532968675,0.1038119172526303,2.0
12,2Item8,Difficult,1.0660088218810282,0.0375960183751972,0.715238199521986,0.0496454599099305,0.6784000233660198,0.0157177840641981,0.9178936912469036,0.0126989908854863,0.5955512520974401,0.0028637452113816,1.054300000865552,0.7792159670848285,20.95923800759152,0.0006637526305771,2.0
12,2Item9,Difficult,1.0678482571429615,0.019687882553078,0.6677250226049455,0.047546992532364,0.6287435501100272,0.0277956816515728,0.9562278859165696,0.007576629550589,0.6074566314880256,0.0043231270130037,1.0619973127211946,0.698289951746139,20.68325937800177,0.0171235230161876,2.0
12,2Item10,Difficult,1.0685648225839737,0.0225245432998015,0.7369730985876751,0.0281137803699542,0.6678543434560011,0.0151872640076081,0.9240109492299672,0.0054072946603072,0.5933108744687158,0.0023452569020725,1.1034921047034003,0.7975796191833208,21.006424554720805,0.0590887289930319,2.0
12,3spl1,Easy,0.6439795955112999,0.0127613858585959,0.3940556672526496,0.0070633166045814,0.6850513555735661,0.0011944892634651,0.8861711839666458,0.0009722343571466,0.6378706771508729,0.0015266566107865,0.5752197829065532,0.4446716725961703,21.450612056276157,0.0046879088512826,0.0
12,3Item15,Difficult,1.1710782800724635,0.0001626738583938,0.8345799426340579,0.0007736672633798,0.9036072762318842,0.0008202583305305,0.8428316636594205,8.67937457794305e-05,0.6359070788188405,2.163847370897802e-05,0.9236081215571864,0.9902083516916266,22.21046966706424,0.0015813547206086,2.0
12,3Item2,Easy,1.1997315796658805,0.0015137974921484,0.9327137736650942,0.0101664400348191,0.9490777282861635,0.0037011811643372,0.9113321189701258,0.0018639043305523,0.6647481829559748,0.0002009330622409,0.982757010421442,1.0234608555860782,22.047407785384564,0.0034717091924207,0.0
12,3Item5,Easy,0.9700152062743412,0.018092094679447,0.7983989121815578,0.011129701559359,0.9037988581643758,0.0048923246437005,0.9171684677290952,0.0001405308523583,0.6951307759421534,0.0002640655181822,0.8833802140698627,0.8705031515695649,22.91314830268413,0.0961897157833089,0.0
12,3Item12,Medium,1.0912945250544748,0.0026460660598238,0.9203031589338522,0.0028543803631133,0.9760395285700388,0.0036282348607949,0.9317062039280156,0.00016045177415,0.7134293604046692,0.0017732857912465,0.9428944106267334,0.987760054933476,23.061383918834185,0.0346771005196348,1.0
12,3Item6,Easy,1.0032242652806564,0.003822474217271,0.6843963285837651,0.0027722258780647,0.7276114336873921,0.0054576543052172,0.947611557357513,0.0005752066473037,0.6701527922236615,0.000180028606098,0.9406055983889436,0.7222322280028183,22.619371477490517,0.0046264423745836,0.0
12,3Item8,Medium,1.234551860663681,0.0106423242979382,0.855928435774973,0.0049343189755722,0.8218137216571662,0.0061355621198878,0.9641555990553746,0.0069697137004793,0.6276984839250815,0.0003510136086993,1.0415102251381156,0.887748356038389,22.15494566240834,0.0337595146449991,1.0
12,3Item7,Medium,1.1898407119005416,0.0069130345107665,0.8303602966617429,0.0017624631584024,0.7577778715349581,0.0058544545137232,0.8755869274532251,0.0027824295721509,0.6493939946935007,0.0011219854167161,1.0957818010678546,0.9483459863099832,21.733007018345027,0.004974186275694,1.0
12,3Item9,Medium,0.9722292422689028,0.0211226211250654,0.6139549900143263,0.0202462177652442,0.7211138712003884,0.0051803696725568,0.9112894332572816,0.0007941627732157,0.6058332903446603,0.0058046175593791,0.8513969334626524,0.6737204381920582,21.57263320833226,0.0092304349733898,1.0
12,3Item17,Difficult,1.053459569045881,0.0100210858904785,0.7634489015823775,0.0033999233031453,0.7744440162434827,0.0013083567347467,0.9026895459176224,0.000552178002129,0.6954726782090718,0.0006928045950125,0.9858012971476752,0.8457481969153671,21.60033167495853,0.0035606156417215,2.0
12,3Item19,Difficult,1.4390765963303858,0.0147835593826249,0.8836863620313504,0.0090008371546129,0.8703973736286174,0.0008332351019138,0.8325167307580386,0.0029054942463036,0.5961256223858521,0.0023602214189834,1.0152665593196557,1.061462512307961,21.265027646911324,0.0111328044593939,2.0
12,3Item11,Medium,1.4944376519689306,0.0050020793406461,0.9509238112734828,0.0166140221430281,0.9336624700957372,0.0098924687983309,0.9376571448609105,0.0014385912385152,0.7091190581484828,0.0044188262391761,1.01848668361843,1.0141476576354382,21.13128506120516,0.0047689087127029,1.0
12,3Item4,Easy,1.1528402760766667,0.1515116910903747,0.7771776447533334,0.055163576046498,0.6998985154966667,0.0181674133936621,0.925992687795,0.0013386965694481,0.5280563190233334,0.0068481162009692,1.110413177242776,0.8392904346939651,21.223703465361407,0.0024554125172432,0.0
12,3Item13,Difficult,0.9216956122096774,0.1006328402250477,0.6456913123177418,0.0343460588467877,0.6465148052943549,0.0209840633606921,0.8543280053290322,0.0022710022410217,0.6464804571887096,0.0023498375830092,0.9987247133482874,0.7557876512328682,21.02942304711237,0.0036045619793683,2.0
12,3Item10,Medium,1.2993943268423271,0.0033585865595171,0.8907542670668214,0.0075179944167094,0.7651473268412732,0.0122452784615394,0.8164751044645868,0.0046248873785157,0.4592433360092748,0.0068551787317133,1.1641589425465797,1.090974080191781,20.888101089503703,0.0008060731937246,1.0
12,3Item14,Difficult,1.2375572448811187,0.0243083396942848,0.9172446790034964,0.0093411980879553,0.8520389422080418,0.0055079648546183,0.9457141339702796,0.0024384444361839,0.5462580928286713,0.0099233257359217,1.076527793552117,0.9698953163123664,20.84652238406082,0.0005128180499927,2.0
12,3Item3,Easy,1.0650390650284092,0.0143503021458341,0.974050526735945,0.0033286339300584,0.8080540320663876,0.0017247264401453,0.7614552860272128,0.0058242593319298,0.569419459034091,0.0005887544980033,1.2054259772939817,1.2791942815495183,20.9477189762012,0.0394995178365434,0.0
12,3Item20,Difficult,1.259709936618026,0.00294734154745,1.016705205997854,0.0014747518718053,0.8145954063154506,0.0006395367632444,0.7061972469291846,0.0019577708726394,0.5676927695429185,0.0002080746706332,1.2481091226470955,1.439688091012503,21.489910993513146,0.0015487980003974,2.0
12,3Item18,Difficult,1.236917547849854,0.0007176932216997,1.048242736904762,0.000933055867003,1.0085613256681245,0.0017833494459638,0.7731643186686102,0.0010215248735846,0.5510795693440234,0.0021280785899264,1.03934353904242,1.3557808551343646,21.255556728875064,0.0077688306485513,2.0
12,3Item16,Difficult,1.272449267771978,0.008401815882912,0.972527461478022,0.0048733574296202,0.9388033887362638,0.0050069643447936,0.7524724974642858,0.002670958489111,0.551079337598901,0.0019265447344129,1.0359212985648196,1.2924408165274692,21.037468954541545,0.0021674416749981,2.0
12,3Item1,Easy,1.2650942406202488,0.0129881174256574,0.8267462431219765,0.0036126464066868,0.7634608814149966,0.0064993370707633,0.8278765879923979,0.0003113683601954,0.5489130215964063,0.0010368019273632,1.0828913181489677,0.998633439427724,20.863873550440704,0.0027105501516073,0.0
13,1spl1,Easy,0.6324828201785714,0.0312712032979446,0.3371487018869047,0.0197256349913691,0.5452639439319988,0.010954560365289,0.0778637259343558,0.0027441642877499,-0.2131295891417631,0.0041119200841011,0.6183208835243793,4.329928576017071,11.486080223093936,0.0133146611338423,0.0
13,1spl2,Easy,0.7673364415815201,0.0698291230718108,0.4933982907376274,0.04177207027105,0.5722076235011803,0.0248285444136389,0.1789237222195956,0.0078849523838423,-0.0863077564982397,0.0126628461672193,0.8622699317578699,2.757574719786772,11.380997297097087,0.0097308306669862,0.0
13,1Item1,Easy,0.8141473798949276,0.0341240212076647,0.4877115298139099,0.0176313411700669,0.6045714051214031,0.0090251308922626,0.150527474698892,0.0035101598908155,-0.1072537558457986,0.0032484168379411,0.8067049135594825,3.2399951623073195,11.948717833677676,0.1183583379366068,0.0
13,1Item2,Easy,0.6839260009886488,0.0379455387146186,0.4080286242736597,0.033879156670586,0.5475234040482113,0.0247076477692857,0.155858427442926,0.0043984149160882,-0.1704779947716001,0.0044260108326806,0.7452245438866895,2.6179271345204658,11.984911837982656,0.0167777587883699,0.0
13,1Item3,Easy,0.5589307520443795,0.0730128870390991,0.3679593853874099,0.0518261170142907,0.4964003672362135,0.0373684593655658,0.1091412469552955,0.0038226193304037,-0.2391553568072655,0.0024759857010503,0.7412537709879349,3.3713744737005955,11.659790417682188,0.0034367444233685,0.0
13,1Item4,Medium,0.7204516308964544,0.0253994924831969,0.4466780889800493,0.0289041026277628,0.5394229849506288,0.0208888007887037,0.2212747930630405,0.0081088415899295,-0.0695389928966987,0.00924938314998,0.8280649386047079,2.018648686315148,11.686905508000509,0.04737715559444,1.0
13,1Item5,Medium,0.6686113146338661,0.0878957871588456,0.426414168317439,0.0619168071817867,0.4772082474867086,0.0262206213318383,0.1559381804630559,0.0051536192835105,-0.1180093493352315,0.0074538782734866,0.893558057735073,2.73449024838541,11.33736492896753,0.0260280023185462,1.0
13,1Item6,Medium,0.7295050804501383,0.0477155232681479,0.3905851236858819,0.0389080209303116,0.520842913028305,0.019206528595409,0.1610962963527401,0.0044810363773011,-0.104751400724828,0.0041542057841435,0.7499082045807757,2.42452935293621,11.443062356138492,0.0339115050123614,1.0
13,1Item7,Difficult,0.8070170079036229,0.0527763944258079,0.4276390467359371,0.0744204807629279,0.5644833634505317,0.0281342704080976,0.2035372762773983,0.0055588743656282,-0.0908448338231207,0.0076060905068159,0.7575746547201091,2.1010251956399406,11.465171756604134,0.0766552517427768,2.0
13,1Item8,Difficult,0.9200727034133884,0.0478379585203245,0.6591413879794742,0.043527647675911,0.6223654730303475,0.0111766059937369,0.1836359753017828,0.0158069611477822,-0.1229204487003396,0.0310486143824286,1.0590888432181556,3.5893718402639947,11.6799317920588,0.0242727169003931,2.0
13,1Item9,Difficult,0.5671828886808586,0.0319213915308531,0.3566839278217694,0.0361339102418883,0.5521469014042253,0.0252136653090985,0.1391253530912778,0.0041736236593311,-0.0821461274284085,0.0032810597704162,0.6459934501510358,2.563740944088117,11.413341111406304,0.0498556407216574,2.0
13,1Item10,,0.7155218080344995,0.0503822261400462,0.4660271410458793,0.0354955905985014,0.6302337610591017,0.0216896321410116,0.2394568122811602,0.0037151581668831,-0.0423121425504876,0.0082151098956969,0.7394500745448037,1.9461763916004209,11.320946579687767,0.0338758470975682,
13,2spl1,Easy,0.8747929491235119,0.02311626541336,0.440632780349567,0.0145395474223083,0.5629340150994319,0.012643751894031,0.2202878602800066,0.0007446501851526,-0.0732334323733317,0.0014771737847329,0.7827418237107485,2.0002499435944414,12.3918533382543,0.0111980189073705,0.0
13,2spl2,Easy,0.7260890147899396,0.0285445254655369,0.5016560794134337,0.0355000276256972,0.585628057854391,0.0171978278908017,0.1658540254554954,0.0022278268832861,-0.086251917398178,0.0057592362421903,0.8566106354957611,3.0246661386093794,12.115503768283649,0.0155817237614644,0.0
13,2Item1,Easy,0.7580104749238733,0.0210290158784729,0.4807830349585872,0.0231040143294149,0.5918677878591656,0.0206162281745498,0.1647227352529679,0.0032772846969799,-0.070748664821829,0.0022435702203252,0.812313547902426,2.918723487056943,12.024411433091789,0.0038828488062832,0.0
13,2Item2,Easy,0.6577500706446254,0.0580330003018258,0.3154282870646254,0.0606951729566481,0.4765656638583062,0.0160445395435955,0.1614183430375032,0.0070125474317761,-0.1245918840578176,0.0021092097353623,0.6618765242849828,1.9540922489775008,12.14729794356767,0.0078980175769374,0.0
13,2Item3,Easy,0.7437507685970819,0.0281137657885165,0.4827655392926768,0.0223194325264586,0.6275363941157407,0.02755989695374,0.1809660351408398,0.0085640790969507,-0.0891317776058137,0.0043072386229267,0.7693016285873114,2.667698782360879,12.54725529986854,0.055766134321923,0.0
13,2Item4,Medium,0.5370662776472862,0.0622836612114203,0.4741700080433141,0.06589916515119,0.4621248652885905,0.0215608730851397,0.1182192553358881,0.0108340964416722,-0.1431485889140485,0.0071767982066872,1.026062472714446,4.010903264386456,12.268482127059706,0.0186721130856732,1.0
13,2Item5,Medium,0.6232672217120674,0.0174215321630995,0.5331968427213842,0.0251938186069447,0.5264573341806418,0.0116263434933848,0.1650086211727063,0.0030391827781279,-0.110240942484068,0.0078038560900665,1.0127996996214903,3.231307598502496,11.932686206499213,0.004180410186368,1.0
13,2Item6,Medium,0.8119718123305136,0.0420194362862117,0.5398754010141791,0.0418870174469272,0.5763502841927135,0.0200349771677578,0.1836122033627034,0.0093385936434999,-0.1056922112187166,0.0159553917388844,0.936712411026158,2.940286379883734,12.338240082896451,0.0354726129752095,1.0
13,2Item7,Difficult,0.6279607513866765,0.090322970571533,0.5793919164574729,0.0339725057330836,0.565243343903063,0.0166715177468825,0.1829596615128761,0.0078401972958138,-0.1103526785861363,0.0133084819451876,1.025029127150074,3.166756786221488,13.129705133719854,0.2079737222245213,2.0
13,2Item8,Difficult,0.6392899748807681,0.0695275342813172,0.410196797878432,0.0638537301647706,0.5071186827574805,0.0279665941133504,0.2122216182635212,0.0068252584582122,-0.0823963220190732,0.0140490647814971,0.8088757187415266,1.93286088558705,13.464091187093096,0.0534445120070918,2.0
13,2Item9,Difficult,0.5227436184716641,0.0657772658153571,0.3415236537752979,0.0591923203357297,0.4716184735655586,0.0183524405623261,0.1351021401096448,0.0040092555752336,-0.1155071510121446,0.00671033789568,0.7241508735703713,2.5278735453382475,13.151167012727,0.0974007994017616,2.0
13,2Item10,Difficult,0.6170702372603841,0.0611780996647631,0.5202937551111112,0.0569560566799714,0.5328239456171513,0.0159336112132853,0.171414227451254,0.0106006596213131,-0.1396357906930001,0.0068351783215617,0.9764815994275086,3.0352831708552204,13.80060412319964,0.4291108086901832,2.0
13,3spl1,Easy,0.7458256641872897,0.026299081374394,0.379340850570707,0.0283987594578255,0.5851066536113636,0.0155127253744793,0.1091481569164562,0.0033781450411636,-0.1995812822862163,0.0003526380850498,0.6483265912338763,3.475435461778765,14.400349242856556,0.1921302614600891,0.0
13,3spl2,Easy,0.7297022413373141,0.0290981237989071,0.4167501278061984,0.0416898174570436,0.6210308786122037,0.0191915732287786,0.0924356103636363,0.0026871354815785,-0.2219424716617355,0.0046627814872119,0.6710607654110994,4.508496429788426,14.3280675556487,0.0399206443537766,0.0
13,3Item15,Difficult,0.7532050399015782,0.0105481888797575,0.4828622316994456,0.0154828249200361,0.6363429557799003,0.0115108999927154,0.1945520268759032,0.0100745331304418,-0.0691296560613683,0.0235781859138701,0.7588069743000101,2.481905521868041,14.28835571020787,0.0370976968981055,2.0
13,3Item2,Easy,0.9263529618059,0.0050765807589038,0.5048404269504214,0.0110907687613516,0.6722915857940011,0.0165786087538979,0.2291061697212568,0.0019379795046579,-0.1570862860491075,0.0016890861740385,0.7509236865288157,2.2035121273796685,14.257938822808672,0.0052159818725326,0.0
13,3Item5,Easy,0.8135521040714909,0.0113096632075882,0.4917907950621186,0.0040767917507606,0.6022887322820402,0.0018163985631704,0.1380702814679381,0.0011902414188957,-0.1098055630949934,0.0019132300220041,0.8165352465809975,3.561861596658815,14.055119092076216,0.0036368710612446,0.0
13,3Item12,Medium,0.5353418024000351,0.02967642481957,0.5532180233750588,0.1012499401083837,0.5046726298192877,0.006414373596307,0.1020303827014022,0.0033367060060846,-0.1776807970797954,0.0015635529336865,1.0961896772239788,5.422037893910223,13.997535968264554,0.0089031125970959,1.0
13,3Item6,Easy,0.8066501715880972,0.031362916429988,0.5565312201205738,0.0336657454584556,0.7024673095445819,0.0058054760197717,0.2506229731579458,0.0027064561743825,-0.0458458045001525,0.0071785657272092,0.7922509991680324,2.2205825448702874,13.764426990652357,0.0038813415024496,0.0
13,3Item8,Medium,0.518263284310041,0.0483947014304713,0.4986519182681185,0.0169275861602378,0.5321225629543646,0.0127911684586064,0.210358916870207,0.0021635631434727,-0.1270215809426276,0.0034413901593133,0.9370979843470744,2.370470219266101,13.540728679818828,0.007120067169767,1.0
13,3Item7,Medium,0.8317812596564551,0.0412259936955201,0.8520707155623631,0.0398412354824799,0.7171130827628008,0.0276386572928733,0.3066580441607221,0.0151288609318995,-0.0371858251402461,0.0030607919732259,1.1881940907918298,2.778560527684248,13.64418638777289,0.0232558524658881,1.0
13,3Item9,Medium,0.7547461408978359,0.0288179641690664,0.6279915578548858,0.0240973234040012,0.666873753557342,0.0115675100749098,0.1963564626840102,0.0031424183398006,-0.0834437580841135,0.0025157692955614,0.9416934057031852,3.19820570744228,13.69988245358829,0.0351687543222168,1.0
13,3Item17,Difficult,0.8188102209505209,0.010345868528793,0.5934676512539062,0.0072469480081405,0.6217522048336227,0.0028253225250693,0.2712873063464699,0.0024575257677855,-0.0410092789588657,0.0017983823307677,0.954506782820226,2.187590240236791,13.582645408680326,0.0125355915052357,2.0
13,3Item19,Difficult,0.7480643969187146,0.018698661982221,0.5057181085212665,0.0512667040837492,0.5778772089823251,0.0074678060274808,0.170710406314326,0.0027874319146925,-0.0635191488177778,0.0020767290858676,0.8751292238755006,2.962415455649765,13.560233947122343,0.0134464513156963,2.0
13,3Item11,Medium,0.69951594754055,0.0162086305388758,0.563274603919963,0.029535034091513,0.6380171345204514,0.007572032484649,0.2565741061125705,0.0036076870834042,-0.0237283115930007,0.0005453448363455,0.8828504605802979,2.1953595282654983,13.487815578407911,0.0042497622600684,1.0
13,3Item4,Easy,0.7285904300192472,0.0604809168618536,0.4640725986062233,0.0446063888217289,0.600456464201775,0.0077956584454968,0.2517598206313302,0.0015805062823372,-0.0811006580481287,0.0029207485375062,0.772865067508393,1.843307459208656,13.706409145309726,0.0451555994199639,0.0
13,3Item13,Difficult,0.8136185026722916,0.038885171735096,0.6372985576572068,0.0086893892115656,0.6332637409690062,0.0205300243700049,0.2535341956564649,0.006610842704685,-0.0516722512058961,0.002012306008791,1.0063698741256748,2.513649262805837,13.461322868988374,0.0025155177427753,2.0
13,3Item10,Medium,0.8164709885941012,0.0103595102225459,0.5284550462386236,0.0101267172058393,0.6417923347594102,0.0036774025666297,0.2400486489457022,0.0032930415370467,-0.0904380593085252,0.0003687227758213,0.8234037619551255,2.2014406126382497,13.571087371784234,0.0246200051122283,1.0
13,3Item14,Difficult,0.7221098523638477,0.0196209353082186,0.5468101307133154,0.0261339876958326,0.6595375694275177,0.0165550192865985,0.2564059595129858,0.0030068985812899,-0.084578310427428,0.0010635234096048,0.8290798386331657,2.1325869303700475,13.526311087286697,0.0111967562367713,2.0
13,3Item3,,0.7504668898179419,0.0565350034463978,0.4535031075592896,0.0237946130516195,0.6552317741784061,0.0108343188958059,0.2664277745229444,0.0022012557053501,-0.021117853784795,0.0028712568535333,0.6921251888352737,1.702155138352876,13.284065189552994,0.0047235462028324,
14,1spl1,Easy,0.6169286330915297,0.0508089284538329,0.3157104768563785,0.0223007781685354,0.495404736837111,0.0092865992654258,-0.0895909565310041,0.0033969758751837,-0.4968368211070904,0.0049512354074634,0.6372765864037296,-3.523949436755464,7.949708360073055,0.0276142422020873,0.0
14,1spl2,Easy,0.7858925959402605,0.022989708338762,0.4747811057014682,0.0089024644932992,0.6305677303561827,0.0073042019311329,-0.0336932045239557,0.0031579681888189,-0.5208968765746486,0.0008558480919304,0.7529410876959972,-14.091719803134,8.524840564095868,0.0196520595289009,0.0
14,1Item1,Easy,0.8028663971784383,0.0248387918296013,0.3754416388184549,0.0085462145460197,0.5735762968997514,0.0058401827129873,-0.068924416737065,0.0009117950409601,-0.5112155022421293,0.0018498222568965,0.6545615400884212,-5.447229063682694,8.816825753653507,0.2134075151767902,0.0
14,1Item2,Easy,0.5834126921481692,0.0207724292357262,0.3522054268361111,0.0184576903022803,0.5864221663326389,0.0137619552128453,-0.0847784032796717,0.0014079427465265,-0.5385216026339646,0.0056005634450412,0.6005994426153491,-4.154472928053983,8.823131865825287,0.0087353027538168,0.0
14,1Item3,Easy,0.7321220393709913,0.0221435424035704,0.401099405311516,0.0224388511205603,0.5101364593055393,0.0087189151870798,-0.0718446228223177,0.0014470913225858,-0.4442079283447521,0.0056266367085315,0.7862575037276051,-5.582950713712018,8.707527077369749,0.0181133478604023,0.0
14,1Item4,Medium,0.617685502343902,0.0642034218883658,0.3842322601157457,0.0432657573505218,0.5959662306845493,0.0137019153339222,-0.0466207614319402,0.0022130277473584,-0.4350758913045421,0.0016687044930297,0.644720448260893,-8.241832397119463,8.636831027377912,0.0082238038516769,1.0
14,1Item5,Medium,0.5166863855325367,0.0575046129262074,0.2937589541114422,0.0355884670416082,0.4301800942449688,0.0235808488044727,-0.0834976588155884,0.0028118213919305,-0.4699460550017046,0.0058701042155418,0.682872766937916,-3.518212085111586,8.251577628318412,0.0254374038533771,1.0
14,1Item6,Medium,0.4600359289920974,0.0669138729021849,0.3321040746365585,0.0373138186076283,0.4429976437777895,0.0165015096632871,-0.0929808018277305,0.009425139488015,-0.4422205096901785,0.0238992166764803,0.7496728924595617,-3.571787292597895,7.667856247301394,0.0331390186224492,1.0
14,1Item7,Difficult,0.5548589979382754,0.0857284536195258,0.3564622262603429,0.0676831417628782,0.4826753996040924,0.0259184958113745,-0.017540463420654,0.0107905125146238,-0.2729752300070269,0.032623304509501,0.7385118198294456,-20.323439646425108,7.602244537497278,0.0560407256519053,2.0
14,1Item8,Difficult,0.5667546401707755,0.0874930033462899,0.4372709138523137,0.0910863867901067,0.5346312271672529,0.0177328805403623,-0.0403271883045028,0.0066201354255589,-0.3833399123329533,0.0110270836991381,0.8178910503940106,-10.843348509670273,7.9648528837924415,0.0370754567447234,2.0
14,1Item9,Difficult,0.4159907028749443,0.1052199721487735,0.2961348869455318,0.0652192403151609,0.4296820665720633,0.0266542910100959,-0.1323591976779057,0.0040069506821939,-0.468987554123071,0.0074000757929972,0.6891937569428657,-2.237374731153241,8.082397539517917,0.0236352020228981,2.0
14,1Item10,Difficult,0.4922053608934676,0.0592174365588205,0.3476822316567317,0.0603661933729698,0.4343508816284747,0.0181000678794078,-0.1342403960122478,0.0046589687173142,-0.5021558179603861,0.0034755243082798,0.8004621284319051,-2.590016358722365,8.243519644927458,0.0460226244629136,2.0
14,2spl1,Easy,0.5879437769663107,0.0794013021465516,0.305522717346305,0.042293349795258,0.4169331493322464,0.0230660224074784,-0.1611392438020826,0.0024235888560502,-0.5371830442125857,0.0051059202955595,0.7327841047216309,-1.8960285909629369,9.699756830492232,0.0318702730524834,0.0
14,2spl2,Easy,0.6970946524225216,0.0518726688625862,0.4632033169829507,0.0543252954705156,0.4849328098023536,0.0093020983441205,-0.0006728263233923,0.0085721643003611,-0.2489922750648037,0.0267628710468133,0.9551887445664808,-689.4688416554012,9.296126742231904,0.0153822386447723,0.0
14,2Item1,Easy,0.730777867820194,0.0358350202066254,0.4262106008952582,0.0090004782849237,0.5254116921011486,0.0130091588697631,-0.0028381710331844,0.0040307118376201,-0.2863951529256311,0.0106074090332054,0.811192053984884,-150.22379543219694,9.150932906868404,0.0198301002754468,0.0
14,2Item2,Easy,0.7297809492911437,0.0185591437743726,0.4520105367852162,0.0096395111405536,0.48273016932235,0.0041170593577433,0.0074526412040271,0.0056297696995967,-0.1147802997837796,0.0267447958697108,0.9363607852787736,60.64291591349949,9.367689340646852,0.0157964423813757,0.0
14,2Item3,Easy,0.4875222021062238,0.0294860440341715,0.5338868483855419,0.0506371923194032,0.566268587527063,0.0056527207022517,0.0048264410298951,0.0050212760741937,-0.2102236747138986,0.0063901539633053,0.9428139178673912,110.59417299544786,9.591443224122788,0.0297545762550526,0.0
14,2Item4,Medium,0.5614085171470099,0.0584298470972452,0.4122959327662981,0.0462624086978282,0.4889046299107685,0.0081666063273944,-0.0246592407671088,0.00462853660739,-0.2928229124558101,0.0063150916281214,0.84330371250081,-16.720411511118485,9.60383505406804,0.0674754955184928,1.0
14,2Item5,Medium,0.4722867295848835,0.052330766476074,0.2868777339260286,0.0294480116333824,0.4629686618897355,0.0188034657637708,-0.0484731524226804,0.0048984245575607,-0.3629047221824294,0.005856563649641,0.6196469391861658,-5.918403033239285,9.78290822578253,0.04920802509425,1.0
14,2Item6,Medium,0.4434260207700424,0.0735734947936724,0.3671059182358063,0.0562289189097693,0.4270277033128337,0.0185571402238101,-0.0584003583028789,0.0057534071017347,-0.3468088702094595,0.0107242780504104,0.8596750414851411,-6.286129315528952,9.432392246424929,0.1144729098587242,1.0
14,2Item7,Difficult,0.4608137190665126,0.1307030602208243,0.3054812464368937,0.053924194620198,0.462769811198486,0.0352431916977676,-0.0602502554120109,0.0052366523343332,-0.280344687924034,0.00582040605296,0.6601134709550003,-5.070290816838784,9.093537080383994,0.0096756002612027,2.0
14,2Item8,Difficult,0.2996104410727673,0.1075901200916869,0.3022828543209767,0.0982374368013793,0.388216541718227,0.0345951558232214,-0.0364329371469407,0.0048330366456074,-0.3605930110720962,0.0071742261187943,0.7786429561711491,-8.29719411026047,8.97613686768373,0.0320264693959183,2.0
14,2Item9,Difficult,0.5277017700391827,0.0611816132474621,0.3846702271515305,0.062705821556645,0.456376820568538,0.0281853384824437,-0.0583624606829641,0.0077033927455345,-0.3695284087459825,0.0068024627428018,0.8428766907916846,-6.591168600819767,8.85582116687992,0.0131709039881058,2.0
14,2Item10,Difficult,0.4021430311857837,0.1003025011638823,0.3935576408613,0.1288284753213119,0.4393883752283882,0.030996485245281,-0.0243457132096076,0.0034606936027796,-0.3247286913158821,0.0084121540425472,0.8956922107111362,-16.16604136893187,8.666795037344952,0.0079395973708968,2.0
14,3spl1,Easy,0.4983204203083973,0.031581826201437,0.3306746493611892,0.0235293189920075,0.482562576029838,0.0113847953855411,-0.0733035723212915,0.0033518688369594,-0.5000250490341431,0.00718387458482,0.6852457702707816,-4.511092024326424,8.2628433691507,0.1094984219755016,0.0
14,3Item15,Difficult,0.4682527143734493,0.1178796298894043,0.2480656163471817,0.0506871896660005,0.4694967438524743,0.0397869107354997,-0.0321658723756256,0.0177588164629144,-0.3390971210284655,0.0533570733722551,0.5283638091882482,-7.7123146471790225,8.893543388316907,0.0843683054379777,2.0
14,3Item2,Easy,0.760906604940678,0.0114929589017949,0.5554971017567567,0.0083847272587953,0.609329350612689,0.00281776918775,0.0133900576365002,0.0020845539510807,-0.2718185589542716,0.0190275586287104,0.9116517849442386,41.48269067580062,9.22302768198193,0.05644062595569,0.0
14,3Item5,Easy,0.5889358294605325,0.0112665444147913,0.5986066682482485,0.0550902172631463,0.5673562869819675,0.0088836644466372,-0.0235073413274696,0.0025028506307234,-0.4338847873401213,0.0039584975060778,1.0550788400595164,-25.46575240736054,8.955037724014826,0.0023334356809337,0.0
14,3Item12,Medium,0.4912088630004075,0.1157452764953617,0.478887970052686,0.0442475387954785,0.4750097860811859,0.0258623234962705,-0.0642671562724329,0.0041361150057609,-0.422475491719218,0.0019355083409412,1.008162307225667,-7.451635477040431,8.601031835595386,0.0159689516420188,1.0
14,3Item6,Easy,0.5514598748602382,0.0346602907755096,0.3646695539999599,0.0362226203981533,0.4308662596351847,0.0074902377645237,-0.0467744721694727,0.0007265043632512,-0.4178021270891314,0.0102264271656726,0.8463617177799156,-7.796503810507489,8.562247685166273,0.0008414282820352,0.0
14,3Item8,Medium,0.4248507412370171,0.0994983163654886,0.5922769515634642,0.0513862409496247,0.4508864222904692,0.0198780040224827,-0.0643999262326126,0.0032975183998709,-0.4814756638290369,0.0039856525001718,1.313580557547488,-9.19700041929466,9.22744407642538,0.2144899336820466,1.0
14,3Item7,Medium,0.5778330596672603,0.0964831087924275,0.4117081462135101,0.0349593529658258,0.4767135334258804,0.0366484738712846,0.0192951766241909,0.0218597382075365,-0.2630313672640443,0.0819192004660255,0.8636366574662497,21.33625506398849,8.532972881161134,0.0170849631004693,1.0
14,3Item9,,0.28938071114648,0.0974984734545512,0.1912132264739462,0.0491196472936496,0.3636320786210918,0.019476140259279,-0.0803069922653091,0.0094950220141312,-0.4290948491911681,0.0373314110894062,0.5258411231426823,-2.381058014229247,8.36012712859024,0.0198541223358522,
15,1spl1,Easy,0.8530105211796831,0.0374402911432346,0.61672296644716,0.0125700480314831,0.6970984081094347,0.0148504313769493,0.1819584124761059,0.0026790869357131,-0.0672759819247405,0.0019070323451365,0.8846987377592826,3.389343579729052,5.603217384661224,0.0016893860398855,0.0
15,1spl2,Easy,0.889834779372194,0.058262188481259,0.6279858755003898,0.0402562677656442,0.6920724378804067,0.0403478770627228,0.2729987334810587,0.0079376844174982,-0.0163429599579931,0.0055306655129544,0.9073977429674284,2.300316807979452,5.542934384527459,0.0096216185999809,0.0
15,1Item1,Easy,0.7420807903302028,0.1489144355216133,0.6024329706667919,0.1236045465360554,0.7049738282225394,0.0722420773365429,0.2458162889457926,0.0111285052781053,-0.0133682299223328,0.0038782525035396,0.8545453632517811,2.45073474388386,5.559729622734117,0.0191497426190605,0.0
15,1Item2,Easy,0.6768955372592065,0.0727316037690388,0.5009382112341296,0.032235859805476,0.6908783395296139,0.0230939721218487,0.1814954140678992,0.0017900882143575,-0.0807667882701243,0.001471670248257,0.7250733703734635,2.760044675299892,5.541240768923094,0.0041124987722604,0.0
15,1Item3,Easy,0.7687316610283366,0.041779098200942,0.5429758290892523,0.0240028730750723,0.6156972838606075,0.005160402279972,0.2059520896270804,0.0022267962345844,-0.0429214954861401,0.003402543356956,0.8818862149243551,2.6364053584843985,5.342511000413507,0.0027449040917267,0.0
15,1Item4,Medium,0.5497858413578659,0.0942920287757679,0.3233132630695565,0.0418805601608688,0.6289263449655413,0.0109135267289558,0.2543029713210685,0.0048277093556517,-0.0561983511763685,0.0032234045301054,0.5140709267256788,1.2713653718815152,5.286440516070447,0.0068243648194859,1.0
15,1Item5,Medium,0.7164681445435204,0.0697500359565443,0.5657386118318833,0.0412719886020952,0.7589307628732879,0.0224599996401567,0.2728866540498468,0.0095997249607672,-0.0129302922843979,0.0057025355213308,0.7454406832177081,2.0731557600203603,5.084018585587107,0.0018460300689708,1.0
15,1Item6,Medium,0.5592127399498302,0.1601197210466441,0.3198298039465874,0.1308970162992425,0.6150961881984042,0.0628151731071309,0.3178624245895866,0.0069756060380801,0.0533391354462393,0.0029913289521845,0.5199662916414177,1.0061862397648922,5.012066293650908,0.0014444083887384,1.0
15,1Item7,Difficult,0.6153318831939615,0.0945851355382755,0.3317343982580057,0.0603831213213157,0.5885259721734736,0.0210410396369776,0.3309122781711633,0.0148327084601257,0.0605050706008975,0.0123938354875251,0.5636689802557154,1.002481375456979,4.941702875051884,0.0052703208318707,2.0
15,1Item8,Difficult,0.8231408889418073,0.1018926801227805,0.5234095906750287,0.0701544282777092,0.720481843162282,0.0244668797151431,0.3616592798959772,0.0104646096692696,0.0332343357314535,0.0031939207397983,0.7264705823912805,1.4472410153129749,4.745785171815159,0.0045672058179671,2.0
15,1Item9,Difficult,0.5672204244759695,0.0743794353850316,0.4850598595311406,0.0531192416235054,0.6784550818788042,0.0236474297321755,0.3746512382690048,0.0042218315523174,-0.0380483353922165,0.0041653090898259,0.7149465860603621,1.2946936117938304,4.757015825706072,0.0051814330495182,2.0
15,1Item10,Difficult,0.6803589245248219,0.1476276407244801,0.4268647155808997,0.0591668521641378,0.6790065267032651,0.0365255906297929,0.3082905302599996,0.0061999133057747,0.0236989245092348,0.0103440505139794,0.6286597700226156,1.3846138271164985,4.616322284804067,0.0016415360868464,2.0
15,2spl1,Easy,1.1189855899123633,0.0459430638956323,0.8561252340662009,0.0599439086489168,0.930040224420798,0.0101322949886755,0.3576078865413507,0.0047705202252631,0.050074571754759,0.000893058668656,0.9205239634397608,2.3940267322389546,4.530735494148448,0.0009704087372067,0.0
15,2spl2,Easy,0.9047297952762988,0.0667461640441635,0.5918559349242164,0.0688246292240227,0.6972454750695256,0.0167548945946065,0.3186743680633963,0.0061900961971313,-0.0231187404771361,0.0031078997067642,0.8488475110113676,1.857237785652999,4.412461094557982,0.0008905685204201,0.0
15,2Item1,Easy,1.0099728159546388,0.0146699543421236,0.6465162472467705,0.0237110952780942,0.7405012874897198,0.0190744849815287,0.3109979533055343,0.0031750814440977,0.0886077758712566,0.009999648333312,0.8730779879673848,2.0788373734866377,4.445668372759693,0.0005815585734628,0.0
15,2Item2,Easy,0.7742277488193776,0.0530942670688163,0.5533951407796536,0.0835361045162982,0.7597506899182765,0.0229095463013195,0.4140150250221667,0.0346042401726102,0.1677483072955079,0.069350750865282,0.7283894831996754,1.3366514997819816,4.475999367277903,0.0020211807660479,0.0
15,2Item3,Easy,0.890313855092625,0.0185386721002356,0.6784874938990958,0.0226197356007456,0.7566680482836668,0.0073903292348168,0.3668374125331954,0.0046239271925379,0.0463856732087245,0.0075353706128616,0.8966766850554965,1.8495541107972135,4.541299671220516,0.0016521703426279,0.0
15,2Item4,Medium,0.9936014739065708,0.076752905408336,0.735437582568662,0.082058044955948,0.8058873510465921,0.0273259155551232,0.3641731371614021,0.0050362793230325,0.0985711306658702,0.0037337321480908,0.9125799890438456,2.019466808656749,4.503087698904011,0.0037041376047602,1.0
15,2Item5,Medium,0.9196638892380092,0.0826080065750443,0.6909827113417484,0.0550624562203126,0.8680231257648272,0.0088098260746499,0.349897969818026,0.0029895280195607,0.0489788129947137,0.0047997324233213,0.7960409058134353,1.974806361107927,4.680903005354737,0.0009709312944382,1.0
15,2Item6,Medium,0.9359087839781676,0.0280329939172459,0.6992536030047065,0.0260821820848901,0.8008684640607909,0.0137856103628939,0.3193905836435576,0.0021793003241453,0.0229903491732283,0.0028412645243043,0.8731180727745025,2.189330085119201,4.588224696375156,0.0015268281241959,1.0
15,2Item7,Difficult,0.5236944511322159,0.0711802601411528,0.2994691599137977,0.0560261926082697,0.5677088877746621,0.0213106708370938,0.2649646251744297,0.0054710197118146,-0.036777737500874,0.0079019029131224,0.5275038648484212,1.1302189094025084,4.336544129482049,0.0144298293248064,2.0
15,2Item8,Difficult,0.7074748990313675,0.0596414189163436,0.3324536876508055,0.0590131650070439,0.5437149609929037,0.006053705497996,0.3616569370535769,0.0043017643392302,0.1128700923908227,0.0182016379870614,0.6114473576308063,0.9192489742083416,4.426492446672205,0.0059544409009756,2.0
15,2Item9,Difficult,0.5021723417343583,0.0520754742727886,0.2599856252221293,0.025629979743905,0.5895504530025862,0.0070406327471951,0.325980295305199,0.0036203908980958,0.077879022310407,0.0011825101087247,0.4409888634792133,0.797547678245522,4.806584183890959,0.0013603321586175,2.0
15,2Item10,Difficult,0.4126719867426288,0.1920302944278585,0.2897375621570886,0.1268843312864452,0.6152192835260943,0.0357832774220125,0.3605929201885318,0.004692689757125,0.084474866146507,0.0159379012401251,0.4709493004627171,0.803500963093341,4.615625798676526,0.01233218309482,2.0
15,3spl1,Easy,0.9765433883943356,0.0086894675891027,0.7504453600770539,0.0073542353232674,0.8025219942710206,0.0008575205233113,0.3822536352971165,0.0024597090312975,0.0926859451831835,0.0040430538185999,0.9351076111641238,1.9632080052966587,5.051883472466457,0.0009704072379469,0.0
15,3spl2,Easy,0.8428857422482708,0.0226635239148022,0.6076182654187319,0.0288364090704385,0.774750428450856,0.0091511055013152,0.3923298256927954,0.0015024151762553,0.087008159426023,0.0030811876593001,0.7842751147083226,1.5487395474107146,5.003586916752088,0.0003349414337611,0.0
15,3Item15,Difficult,1.1331857769933835,0.0441345132738472,0.7849391947827191,0.0360493610761872,0.8982500174737004,0.0099863396620796,0.3934065720315929,0.0015517918459074,0.1422040581973178,0.0010216519122922,0.8738528312390151,1.9952315374338647,5.2089536826132585,0.0226498559657041,2.0
15,3Item2,Easy,0.8789313346139228,0.0102794028257795,0.6106587238758266,0.0128906402574146,0.8402549339105204,0.0095558415201089,0.3628132629393168,0.0041423605893693,0.0883869015400104,0.0026424465012471,0.7267532417579525,1.68311664191097,5.280862972782062,0.017325291639807,0.0
15,3Item5,Easy,0.8615980803698048,0.0149382658627359,0.6557880803317216,0.0105271393830231,0.8264023540322527,0.004830095135771,0.4053175808305366,0.0022420747636242,0.0841647574328877,0.0011373932674413,0.7935447952043617,1.6179571116329012,5.275000171810678,0.0096325246520659,0.0
15,3Item12,Medium,0.8270882071314466,0.0434389092071794,0.5350565132033305,0.0886960527806035,0.734545796275443,0.0389176674028315,0.3107118838893653,0.0081673400384947,0.0808067093427958,0.0019439849641307,0.7284171899140556,1.722028731173718,5.206763181590742,0.0013070928269496,1.0
15,3Item6,Easy,1.0456472510526469,0.0417663511275078,0.8040060280555236,0.0479915808349808,0.9760091177626584,0.0131753619463835,0.3857316376967289,0.0091829690319311,0.1325996429574079,0.0052448007186282,0.8237681284478632,2.084360900483744,5.280307506745444,0.0104865443916439,0.0
15,3Item8,Medium,0.5499014299709504,0.1300737596376792,0.3057221260220831,0.0849252889963145,0.5233862642394294,0.052799481127511,0.3525477354156333,0.0328181979340548,0.121109614081477,0.0380197389336221,0.5841222110483513,0.8671769185660404,5.120188138210667,0.0168853874687845,1.0
15,3Item7,Medium,0.7375051925481472,0.2625991961829907,0.3631465483585067,0.1093572178601915,0.5917043737430184,0.052797681310968,0.3306148828337715,0.0262610072797062,0.111965486345547,0.0242903166550528,0.6137286637457912,1.098394140190449,4.916939885094938,0.0019161419914353,1.0
15,3Item9,Medium,1.197507253944082,0.0812642863300099,0.7251771945190821,0.0512275798662152,0.7652824576283817,0.0335320712317903,0.3250857821354564,0.0005323800380124,0.0264824406450966,0.0012465394180813,0.9475929308160024,2.2307187937801696,5.079983409333792,0.0976025994633573,1.0
16,1spl1,Easy,1.0921709362407723,0.0090270798460257,0.9062301918398638,0.0047158730057315,1.0253626438273709,0.0058267907220139,0.4195874788512209,0.0007150215526661,-0.1085113480276831,0.0016463929273902,0.8838134619803585,2.1598071384633943,7.443714346818172,0.0118629537432593,0.0
16,1spl2,Easy,1.1917602062221022,0.0014885127500141,0.920101222300216,0.0002597722623255,1.015927449204464,0.0021291002676568,0.4665953094649028,0.0007777983056258,-0.1265175555156587,0.0027345407831045,0.905675220553882,1.9719427771629765,7.393011282429316,0.0036163305842833,0.0
16,1Item1,Easy,1.2099693928929387,0.0075260560121225,0.9875953399677296,0.0056434612801005,1.039905040755505,0.0072971121098849,0.3927148500998861,0.0018394155984901,-0.1249197691951404,0.0018936823893729,0.9496967045697984,2.514783499867748,7.406846347612896,0.0022772681830169,0.0
16,1Item2,Easy,1.0797564811343163,0.0253390199875495,0.9186141906053208,0.0169690597881222,1.012866229264647,0.0184709686517832,0.362550919368593,0.0025834907423503,-0.1513579321851335,0.0015591916028932,0.9069443299811814,2.5337452142168915,7.348437861556178,0.002296107503437,0.0
16,1Item3,Easy,1.0611027337821974,0.0172815601880372,0.8910538878586032,0.0106608458507835,1.0015326674207836,0.0216095625023385,0.4209872082856984,0.002645343547007,-0.1148017120387563,0.0027241680699409,0.8896894002108833,2.1165768311826456,7.573848220279134,0.0062545832096968,0.0
16,1Item4,Medium,1.129677572276484,0.0294103923203296,0.948695941763843,0.0257615192487465,1.0518608016885802,0.0123618919329057,0.3911086827961352,0.0049490140676464,-0.1068754952881573,0.0010003602620033,0.9019207088239896,2.4256518912582075,7.534619453912287,0.0023311052453722,1.0
16,1Item5,Medium,1.1874318012876484,0.0105083029901309,0.9561080321539396,0.0060321196280428,1.0119461634180102,0.0061417215220993,0.385018795543596,0.00197515306024,-0.1708330253848494,0.0022510479768285,0.9448201118767258,2.483269803839681,7.518254331125821,0.0063944730162513,1.0
16,1Item6,Medium,0.9913395975516868,0.016643716894041,0.7602616426296247,0.0220848164186548,0.9240386349489936,0.0121957660977837,0.3312536030782304,0.0033774844633459,-0.1562566774109086,0.0033544567792291,0.8227586933233558,2.295097594312005,7.571566977536674,0.0058425650416523,1.0
16,1Item7,Difficult,1.032002163993042,0.0468460095020271,0.8391986654914445,0.0221457685844793,0.957300839240494,0.0128141768419232,0.3846012475198941,0.0044421023782784,-0.1282188037642101,0.0022227150181365,0.8766291164312915,2.181991059342512,7.532559662155585,0.0072639273604802,2.0
16,1Item8,Difficult,1.114968210923055,0.0285436191962601,0.9153313622803304,0.0201909466801717,0.9997564861091348,0.0056597913383063,0.3586012950991778,0.0030955214832378,-0.1437890514516869,0.0010566195336823,0.9155533966968584,2.5524972226604947,7.664589189303465,0.0030711595583137,2.0
16,1Item9,Difficult,0.9627345584637508,0.0193547973734832,0.7824397676283372,0.013660635968254,0.9553738951318644,0.0138545029789154,0.3585581517392425,0.0064510804362337,-0.0859793932852724,0.0045384792914494,0.8189871553201551,2.1821776513944804,7.608216706405291,0.0078144437484795,2.0
16,1Item10,Difficult,0.6248474494805556,0.0725137381977878,0.5500860376462962,0.0372007561820492,0.693477782326457,0.0228325621263671,0.3869184382695023,0.0054673581156132,0.0362677096914717,0.0054191113019954,0.7932269186389349,1.421706906498564,7.56668073607146,0.0045747617901,2.0
16,2spl1,Easy,0.8715673300630944,0.0097818607601687,0.7821338207159839,0.0053462683513223,0.8826401306428311,0.0035311117362523,0.4938740007067209,0.0012144886041413,0.0774868627886796,0.0014828537480465,0.8861289073922407,1.583667566887923,7.593554066708338,0.0026476246276294,0.0
16,2spl2,Easy,0.9818474339943792,0.0139295191478715,0.9016558362781036,0.0163805253030653,0.9658490357355816,0.0144012361728052,0.4234036585674119,0.0035954668199933,0.0574835942704056,0.0029566821109493,0.933536059344256,2.1295368816414366,7.706835561071429,0.0069949190989601,0.0
16,2Item1,Easy,0.9602466625331324,0.0142654448419134,0.8868349677695784,0.0062787682731933,0.9878900956762048,0.0031606815242609,0.4997131637028615,0.0027117002644038,0.1104604079838855,0.0005085803323707,0.8977051940756139,1.774684474016441,7.796461375013556,0.0023106648244131,0.0
16,2Item2,Easy,0.9722700576932805,0.0096202523485418,0.8656103651881143,0.0103249449031793,0.9311792764956648,0.0026731600043949,0.4374931886969834,0.0005302989963626,0.095680146286669,0.0009825069855933,0.9295840848838514,1.9785642587989944,7.818033973989021,0.0005856237038909,0.0
16,2Item3,Easy,0.7518370867785884,0.0490394644875464,0.7063158057724763,0.0491627728926961,0.8591020045386436,0.0176264826010637,0.4325919907481664,0.0029850001854179,0.0735367429187697,0.0011649379096208,0.822154970988354,1.6327490756401493,7.928170828328373,0.0050146516295341,0.0
16,2Item4,Medium,0.8771031670784946,0.0488154172922531,0.7630243904297906,0.0325272463529635,0.8981434793653257,0.0151005966396237,0.428040368100918,0.0032406076259734,0.0629383517405787,0.0025644703674443,0.8495563998444685,1.7825949716381029,8.095811565753909,0.0093966121591312,1.0
16,2Item5,Medium,1.3210993410223442,0.0121398626314175,1.0258987154690136,0.0062163215052324,1.08133811931387,0.0043199616680624,0.49384100991758,0.0018384690694211,0.0928538323208473,0.004499403320743,0.9487298638746794,2.0773824317624,8.513588757910993,0.0189553280464444,1.0
16,2Item6,Medium,0.9644333762362054,0.0233318630439971,0.776801399239707,0.0202633705905972,0.9505298746657468,0.016302800471074,0.3992158465536248,0.0038171841648634,0.0366299198349537,0.002198544396755,0.817229003227137,1.9458131738319897,8.463946911378812,0.0235500144948781,1.0
16,2Item7,Difficult,1.0514332807269156,0.0216419719111192,0.838852957115668,0.0158474592262681,0.9479111452130402,0.0152611710230507,0.4659486029082514,0.0052596121016229,0.0877540819646979,0.0021650897290985,0.8849480000355291,1.8003083421037782,8.416111844707766,0.0249805941317913,2.0
16,2Item8,Difficult,1.0885074824498266,0.016169630962863,0.8224218310093961,0.0133629617480159,0.9759555472240468,0.0097656594400614,0.4179025485517638,0.0020330362469233,0.0929407390209998,0.0039419839308052,0.8426828359814217,1.9679704416473185,8.333451561505962,0.0019236332235603,2.0
16,2Item9,Difficult,0.7432355284280139,0.0097903068860258,0.5531389400500127,0.0086594866513946,0.7090933833303045,0.0100823399618016,0.4017734197563597,0.0015977198756863,0.0887250063889173,0.0014771642368243,0.7800639139914808,1.3767400632062194,8.295800419832876,0.0086506142060416,2.0
16,2Item10,Difficult,0.844624405409319,0.0216214805172327,0.6403616656687724,0.0262059152015181,0.771570809048387,0.010221993276951,0.4059025883657329,0.0038867433790442,0.0719156737723118,0.0013752003940719,0.8299443527603194,1.5776201147839688,8.273659405171694,0.0044897818802847,2.0
16,3spl1,Easy,1.00362992112621,0.0065031788475986,0.7537237546872673,0.0085614760977635,0.9317667893205512,0.011300427164375,0.4902605200604988,0.0001112012771322,0.1226217075453648,0.0046642647505088,0.8089180194100567,1.53739121641498,8.662854532909874,0.0002988439395616,0.0
16,3spl2,Easy,1.1424553115403338,0.0082550914288695,0.9432173521963376,0.0196604127683167,1.082383071130042,0.0081779909885643,0.4855028595360222,0.0027492613599309,0.1107467807905655,0.0011691076426386,0.8714257511306408,1.942759740566708,8.8026123554643,0.0213637574125806,0.0
16,3Item15,Difficult,0.9047204176019504,0.0122728682723816,0.740899299069149,0.0025076707662491,0.8979957460119683,0.011677257040294,0.4002818060344126,0.0015780558167029,0.1382661353051861,0.0005926975185336,0.8250578884160839,1.850939605448487,8.64027197585011,0.0007568249246987,2.0
16,3Item2,Easy,1.0846793839554163,0.0086736122698894,0.8596914490991158,0.0034261651300507,0.9222229873986736,0.0037195679662745,0.4609549393583271,0.0015730592809505,0.1148926252030213,0.0007037364208804,0.9321937629534622,1.8650187050325195,8.57970247413864,0.0003988931719621,0.0
16,3Item5,Easy,1.0678779667333334,0.0019792070252968,0.8570071598250002,0.0002487780024681,0.9907031146166668,3.848608005325176e-05,0.4836967456583333,0.0002090629454908,0.121855251175,5.920471372039133e-05,0.865048552015555,1.771782414777594,8.528621412109132,4.218844009768119e-05,0.0
16,3Item12,Medium,1.1332088026641267,0.0041191392586466,0.8535052445711215,0.0042248238653212,0.9223136999960924,0.0044904311846137,0.4884202222381399,0.0012218174187215,0.1200591796371532,0.0018063362646521,0.925394818682536,1.7474778034009697,8.498665711598573,0.0018404239320696,1.0
16,3Item6,Easy,1.1056660837654502,0.0085656169062316,0.8851184352810478,0.008293283820371,0.9895877289523248,0.004398076774982,0.4517014635140479,0.0044460650247521,0.0750982040028252,0.0008346262487982,0.8944305946351273,1.959516510924499,8.441579858323323,0.000405600567026,0.0
16,3Item8,Medium,0.9822163209506743,0.0114919833582881,0.7388936892989039,0.0234809878373832,0.9259758226623104,0.0069082147331973,0.4319040424805228,0.0020758449796935,0.1419958082015177,0.0010398911513336,0.7979613217256164,1.7107781031109983,8.577550732209605,0.0070959268044227,1.0
16,3Item7,Medium,1.0809286189182268,0.0068700133475135,0.886071712038149,0.0155122506315903,0.9845107614959376,0.0056613906261974,0.4783547100302808,0.0024791010434167,0.0917941273168232,0.0012224529700122,0.9000113017357844,1.8523280760713805,8.426507848728109,0.0038594124217331,1.0
16,3Item9,Medium,1.1299228576617728,0.005036305089191,0.9058793470812944,0.010739688073953,1.022671633651441,0.00197222631795,0.462079778475802,0.0002442391199411,0.0901108269438553,0.0015137367478158,0.8857960184647382,1.960435034907501,8.464692198511768,0.0137029737457247,1.0
16,3Item17,Difficult,1.1312326505741503,0.0007040625340056,0.8709079933831101,0.0066332657367988,0.9275598717198764,0.0017668242154863,0.467788026670829,0.0002551453760628,0.1963695117693357,0.0098381529023958,0.9389227380498264,1.8617537901245929,8.50592595982245,0.0005810825627705,2.0
16,3Item19,Difficult,1.1380350748681582,0.0053443609133526,0.8610616323353975,0.0128541903299269,0.990104983505793,0.0028529331517406,0.4684712520928386,0.0010696917636303,0.1140059321023821,0.0015931041830308,0.8696661233038184,1.838020562559932,8.459739631007386,0.0018503939344206,2.0
16,3Item11,Medium,1.1914221061807069,0.0156343694645806,0.9215746710333914,0.0050742328045452,0.9991112514480576,0.0052424322062631,0.4826645692737887,0.003393021490947,0.141617531881089,0.0024283060375475,0.9223935245491308,1.9093441291451112,8.574241777852667,0.0073071994065663,1.0
16,3Item4,Easy,1.0950381978674455,0.0152105766632955,0.8630841537086545,0.0075637099449392,0.9649821651007212,0.0073195899395086,0.4561039539702375,0.0014408193045137,0.1189258408416314,0.0021226659243689,0.8944033273560468,1.8922928729359385,8.44384925676123,0.0079849906199143,0.0
16,3Item13,Difficult,1.0581144015334611,0.0122681376771338,0.777717289952046,0.0062885677467445,0.9388603016197784,0.001493063914017,0.5019652600030662,0.0030873948530323,0.1560182129046994,0.0023018516129161,0.8283622816387071,1.5493417624270114,8.430374041089124,0.0077159447769493,2.0
16,3Item10,Medium,1.116070045192746,0.0071707138749308,0.8397683210358906,0.0070526078325874,0.9003805250398785,0.009772250848789,0.5021958295622863,0.0022223587452032,0.1266650546466483,0.0031189430815722,0.9326805333979912,1.6721896109297043,8.337546074252634,0.0016560312042618,1.0
16,3Item14,Difficult,1.0154678923118123,0.0103462111409473,0.5864397784940504,0.0070749903138455,0.6958001929667055,0.0028801773961362,0.4311735664250145,0.0021370811077564,0.1537106853099595,0.0036496427156292,0.8428266355704738,1.3600982621873596,8.435475271165831,0.0074862740700125,2.0
16,3Item3,Easy,0.787271657499947,0.0574288873753701,0.579312019056135,0.0296239857233163,0.7443556920182991,0.00687619082903,0.4345968433125353,0.002049009467185,0.1141176545471004,0.0028364440093466,0.7782720640091906,1.3329841092642756,8.412553417175474,0.0004161259106236,0.0
16,3Item20,Difficult,0.7854865242620723,0.0262907628427741,0.60060490059845,0.017957642369587,0.759202659531231,0.0257791945486212,0.3810856135969701,0.0028808193753055,0.1054034150389989,0.0068846050141246,0.7910985320714766,1.5760325321572126,8.564687362064232,0.0139046178712009,2.0
16,3Item18,Difficult,1.080100558096465,0.0460331513072907,0.7362264580951874,0.0318983333997323,0.741129193955494,0.0169690506864171,0.4241860548994463,0.0028682713594009,0.1277522449781729,0.0030788318776797,0.993383435325803,1.7356174583632926,8.629757147317692,0.0042618657292856,2.0
16,3Item16,Difficult,1.0001794586319397,0.014109804836956,0.5306404428177721,0.0836130653683685,0.7239963127563086,0.0452930527297445,0.3953130414427181,0.0019476041755874,0.0691587460407354,0.0106940165786218,0.7329315088167754,1.342326320818693,8.52684200505602,0.0007770667997876,2.0
17,1spl1,Easy,0.7974433814673547,0.1526258157583121,0.4165616360553139,0.1128266401119304,0.5004307247629193,0.0896604098168933,0.0495751798292258,0.011665333187429,-0.3716329717753392,0.0053462120775313,0.8324045328114659,8.402455322096952,23.30171935016564,0.1121618137866701,0.0
17,1spl2,Easy,1.0754803888476323,0.0336080406563319,0.6792092573995738,0.0305792766392714,0.708525711344697,0.0198507818681767,0.1032183304905266,0.0082859775130441,-0.3573251605400531,0.0053192633918246,0.9586219496376048,6.580252498943604,23.24257178711195,0.0722756253962259,0.0
17,1Item1,Easy,1.222159768210252,0.0209186973187333,0.7841920575070952,0.0230959203371512,0.7944588302092384,0.0134697386240811,0.1302226445496162,0.0091201911701969,-0.4003053743912539,0.0018883776276638,0.9870757811638646,6.021886887126029,22.86474194568577,0.0160989385761539,0.0
17,1Item2,Easy,0.8177298548558992,0.0816545564988915,0.4779525622127998,0.0525676130451004,0.5717664313631065,0.0272711924405577,0.0240908339595308,0.0071406852175132,-0.3616052258926815,0.0086322357800199,0.8359212784704265,19.838778692218234,22.646234744048822,0.0246663047096705,0.0
17,1Item3,Easy,0.9935799829471268,0.0820755107210677,0.5968383615190057,0.0688888457980238,0.6764911269120224,0.04308566326329,0.1059278097716931,0.0134239193001894,-0.3296938760265979,0.0235734949066245,0.8822547044906324,5.634334632904525,22.312323167958777,0.0453233967856007,0.0
17,1Item4,Medium,0.9507828608721428,0.0386708271086757,0.5529368972434303,0.037558228530273,0.640991523863828,0.0292792645372169,0.1338790739234091,0.0069029444313879,-0.3141036336614197,0.0295957250963205,0.8626261253569564,4.13009106612652,21.808953171133485,0.1247185728883786,1.0
17,1Item5,Medium,0.8803097780216844,0.1342161041818024,0.508235258594716,0.0968630117454576,0.5564360871394354,0.0485779280316975,0.1088270537188582,0.0097849517936522,-0.2744547573668467,0.020960984478452,0.9133741627602174,4.670075786778926,21.775642985023527,0.0610665779450927,1.0
17,1Item6,Medium,1.1158326733998198,0.0463475386478693,0.6311824466753739,0.0436572464447697,0.6893192498967864,0.0258546219694922,0.1879348624176911,0.0326922966343348,-0.2220496025149263,0.0723495278284778,0.915659226273829,3.3584992164643843,21.47655521745633,0.032753814557903,1.0
17,1Item7,Difficult,0.956529442758982,0.0727521645200495,0.5277012404971488,0.0561787977781027,0.6422955766434119,0.0367880780830501,0.0784826589582137,0.0079565320120175,-0.4042560826474424,0.0025571181961981,0.8215850117945067,6.723708444557965,21.13698146116995,0.0783089190257877,2.0
17,1Item8,Difficult,1.184757756762535,0.0442547077728471,0.7808692499643692,0.030784109863579,0.784958526322431,0.0145281989064825,0.1343354454905478,0.0045943475181101,-0.4237203199119226,0.0054892629565689,0.994789188205378,5.812787788994409,22.73068298836179,0.5991371436315794,2.0
17,1Item9,Difficult,0.9474490362517884,0.0645980804263635,0.5480196612883323,0.0417425024377183,0.6108466381405581,0.0255799218523944,0.0840552164962218,0.0108096095301308,-0.3272224628065599,0.0216130026067564,0.8971462392103596,6.519680329805999,21.641433904277445,0.1005146688618225,2.0
17,1Item10,Difficult,1.1417844618321482,0.05511818355489,0.7163173263951348,0.0431427223529992,0.7513723111195472,0.0196657886376953,0.1799650398302283,0.0297115226422004,-0.2003529485061815,0.1110300202366205,0.9533441177566196,3.980291654308089,21.48644549182054,0.0167947428680346,2.0
17,2spl1,Easy,0.7048356316172888,0.2900577646905349,0.3004744855568429,0.1837231062775432,0.4225006338884137,0.127339500742236,0.0124737660807413,0.0103425998464609,-0.3843559545189994,0.0087666133841174,0.711179464068536,24.086582755304637,21.314997649207488,0.0054657146432145,0.0
17,2spl2,Easy,0.884358644999684,0.0917730032770503,0.53039438662116,0.0482982907235571,0.6260497523088812,0.0340673929758525,-0.0180220257937421,0.0183033093843418,-0.4370050286100664,0.0061953682082006,0.8472066915742221,-29.43197533213356,21.74402931944529,0.0073772879409193,0.0
17,2Item1,Easy,1.1438278429287696,0.0300184697739505,0.7472988761129741,0.017815076206603,0.8378516986458141,0.0312561445584094,0.0979714958959528,0.0041488528062607,-0.4368237193379718,0.0008724007838017,0.8919215481680749,7.62763946431056,22.602852834952248,0.0645889175649867,0.0
17,2Item2,Easy,1.284972344725391,0.0338504721284185,0.8810619795257709,0.0308415166861169,0.8991056696134347,0.0166890955872257,0.1473562431197718,0.0044922010841049,-0.3983339123971451,0.0058727067931131,0.9799304234997812,5.979088376467822,22.523368037522435,0.0231941690475265,0.0
17,2Item3,Easy,1.152755885636111,0.0216047308566526,0.7499306667402779,0.017804272074803,0.6867490955500001,0.0094899525583232,0.1065968912609722,0.0167502917449748,-0.4504880708655,0.0040481088055719,1.0919993627953966,7.035136041334089,22.841370109015937,0.0370349082327646,0.0
17,2Item4,Medium,1.1605888230692794,0.0258556561636488,0.7320608265454124,0.0261899345274612,0.7338020941334509,0.01339801809223,0.0754284665637908,0.0041256354131516,-0.4256290850286218,0.0028794246487472,0.9976257014968084,9.70523669190086,23.231503670019052,0.0755030532705127,1.0
17,2Item5,Medium,1.0955408709001102,0.0118760996139942,0.6792662257551993,0.0157008589402126,0.7029163287836432,0.0093308985661825,0.1143424003916846,0.005498504931724,-0.3640664310246177,0.0045478092867607,0.9663529378776724,5.940580946765315,23.149051014391752,0.0720367654459953,1.0
17,2Item6,Medium,1.1429522969936594,0.0255759064191203,0.7671917562467391,0.0221632300352461,0.7664381305806158,0.0092062311803187,0.1405108411123279,0.0079189480750249,-0.420011007513557,0.0012027191926061,1.000981977088713,5.459979388024893,23.051023051023044,0.0456295148042342,1.0
17,2Item7,Difficult,1.1913246414571297,0.0187109048222754,0.8030070612657731,0.0104457431701365,0.8137519954143748,0.0061815575451027,0.1243311944656748,0.0124763883132672,-0.3887301914107863,0.0104885618815107,0.9867945995785492,6.458560992321778,22.98383058220235,0.0328282751975665,2.0
17,2Item8,Difficult,1.0280864389233797,0.0312983045677621,0.6360234998879467,0.0228210490456432,0.638631172415657,0.0252915999513073,0.0754353754677468,0.0069378467580692,-0.4383644849943973,0.0005044732273558,0.995915219056624,8.431257413207526,23.342124320589445,0.0650806329005929,2.0
17,2Item9,Difficult,1.0713194087403932,0.0521251912918521,0.6518374205420632,0.0331389581131359,0.7207044157547715,0.0171390964778112,0.11841082160059,0.0054836122462659,-0.3775032587735621,0.0071222820094931,0.9044436274416154,5.504833991497474,22.692569107943687,0.0592766877968482,2.0
17,2Item10,Difficult,0.9939954375608162,0.067307922782195,0.6283521266075673,0.019257424293568,0.6589993243012083,0.0166512766690501,0.1045719849865293,0.0036427034553976,-0.3790299391957944,0.0013630090707375,0.953492894368239,6.008742379195825,22.55323856871464,0.0379410882498035,2.0
17,3spl1,Easy,0.065917209025424,0.2118173675431213,-0.1650782494179328,0.1029745976924744,0.0668216679765017,0.0791052183085119,-0.0302994648994699,0.0152099426781597,-0.4494839503146112,0.0031371007390321,-2.470392973174652,5.448403078032533,22.064662197332176,0.0049105949076325,0.0
17,3spl2,Easy,1.1567537012393616,0.0377499624778095,0.6410383819360904,0.0437240441811685,0.7495259996582446,0.0147555932909539,0.1318215382727925,0.0064456826948467,-0.3394153060300266,0.0038686702790588,0.8552572251945282,4.862889080541982,22.633852815438587,0.0581402491998123,0.0
17,3Item15,Difficult,1.2093048430162354,0.0281374074092956,0.714874782094825,0.0337599638653705,0.8017559453746829,0.0150354431962542,0.1454793577111618,0.0069054874319006,-0.2714734803867453,0.0020730541776583,0.8916352845072574,4.913892111223321,22.512685166766627,0.0064078827027402,2.0
17,3Item2,Easy,1.1058823524205428,0.0234536490707428,0.7089320910687985,0.0216379561217708,0.6751448551540697,0.0084528789219192,0.0971628139203662,0.0039282944183983,-0.3438605171895349,0.006322003319914,1.0500428694878363,7.296256316675945,22.56588640993149,0.0269436387013142,0.0
17,3Item5,Easy,1.2815262758818116,0.0079117082126749,0.9122767276730488,0.0111246135667825,0.8777690595462079,0.0067463263885767,0.213036823271539,0.0068331535442194,-0.3381493861947072,0.0019024623834505,1.0393117397336156,4.282228919088496,22.886085940856137,0.0840027200649489,0.0
17,3Item12,Medium,1.2549765893208733,0.0103154414096122,0.8442430431939304,0.0049697100850407,0.891885389322724,0.0047469565018515,0.1441668297854737,0.0016506776311166,-0.3753083941765174,0.0015934942077386,0.9465813732565505,5.85597386358795,22.729466997488583,0.0134030510374563,1.0
17,3Item6,Easy,0.9430719995133972,0.0524607769207281,0.5980501656609092,0.0642005636669524,0.6376086753763158,0.0396104693657028,0.0524301340650717,0.0016388173232845,-0.4168350506126794,0.0003966042557187,0.9379565410577266,11.406393859775658,22.76670261744888,0.0250090339057127,0.0
17,3Item8,Medium,1.271331235531422,0.0193015018511871,0.8237482312141615,0.0181018189814016,0.7938366202781639,0.0079230734164693,0.1480936380008543,0.0031719048816387,-0.3240901156184665,0.0012504832188672,1.0376785002019893,5.562309630747127,23.186974756925824,0.1630131478395982,1.0
17,3Item7,Medium,1.121793710540075,0.1131193039523476,0.7626203876897168,0.0790216131257956,0.7494916952420959,0.0493418399865712,0.1289474049392479,0.0204950322449649,-0.3799513945872927,0.0026246217020652,1.0175154374831905,5.914151385191726,23.132271154719685,0.0875553573740318,1.0
17,3Item9,Medium,1.0761949833381983,0.0340618009013666,0.7131147172237281,0.0345691134951634,0.7472454421378928,0.0241620508887269,0.0985981315044898,0.0078618723868415,-0.3613613292848137,0.005859779819572,0.9543233356635156,7.232464488708559,23.33165738765477,0.1053470573583288,1.0
17,3Item17,Difficult,1.2013394947722351,0.0313099897049245,0.7793302307511016,0.0522030362545404,0.7827157554034874,0.0242672883548985,0.1222199403686594,0.0039046259759917,-0.3705142325180319,0.0047475765480031,0.9956733714603566,6.376405126653251,22.884868966358617,0.0221993602902978,2.0
17,3Item19,Difficult,1.166915620763441,0.0890627674016445,0.7039296419460667,0.0486426067833161,0.7181259825969355,0.0406626586038169,0.206026910511543,0.0283743412147545,-0.1222092588405376,0.0827323931844924,0.9802300414899778,3.4166712665206007,23.02362167567152,0.3869889974440334,2.0
17,3Item11,Medium,1.0014994420809027,0.0208854416175333,0.6551831322752917,0.031488546472211,0.7285178907936116,0.0173805366714918,0.2756699270050867,0.0389428798638839,-0.0072223970622812,0.1030812851815987,0.8993358175812961,2.376685635272675,23.997446886674517,0.5369640144219943,1.0
17,3Item4,Easy,1.0111546241794245,0.0659386527851147,0.6594068832748009,0.0552861459260382,0.687905088142682,0.0266953314233881,0.1625039133985915,0.0122798661625508,-0.3098096574744335,0.0019338839205162,0.9585710820719324,4.057765820639587,23.657864576282613,0.1357114666909083,0.0
17,3Item13,Difficult,0.7546158834016563,0.2187205091681808,0.4198446165632349,0.1444037670221535,0.4846447643297137,0.1000628528676517,0.1289137695739849,0.0103851058261667,-0.17494244309794,0.0185117830351723,0.8662917278228943,3.2567611760131454,23.22164534840029,0.0368585493861764,2.0
17,3Item10,,0.1354880500761589,0.0040784951739776,-0.0226466551788079,0.0020358912574897,0.2386388995790562,0.0024227843010996,-0.0742007715364238,0.0001603211004365,-0.2331408892889072,0.0017878090064079,-0.0948988631773439,0.30521192599213,22.864159058188896,0.0006223802850385,
18,1spl1,Easy,0.8505092262141994,0.0380612942692867,0.5682789793403559,0.034525161055061,0.6205135882415317,0.0409314499605246,0.4498864339205859,0.0067305705758166,0.1754921735504112,0.0028588134692015,0.9158188866289096,1.263158151335848,9.88141318746618,0.0030147100554525,0.0
18,1spl2,Easy,0.8635917225369913,0.0294762991734634,0.5355047995426941,0.0150597929884228,0.5351152116276202,0.0113481852692753,0.4766679877974721,0.0007367778423743,0.2402061787116214,0.0013870155238667,1.0007261748133027,1.1234311718433427,9.757936945885294,0.0001453150251123,0.0
18,1Item1,Easy,1.102545680635174,0.034255617751276,0.7646536509364451,0.0354194568962363,0.7683071662017235,0.0251359798652603,0.5522055502952442,0.005376941176482,0.3245442457193744,0.0016985795543802,0.9952434251957192,1.3847239778804024,9.999468916258255,0.0665005804871017,0.0
18,1Item2,Easy,1.0167514677203495,0.1038218338724951,0.687584822596084,0.0673645416211258,0.7764708952123076,0.0330325271579592,0.5033867874321678,0.0118650228451646,0.2434814639183706,0.0079987462267522,0.8855244173494269,1.365914787292564,10.300732328760509,0.0830655308624609,0.0
18,1Item3,Easy,1.0267756526750114,0.0845223742612848,0.7187482488381859,0.0630528888053604,0.7743922523276068,0.0298544157623799,0.4564860463769055,0.0049444472125746,0.213931868506067,0.0091700736722602,0.9281437392149688,1.5745205795932715,9.978258644755591,0.0087071080396269,0.0
18,1Item4,Medium,0.932244543502435,0.054005048407391,0.6401190747902604,0.0444255464057378,0.7690122351441067,0.0312855390434471,0.4215885929336116,0.0092170938924758,0.0831881329939922,0.0052398743739715,0.8323901924396755,1.5183464808417626,9.938065016041934,0.0090481230319795,1.0
18,1Item5,Medium,0.924197421537368,0.1135841069134737,0.6010355914139333,0.1137452071669003,0.7242343790419173,0.0555288140655179,0.4260131892859699,0.0222435461606194,0.1245182052515711,0.0054530256271827,0.829889851844902,1.4108346776460938,9.803180454699987,0.0149475193470403,1.0
18,1Item6,Medium,0.9617989332473986,0.0563597253657501,0.6553197797590846,0.0555940425218735,0.7687750681342953,0.0302486020763835,0.4057390979723941,0.0103323934831073,0.0841415440164204,0.0065902822974396,0.8524195886449065,1.6151220523530103,10.051548785169237,0.0472313483618085,1.0
18,1Item7,Difficult,1.1123976801306883,0.0481668848017934,0.7869639049131925,0.04149819377298,0.8608188425697537,0.0218507674139721,0.4187519216409616,0.0072957967826448,0.1209925922378357,0.0049535263008602,0.9142027936576328,1.8793036758509705,9.952095275305007,0.0115849564408993,2.0
18,1Item8,Difficult,0.9017490422524316,0.1001897073961531,0.6162458165471495,0.090852090323909,0.7100588634103112,0.0599209069259296,0.4000734004625289,0.0068983011634267,0.0840824716882016,0.0035223956614639,0.8678786793938937,1.5403280385715838,9.83363356962974,0.02493332506604,2.0
18,1Item9,Difficult,0.946586312233278,0.1037897683014859,0.6797400197414419,0.0905405868375939,0.7593361709721722,0.0473235463099438,0.4260439280844585,0.0141040980644993,0.0655685540187517,0.0072720293159043,0.8951754842597488,1.595465583401315,10.014966680423736,0.0755647980365394,2.0
18,1Item10,Difficult,0.8993611963277713,0.0822803325935811,0.6016195138800188,0.0525880851029187,0.6938404357646684,0.0429983120692143,0.345285373201968,0.0146174419544762,0.0265042897999758,0.010703757210604,0.8670850180877224,1.7423783866735862,10.558277691991584,0.0793701056874537,2.0
18,2spl1,Easy,1.0143693865579304,0.0323155274376001,0.6883212548643166,0.0218930317848204,0.6796943051312335,0.0352787094725718,0.4108424040813648,0.003056422300713,0.045647245575957,0.0045751135602,1.0126909067459535,1.6753859208312838,9.898101681849012,0.0005809909356772,0.0
18,2spl2,Easy,1.153810963762136,0.0264537140332717,0.8238865567185522,0.0226451817804825,0.9019443702785986,0.0312006875142791,0.3775376312092128,0.0090584936987168,-0.0055899064454337,0.0016744874825539,0.9134550537845376,2.1822576250799512,9.749322918660896,0.001708001775775,0.0
18,2Item1,Easy,0.9949388817188848,0.0268272132940951,0.622699566293238,0.0326968059796897,0.7051479356420667,0.0358399299651221,0.3328207989790888,0.0114709025754381,-0.0180085073670666,0.0015610815159567,0.8830752410145025,1.87096989501088,11.085644976837294,0.431769280422533,0.0
18,2Item2,Easy,1.2139463928675,0.0758777705447269,0.75117527477775,0.0391368909612488,0.8123361291073751,0.0351460728481293,0.606438687721875,0.0046822407054362,0.505924288167,0.0060666732311038,0.924708778980924,1.2386644376781843,10.923318402356411,0.001345602251184,0.0
18,2Item3,Easy,0.9972885695878868,0.0318784167256792,0.6617810951828483,0.0326255284710553,0.7563986200323508,0.0281774726007165,0.4641190767800853,0.0122202980668676,0.1917509694868879,0.0115848135021548,0.8749093437600408,1.4258833614224815,10.7441495042329,0.0103769466713581,0.0
18,2Item4,Medium,1.0062915174657288,0.0902890886807423,0.7270369786377233,0.0704011241405565,0.7408067047212892,0.0287926432019242,0.3974542901509116,0.0089273172688769,0.0651670628667195,0.0056585751859599,0.9814112002402204,1.8292295929981743,10.523104106333468,0.0070442642677945,1.0
18,2Item5,Medium,0.792936197469941,0.0838082588427995,0.5179894835266362,0.0817594465225824,0.6092550092673648,0.0540708430441566,0.325517654397807,0.0212193554520357,0.0909895935820949,0.0262561875444098,0.850200040126847,1.5912743448908957,10.5076171848424,0.0226098738979156,1.0
18,2Item6,Medium,0.9273520793250354,0.0966520466614657,0.622507131257577,0.0717730056343274,0.6820975829799962,0.0302533128790406,0.3280821760831185,0.011876962120998,-0.0053041917659243,0.0191075846465501,0.9126351333819338,1.8974064403103297,10.6754329804766,0.0599332154134778,1.0
18,2Item7,Difficult,1.1018526753135376,0.040052475702522,0.7141386964056673,0.0520350879109397,0.7400358547947197,0.0336204642481712,0.2802682168483181,0.0124310442857409,-0.0728978124422231,0.0206124008446278,0.9650042315848764,2.5480454273084145,10.615874280469503,0.042508272792758,2.0
18,2Item8,Difficult,0.9911728034418288,0.0580444154976549,0.6124033914127014,0.0430064218159195,0.7366517035397152,0.0268062448208168,0.3073797488953042,0.0155345843560045,-0.0334270672783975,0.0298975535784778,0.8313325783914466,1.992328386255868,11.03043284434126,0.1632602913797898,2.0
18,2Item9,Difficult,0.9431142882773864,0.0417058148944686,0.6045751338054891,0.0517882052147866,0.6883397168193277,0.0293455159335076,0.3372227530269785,0.0057062589260841,0.056329974639625,0.0107322087547672,0.8783079644032956,1.792801154659832,10.956583459979194,0.0244738442382942,2.0
18,2Item10,Difficult,0.878374888746483,0.0504014625907668,0.5684533554412714,0.0487339190415993,0.6629979397072292,0.049070653914793,0.2449497059040762,0.0115019739615556,-0.095526707583734,0.016934413677264,0.8573970807438881,2.320684699981556,11.152581995685244,0.1994811430431096,2.0
18,3spl1,Easy,1.1303080231993357,0.0116151340206379,0.8448008627167773,0.0166432916487623,0.8675382692342193,0.0043595605968765,0.4736412769285714,0.0023882263578237,0.1376355865820598,0.0015232568258687,0.973789766845352,1.7836263861306014,11.91851048729274,0.0182438800961386,0.0
18,3spl2,Easy,1.1261603358014538,0.00739588134368,0.875466094185157,0.0027755965279003,0.8648968221671766,0.0012869418935695,0.5093760278729915,0.0069690090359896,0.1614677772431139,0.0010118194796751,1.012219098889045,1.7186996002565045,11.779418221596304,0.0006907908564744,0.0
18,3Item15,Difficult,1.054184206223909,0.0078201553220615,0.763732973317655,0.011998934792083,0.8100148748157813,0.0175597542127352,0.4326254849114484,0.0039480123117902,0.1547751860844679,0.0091572211404367,0.9428617352608648,1.7653403107624783,11.817064140251308,0.0066673770187587,2.0
18,3Item2,Easy,0.9619984772508328,0.0582347753290051,0.6845570639053797,0.0735059936941656,0.6865970240159892,0.0273254931448446,0.3528231273667555,0.0046548184197949,0.0716102450219687,0.0046547504337768,0.997027430841307,1.9402218011972656,11.876814034412533,0.0111340390326094,0.0
18,3Item5,Easy,1.0262758036440804,0.0098939703175956,0.7891319198193409,0.0360409551305942,0.8939666088570365,0.0120103191320837,0.5487608175986598,0.0106060238447528,0.0880624612207632,0.0015946150379175,0.8827298796969489,1.4380226439086496,11.799806401874871,0.0034101101348814,0.0
18,3Item12,Medium,1.173897665757367,0.0162940509017583,0.8990572004186863,0.0244261972933323,0.9298668068734508,0.0086484372698689,0.4661960685692647,0.0092885966916788,0.0741502317146757,0.0029847677634226,0.9668656058129802,1.928491749589605,11.77777094510298,0.0184214521780337,1.0
18,3Item6,Easy,1.083794964218949,0.0310224969312018,0.7836227965809827,0.0435059719076217,0.7519863921954049,0.0138238180748896,0.3712993152401046,0.0030065550268569,0.1038270782338853,0.0038219456866974,1.0420690622128903,2.110482443501956,11.960384181467733,0.0050144425621038,0.0
18,3Item8,Medium,1.091151325257171,0.0338618872987315,0.7795209957143918,0.0214847204416991,0.8075499337042532,0.0064968149271435,0.433098552645957,0.0057059658752235,0.1184175484401582,0.0028706888075635,0.9652901918380709,1.799865622007746,11.89480520163037,0.0055486985836392,1.0
18,3Item7,Medium,1.15313041444308,0.0619651953238592,0.6762102128996302,0.0694789980022308,0.7262961257671684,0.0333302950806379,0.4572863404001585,0.0038921315323926,0.1375582484085842,0.0079202052710547,0.9310379855701169,1.4787424736226,12.526610979201696,0.1515709500549386,1.0
18,3Item9,Medium,0.8241247700652263,0.0466864036230566,0.5997976621532819,0.0394290003841496,0.7714582064584362,0.0155225405763586,0.4107091359861111,0.0058559613143045,0.1656706689920164,0.0072170829567072,0.777484612448652,1.4603916718859968,12.952765069805478,0.3659576022430097,1.0
18,3Item17,Difficult,1.0124036387400108,0.0155311220619106,0.7053959124102491,0.0149617910498459,0.7671545607328183,0.0159913862268426,0.4583022984066662,0.0033979490533535,0.1731913797874244,0.0057462363300686,0.9194952738613094,1.5391464884992607,12.19671469909037,0.0073469446596448,2.0
18,3Item19,Difficult,1.0880796806691588,0.0339193674337221,0.7966586456658504,0.04295674640603,0.8732642715345794,0.0274823776826875,0.4347401038468354,0.0045250651596308,0.1016728158758713,0.0030918961205045,0.9122756528103894,1.8324898166208892,11.963833158669914,0.004268865004784,2.0
18,3Item11,Medium,1.155169930248656,0.0180151649953982,0.8773306323154402,0.0302312372450864,0.8717348165582998,0.0172433810138994,0.4898601727568044,0.0011891943094303,0.2157266848983064,0.0044910762645133,1.0064180175356672,1.7909780997298967,11.964702428813926,0.0044641260932769,1.0
18,3Item4,Easy,1.280950713531196,0.0020528970790454,0.9217603764262564,0.0024457688212358,0.8479470734948008,0.0057102246076967,0.505361120196996,0.001660717129066,0.1986051789150331,0.0028351268195795,1.0870481403740204,1.8239601655678972,12.106018829608828,0.0076543877361705,0.0
18,3Item13,Difficult,1.2056613758836097,0.0298764089925179,0.8898325037883358,0.0140370205670133,0.8466475691126194,0.0065912989635913,0.490870324614379,0.0090675984936135,0.2404617523019821,0.0070361028987046,1.0510057375056785,1.8127612251283465,12.141060866202062,0.0039859496295265,2.0
18,3Item10,Medium,1.1262646358384958,0.0282049687911728,0.7045481961687278,0.0609275373712292,0.6890952228075221,0.0128054757440602,0.4497860699391592,0.0155581048099358,0.1226850691586393,0.0069848384815666,1.022423535131641,1.5664038458553933,12.08074263742362,0.0072692163425031,1.0
18,3Item14,Difficult,1.3907176383535502,0.0930921015727718,0.5095578282260356,0.0424812377642374,0.6335892048039496,0.0375668848845458,0.2245813070690236,0.0031045215653496,0.0298963853495266,0.0060215265774102,0.8042388035081869,2.268913499358731,12.7976487787717,0.2559346520369154,2.0
18,3Item3,Easy,1.3814652262208365,0.01971732908607,0.6286263249718423,0.0183301193621079,0.7002242097023331,0.0224391287516085,0.2741636995624095,0.0315294939493525,-0.0103379309420353,0.0502407670671325,0.8977487760531678,2.2928784266361943,13.641997006874252,0.0966426909503555,0.0
18,3Item20,Difficult,0.5571313235847911,0.0797908065248888,0.3418057209220117,0.0507983521974127,0.5895193834387754,0.0574146785553074,0.4241112065184645,0.0057913376027667,0.2012394515354713,0.0110652928378506,0.5798030577470438,0.8059322878912013,13.69754808313552,0.1180581109217108,2.0
19,1spl1,Easy,0.831721916129884,0.068592947886967,0.527623853128264,0.0765800121023882,0.5388567388497617,0.0286596856312696,0.0211539875850937,0.0036619230632035,-0.5622962612808927,0.0110834663429101,0.9791524090468156,24.940872737738676,6.454933005667467,0.0091364728605327,0.0
19,1spl2,Easy,0.9176918790029848,0.0273306393410329,0.6350112958469203,0.0228595302105966,0.5931830552518116,0.0078160939831109,-0.0460536168631906,0.0027279822047373,-0.6514456316757247,0.0034521451286496,1.0705130898661002,-13.788821115928323,6.320624787523741,0.0008052459146,0.0
19,1Item1,Easy,0.9779985671035156,0.0231564384926342,0.663471899180664,0.0109446986728071,0.7014858202353516,0.0094871141701892,-0.0236267767467773,0.0034848647013054,-0.596513237961914,0.0007561549138409,0.9458080751368452,-28.08254332933897,6.284699769898727,0.0024461758245336,0.0
19,1Item2,Easy,0.8653185055794755,0.0434541176280089,0.5818618220988184,0.019753963500938,0.6417697559439948,0.0198519600285726,-0.0465027347338135,0.0044370482632594,-0.6418133279049856,0.0034337081892316,0.9066505706433212,-12.512690664757509,6.2250854062700745,0.0014727412608979,0.0
19,1Item3,Easy,0.8798871254320719,0.0466983418745754,0.5519638878479991,0.0369125766295178,0.6070987667036756,0.0195541323764122,-0.0505735264670581,0.0050925291317884,-0.6151652729893432,0.0034211001518477,0.909181518624124,-10.91430320784026,6.142909969412679,0.0047597434061529,0.0
19,1Item4,Medium,0.8686617863788779,0.0324577609953165,0.5766563889969711,0.03015220070606,0.6044305334741651,0.0124572464026251,-0.0250294074542317,0.0025227194645213,-0.5878014432963355,0.0131119986383654,0.9540474926621592,-23.04007516464945,6.026053799560371,0.0035994722673025,1.0
19,1Item5,Medium,0.753811612301521,0.0521599893978321,0.5398583760052756,0.0714437888993006,0.582252521040715,0.0195774263496389,-0.0602223725390489,0.0085979651616421,-0.6634311481171565,0.0052289555684378,0.927187825400072,-8.964564460154383,5.924225634585618,0.0035983038894473,1.0
19,1Item6,Medium,0.7729507594328446,0.0412543003452581,0.5183531997083618,0.0285702796405836,0.5280256876801859,0.0210128483472465,-0.0529249782043433,0.010720975831907,-0.6107207823853859,0.0407612204288411,0.9816799260387324,-9.794297732248362,6.053651108342008,0.1263542200138878,1.0
19,1Item7,Difficult,0.7936485543036186,0.055711611948424,0.5947885529491284,0.0669762109738442,0.6043068249783339,0.0400153277128133,-0.0502614216674218,0.0046782083024287,-0.6364273397631579,0.0030638167373478,0.9842476439394992,-11.834133762046452,6.550237267439101,0.0050217997499777,2.0
19,1Item8,Difficult,0.7517720007980494,0.1024839782318427,0.5557465542957162,0.0467962363404592,0.5222577783561326,0.0276441341317853,-0.0922337427852686,0.0070749310146259,-0.684341329920337,0.0070100398017592,1.0641210398511445,-6.025480079125217,6.218904217445664,0.0345986660428402,2.0
19,1Item9,Difficult,0.5941037776053032,0.0385716420698952,0.388418313356547,0.026737979541221,0.4767352690182496,0.0117615211397415,-0.0874595566512437,0.003634211953019,-0.6703496533722761,0.0017217172991276,0.8147446263243677,-4.441169946417395,6.070574101034964,0.0095263070487133,2.0
19,1Item10,,0.7509256190819209,0.0300903284201374,0.685425330090077,0.0793149109720914,0.6172206848268814,0.0341904542266032,0.0429027962940054,0.0504786566932808,-0.5325952117267431,0.1232336413146736,1.1105010516315954,15.975866690049656,6.133411749250389,0.0272473029983674,
19,2spl1,Easy,0.7532066126773341,0.03483960819065,0.4380561332769712,0.0208417636908455,0.4653763955605987,0.0445465843689494,-0.0907476372999529,0.0067366067051303,-0.6013793346532498,0.0031203963768794,0.9412922446507828,-4.827243700821938,6.983295614127201,0.0067846940201229,0.0
19,2Item1,Easy,0.785530530388809,0.0292867082623193,0.5113070600320839,0.0174472378880241,0.5326157701518114,0.0139455296841148,-0.0897345957671839,0.0017764960225182,-0.5908903176026722,0.0041269446568688,0.9599905385749428,-5.698056069865774,7.187942350978461,0.1308104605622488,0.0
19,2Item2,Easy,0.779649184240652,0.0455376970443908,0.5568892237651407,0.0320239616431006,0.5778105204103658,0.0201372050477801,-0.0664582416605694,0.0051385107932499,-0.6087354008212945,0.0032570485379274,0.963790447393008,-8.379662018015347,6.975241368525281,0.0110303797875656,0.0
19,2Item3,Easy,0.663367024857407,0.0573616799853611,0.6834481657352903,0.082487558085772,0.635640681484363,0.0340423002860682,-0.0088422223361499,0.0124953250349112,-0.6243922754791996,0.007092707410317,1.075209800809929,-77.30245205358212,6.800477090887065,0.0058620829811983,0.0
19,2Item4,Medium,0.6645358233560206,0.0941943292048546,0.8172185734968407,0.0921825442960029,0.6323652436731787,0.0385080542793242,-0.0193107337516012,0.0117844914096449,-0.653634415680001,0.0158123859142895,1.2923184652455892,-42.32158682297083,6.928930847745641,0.0382574241864744,1.0
19,2Item5,Medium,0.7485380421560903,0.0414386186032814,0.4962439959566186,0.0401308354052377,0.523776683085103,0.0259032092559822,-0.0471956863379743,0.0161631754619124,-0.5819965242672178,0.0615657933965586,0.9474324927967374,-10.514827716045746,7.026102903845263,0.0905784813810017,1.0
19,2Item6,Medium,0.9297455831381944,0.0814100306677115,0.8733825011154708,0.0648458153761697,0.6971811937497608,0.0414661347147662,0.1274682081746277,0.0333591295772978,-0.4305349393430903,0.1376158384802787,1.252732082008614,6.8517135520209065,7.372445802888676,0.0443073913639238,1.0
19,2Item7,Difficult,0.587353225228779,0.0902178365218506,0.7168508062628871,0.1115954798114533,0.5113465870199218,0.0652150712771293,-0.0961233501024859,0.0135449370302313,-0.6834336217350405,0.0064575064137747,1.401885575407945,-7.457691218520754,6.900389101064098,0.0114134533744767,2.0
19,2Item8,Difficult,0.5440448421161636,0.0839393644346,0.3542066624959662,0.0493150984136796,0.3657858565190215,0.032847813424135,-0.1473494577262598,0.0078196167525173,-0.7310576916872725,0.0035892100381051,0.9683416891102726,-2.4038708511900557,7.005933463290449,0.0166297752561481,2.0
19,2Item9,Difficult,0.6172552467384623,0.0458623666924333,0.5909788192212407,0.0660012053689168,0.4287495684374655,0.0185155727203801,-0.1218971654043584,0.0077672122466622,-0.7752782636887593,0.007608256175373,1.3783744272923026,-4.84821501366203,6.924785811173766,0.0088718731559524,2.0
19,2Item10,Difficult,0.7850909415359506,0.0238121752269646,0.7004911733312612,0.0916806078497833,0.5934725284251903,0.0213587134344401,-0.0820439122369029,0.0146712853284501,-0.741650524485692,0.0023407946046433,1.180324209556654,-8.538107122630635,6.98552793194338,0.0263156088791722,2.0
19,3Item15,Difficult,0.8909370634391041,0.0238904419000514,0.6130017405218151,0.0326541361117661,0.5300395665690621,0.013697034066282,-0.0568581748706252,0.0029203660822262,-0.6179622525866776,0.0045628023532727,1.156518536854185,-10.781431576870636,7.572484150624991,0.0129489171667487,2.0
19,3Item2,Easy,0.8478625394706117,0.0366617762492541,0.5513535898383656,0.0233400939762686,0.5792552375758857,0.0183449523518322,-0.0804167356592189,0.0043728083403581,-0.6059298417270531,0.0015735579423936,0.951830216185001,-6.856289820873604,7.52945373875327,0.0015581427061676,0.0
19,3Item5,Easy,0.9042325111236263,0.0044601039809036,0.6326309678516484,0.0021752094161765,0.6280228332554946,0.0009535679373565,-0.0846377292788461,0.0011297858906117,-0.5654733000192307,0.0005105981116701,1.0073359231802903,-7.474662280100258,7.485993523171771,0.0024049419565286,0.0
19,3Item12,Medium,0.9814536455690464,0.0033367509177263,0.7863265988604449,0.0442090334147342,0.657036690280866,0.0084370990506366,-0.0934111169326506,0.0036312697069967,-0.6570097520157988,0.0020560721379485,1.1967754825819985,-8.418002510663719,7.341390663303977,0.0017767923776563,1.0
19,3Item6,Easy,0.9011641154154864,0.0070213124326291,0.6951163391855524,0.0506551266377289,0.7621273365250235,0.0191055378152187,0.0403968507889518,0.0013258294671804,-0.640007549756846,0.0033987600400686,0.912072555069902,17.206765350389762,7.25302986378148,0.0001327721040389,0.0
19,3Item8,Medium,0.9278316940053885,0.061163412074661,0.6893344978201065,0.0799004616568035,0.6457831769289429,0.0246845771533495,-0.0468348893236683,0.0043406979571195,-0.6840430168881927,0.003503095887165,1.0674378878378057,-14.718711338623304,7.180243954992879,0.003341667716378,1.0
19,3Item7,Medium,0.8786244722873583,0.059121362265902,0.9261935924837392,0.0525115292105847,0.7929108191740327,0.0200287961361824,0.0623857609011882,0.0116059460818344,-0.5980979734963393,0.0365273508002012,1.1680915457264145,14.845995834768493,7.67760342386928,0.0772826117578636,1.0
19,3Item9,Medium,0.8904591546359537,0.0209904730914528,0.7213996400728898,0.0673193640708277,0.6956203822278109,0.0356983989862784,-0.010554952571939,0.0084890793037029,-0.6768053811887886,0.0028427649102839,1.0370578859472677,-68.35350406926742,7.437806800352762,0.0131753231486052,1.0
19,3Item17,Difficult,0.7871934359695498,0.0838326088999042,0.5283188730336189,0.0471694736249274,0.5175570644083043,0.0249443280223274,-0.0630135430153301,0.0168739472925128,-0.6000929121826409,0.0819086663724533,1.0207915002495749,-8.384344572557337,7.438388866431222,0.0289600268846446,2.0
19,3Item19,,0.8073763366274103,0.0132160335402371,0.7428374710936678,0.0680371654086825,0.7593083898957055,0.0556416729277916,0.0285612832608041,0.032805324290548,-0.6987970315008765,0.0073721118232816,0.9783067099903768,26.00763616517522,7.327778203213742,0.0047162508953888,
20,1spl1,Easy,0.1889923704639274,0.0404425058820172,-0.0199664670833551,0.0309838395384294,0.2710868576298419,0.013179632447011,0.4811181319372612,0.0020457647334995,0.230764716674258,0.0017076397957372,-0.0736531221203512,-0.0415000480295986,1.367851914984782,0.0007700630173848,0.0
20,1spl2,Easy,0.2860173203577993,0.0478398248572002,0.0690704736949462,0.0705790198718952,0.3148717410147765,0.0308490604855287,0.5151541197206999,0.0028088396119037,0.2902024830506956,0.0006689916039872,0.2193599657828267,0.1340770401978999,1.3258364881611375,0.0003488519797053,0.0
20,1Item1,Easy,0.4702125193066386,0.0057434074247966,0.1998316685767346,0.0141016806194531,0.4032418408562176,0.0097805583897823,0.4882115634088946,0.0007686701640865,0.288276047521589,0.001421727082918,0.4955616029101126,0.4093128353384238,1.2830044152358202,4.923127773276956e-05,0.0
20,1Item2,Easy,0.5948502272761191,0.0209555278536714,0.2337916899831489,0.0129573062710097,0.456039263499673,0.0102924248955902,0.5155095657595574,0.0007335031888342,0.2767532552618209,0.0020587041078125,0.512655808478447,0.4535148365750338,1.2744664965553318,0.0002742838466538,0.0
20,1Item3,Easy,0.3615945645371589,0.0106101103346874,0.1392755244617831,0.0041198904478349,0.4285813516693524,0.0033408363997716,0.4376181910187326,0.0012035022569077,0.2194494837023589,0.0027588990467269,0.3249679412119913,0.3182573509574933,1.236427409184884,7.534465586556648e-05,0.0
20,1Item4,Medium,0.4591823312361964,0.0106739857985488,0.2387065514933625,0.0048857711816615,0.4530411032954074,0.0056862599762874,0.4460091448264848,0.0035632380038998,0.2373362293751467,0.0038179904523392,0.5268970582579899,0.5352043092791727,1.2435366208018597,0.0008656967398684,1.0
20,1Item5,Medium,0.4379345722165025,0.0281723824273073,0.1611492198250129,0.0079751327433272,0.3910501780913082,0.0053155252565049,0.4216965968536269,0.0021691884620162,0.1857389508551165,0.001797089462258,0.4120924033820083,0.3821440317122522,1.2115096124997111,7.817322063146726e-05,1.0
20,1Item6,Medium,0.5082984334591484,0.028818559676685,0.2061897233854378,0.0197300047127248,0.5730502702828921,0.0082530173186629,0.4521675947543279,0.0010036714203902,0.1724169748463467,0.0020561587757479,0.359810254471036,0.4560018669528891,1.186419921607346,3.1759950358859295e-05,1.0
20,1Item7,Difficult,0.4369453080560221,0.0068213557340472,0.1303533081154822,0.0052522334828874,0.4361120559332025,0.0034831828303368,0.4357406514859252,0.0006174899868437,0.2110230097890055,0.0013495190726341,0.298897972308006,0.2991527380294347,1.1748163730542585,0.0006122388366229,2.0
20,1Item8,Difficult,0.4645317503333774,0.0216937927959067,0.1510970110308393,0.0265502412447212,0.4848986980756773,0.0119870115329665,0.4288727449665018,0.0058371427563754,0.18155396119564,0.0023034854270023,0.3116046712969037,0.3523111703716932,1.2279053453774642,0.0018044656402757,2.0
20,1Item9,Difficult,0.5295023943926653,0.0427392696307321,0.220397566645067,0.0438923725791564,0.5325610498325181,0.0205223777550368,0.4370517750980778,0.0026485434571938,0.1770110385133908,0.0025442648691256,0.4138439205617044,0.5042813573157344,1.1429283684238158,0.0003905819964155,2.0
20,1Item10,Difficult,0.6210168819375742,0.0267585894544808,0.3475760334436312,0.0109494426100417,0.5618906136884316,0.0092121551795287,0.4731105625779467,0.0010572705988528,0.1418095439159828,0.0022840166811541,0.6185819915731324,0.7346597735843052,1.1011150575578887,5.473396119348949e-05,2.0
20,2spl1,Easy,0.4011811115341729,0.0535570944541457,0.0065411937520793,0.0561327938292853,0.2728002843781963,0.0531732521165527,0.3750257563130941,0.0039413069913526,0.1569416340261965,0.0025629391943773,0.0239778700712091,0.0174419388536065,1.952961723063648,0.0467455731281108,0.0
20,2spl2,Easy,-0.0881271382499999,0.0186583520627654,-0.2526808408028529,0.0100853248223748,0.1214020342912234,0.0145939803334387,0.3412325222458897,0.0020539506423814,0.0814884731354448,0.0006064671020894,-2.081338759595732,-0.7404924321027683,1.490421923755257,0.0004279903372509,0.0
20,2Item1,Easy,-0.0348592390089418,0.0355810440671305,-0.2217475757867579,0.0180369738134392,0.1407706213120351,0.0068869617870365,0.307062773015551,0.0007980210200353,0.0390552844490534,0.0007375430855172,-1.5752292523166374,-0.7221547941297775,1.4006750597073176,0.0003037868744613,0.0
20,2Item2,Easy,0.7014493733362811,0.0068221352198268,0.3131857920148184,0.0108705007574285,0.4489792260557839,0.0039707818856581,0.4694954158986615,0.0004365555243967,0.2275299812992351,0.0013649639587714,0.697549187780725,0.6670674821134693,1.3477410971716208,0.0002151365212327,0.0
20,2Item3,Easy,0.5507460558249014,0.0048702939904266,0.297837105922799,0.0032403840126437,0.5209939689668199,0.0066443497142296,0.3509846064605782,0.0002296599426445,0.0481211920781865,0.0031192152255798,0.5716698311184019,0.8485735609680943,1.3887709512709514,0.0004612853642089,0.0
20,2Item4,Medium,0.7040419370035604,0.0050678353252171,0.286849580820843,0.0083207211817364,0.4680403495503271,0.0037780892006562,0.4157239881412624,0.0011266704338525,0.1412607464049384,0.0017959394732858,0.6128723051850762,0.6899984100146805,1.6025932170109618,0.0051716328126449,1.0
20,2Item5,Medium,0.5619796920687895,0.0210078142713746,0.3512187864234664,0.0042415744483532,0.5469157212678729,0.008792987438004,0.4257741133428949,0.0009600769154674,0.1152984522662599,0.0020462560123089,0.642179645941825,0.8248927084205011,1.4887847446670974,0.0003069456098112,1.0
20,2Item6,Medium,0.7113516496732996,0.0018084717036595,0.3034506325488422,0.0086471620338586,0.57666824536089,0.0093042882730151,0.4315391279504341,0.0030945158949734,0.095340240989128,0.0020152812871322,0.526212616660244,0.703180568606811,1.4420999539760295,0.0008077934907309,1.0
20,2Item7,Difficult,0.6662245588928247,0.0198773873409239,0.2788145879633685,0.0024928627506577,0.5038260776895771,0.0097042991395329,0.389180661749081,0.002115541248353,0.0927765613263645,0.0008110211233731,0.5533934167292901,0.7164124504487317,1.3722147039396737,0.0003235278785032,2.0
20,2Item8,Difficult,0.6044131400896586,0.0081376672020717,0.2581045588953313,0.0044655570331347,0.4532089262495507,0.0020954956214546,0.3662127543855923,0.0037050126753979,0.0657699586533019,0.0015004443967105,0.5695033227343995,0.7047920942465992,1.3271765627534855,0.000232728454821,2.0
20,2Item9,Difficult,0.6873677198468141,0.0030269529450453,0.3841107727778614,0.002058941633527,0.5957793297084338,0.0081239694513218,0.4041676502529309,0.0032118014617117,0.055872042773553,0.0029607695032355,0.6447187891648581,0.9503725054812708,1.2975932513886308,0.0004806949483344,2.0
20,2Item10,Difficult,0.5965675708900786,0.0102100263485382,0.2737326997171178,0.0055290367194597,0.5358217124043891,0.0056732908983876,0.3766975932148866,0.0018703525670119,0.0408758808899248,0.0033520547040559,0.5108643089965358,0.7266623891025995,1.257996608781949,0.0001374054512413,2.0
20,3spl1,Easy,0.0780012208646983,0.0083582505672822,-0.2132430902878209,0.0031341709690938,0.0751263803691752,0.0030108673934409,0.2056464568584242,0.0009885734096371,-0.0703354737916559,0.0014183768829524,-2.8384204166303477,-1.0369352169262456,1.9204598478444628,0.0231919940340187,0.0
20,3spl2,Easy,0.159184667439404,0.0227718044626339,-0.0466253310758264,0.0324440322319904,0.2650783816257629,0.0340353298978263,0.2200979885668054,0.0039893873812612,-0.0706245543243706,0.002049536970648,-0.1758919565522894,-0.2118380069778217,1.6200500666254092,0.001941515368131,0.0
20,3Item15,Difficult,0.2120183584755841,0.042492995738762,-0.1041884115570427,0.0079126856353188,0.2532573097740154,0.0040881510276621,0.3482411889818591,0.0100867459275184,0.0819099592667189,0.0157016708200668,-0.4113918775261944,-0.2991837716781357,1.492275028580761,0.0008064002930149,2.0
20,3Item2,Easy,0.4042319267878322,0.0022826614169876,-0.091744458298888,0.0050790497616653,0.2922971220787321,0.0037029915546524,0.3349321796696831,0.0138429875670166,0.0555019447432387,0.0078811728971424,-0.313872896775492,-0.2739186914517338,1.4230040143709208,0.0002678024660303,0.0
20,3Item5,Easy,0.3199366777746527,0.2128048279102844,-0.0025172934878327,0.1237455741469573,0.3026950369294415,0.0862626087173515,0.2271209748873408,0.0092502918770643,-0.0506569764298828,0.0079589920403542,-0.0083162419745175,-0.0110834431106077,1.3756309831414142,0.0004533344323975,0.0
20,3Item12,Medium,0.6535790256305763,0.0122533789810047,0.2663209450215538,0.0105904355882776,0.4934561690992481,0.0051118881552231,0.3549522060568922,0.0009902114930866,-0.0140938543424348,0.0021465927979604,0.5397042776938339,0.7502987449530676,1.322785517731366,0.0002138408308,1.0
20,3Item6,Easy,0.5716179667220057,0.0036516125739647,0.1819266514404761,0.0036849494264973,0.4619393050762987,0.0105609905677734,0.2812942151189394,0.0005713254611333,0.0474758113240981,0.0023362654210581,0.3938315177118553,0.646746342142907,1.2790038933383645,3.12113760714189e-05,0.0
20,3Item8,Medium,0.5329797853659186,0.0161068788715907,0.1921274034704517,0.005848862503114,0.447507602175753,0.0046820818181032,0.3291960330791716,0.0001330886797019,0.0276370175408283,0.0004289350016428,0.4293267269865715,0.5836243470160476,1.4144458487397968,0.0118786741784082,1.0
20,3Item7,Medium,0.651767174677176,0.0214287926448603,0.3131629118074555,0.0085248849317081,0.4887199276597428,0.0058493968958967,0.3592219927088279,0.0002557919094,-0.0029054193899109,0.004570617201654,0.6407806461389878,0.87177858367572,1.3645466168434368,0.0004883036137603,1.0
20,3Item9,Medium,0.4838742070251778,0.0163398703262784,0.1872019007453347,0.0081608668407585,0.4267615451420602,0.0030417471080196,0.3489089181135122,0.0028102363570487,0.0066009709522679,0.0047558879778741,0.4386558822377891,0.5365336180682361,1.2953517675739898,0.0005084947560461,1.0
20,3Item17,Difficult,0.5790993531114806,0.0159561694027951,0.3022338461600303,0.0184256157970811,0.5044111788602893,0.0065671396715292,0.3318708986023685,0.0014588014347664,0.032954500591195,0.0022205125865258,0.599180310917398,0.9106942993150228,1.2247339846857337,0.0004164779007806,2.0
20,3Item19,Difficult,0.6032293696466339,0.0091850701322888,0.1967628581712218,0.0049284324569262,0.5468277524943027,0.0069455337072401,0.3493608774069534,0.0042316893492607,0.0080238535486197,0.0036222266527784,0.359825369960355,0.5632064369233485,1.1778809300423132,6.42012265601369e-05,2.0
20,3Item11,Medium,0.6014432593726065,0.0242310705444947,0.3226969995931812,0.0210231702203667,0.5139349702474619,0.0040053301170448,0.344955204486369,0.0029387740870828,0.0049696288107489,0.001635859568757,0.6278933919293516,0.9354723741631746,1.1833398228382557,0.0025882747976886,1.0
20,3Item4,Easy,0.735797952745035,0.0066550832465317,0.3565681394650993,0.019171760813906,0.5721532886342581,0.0097103182363298,0.3377166252976051,0.0030486924689665,-0.001871277651285,0.0016448317439706,0.6232027733572242,1.055817383386143,1.2163379830046497,9.844464216049528e-05,0.0
20,3Item13,Difficult,0.5590449780170687,0.0164631916642083,0.2835305843786583,0.0083252130273966,0.431637550424051,0.003212224710698,0.3175843998413558,0.0020427345310845,-0.032728696485402,0.0015411327088346,0.6568703932957605,0.8927695810962691,1.182135837654232,7.271911177582435e-05,2.0
20,3Item10,Medium,0.3969709896306481,0.0460794331118336,0.1471762233137336,0.0214774038895326,0.3749737759268727,0.0057871235729099,0.277418447404459,0.0014341341633454,-0.0359166281029191,0.0006073682572316,0.3924963297862889,0.5305187674862627,1.1563551959591565,5.671861720897772e-05,1.0
20,3Item14,Difficult,0.604130044808732,0.0272271361663222,0.3068622239644534,0.0206073861955855,0.5233667850767219,0.0151382096408024,0.3389120300961658,0.0040182461553781,-0.0106172024794861,0.0021082107587539,0.5863223391165922,0.9054305875385849,1.2362667935868925,0.0013547878510108,2.0
20,3Item3,Easy,0.5642348360842304,0.0057804702521252,0.2443897807306618,0.0132795542043268,0.540594331533094,0.0095530084617691,0.3227321268991228,0.0004489255571008,-0.0208079289845334,0.0008957717305097,0.4520752704940828,0.7572503730212088,1.210759187902045,0.0003212250449225,0.0
20,3Item20,,0.7848246403295794,0.0443050447409342,0.3202712916716939,0.0171199505936569,0.5752392968436917,0.0286070619135519,0.3610565333359813,0.0025844910847575,-0.0212039635768691,0.0028425108981233,0.5567608761573257,0.8870367243484882,1.1727691950906234,3.754307829455883e-05,
21,1Item7,Difficult,0.7740014522489566,0.0151968342090098,0.3606200079555506,0.010076276447164,0.5092504460620916,0.0150567493785017,0.2095162071894138,0.0047594959167742,-0.0346567001487433,0.0052644554969283,0.7081374255176512,1.7211951838854571,3.0143251359879533,0.0133888151649027,2.0
21,1Item8,Difficult,0.7455537410959375,0.0163967796014779,0.354887440152594,0.0142042893125737,0.5161596040826282,0.0140386668706002,0.1991104989307903,0.0041170838195325,-0.0350111066027558,0.0011695163115715,0.6875523574359866,1.782355323817587,3.095577286496128,0.0265618192112547,2.0
21,1Item9,Difficult,0.7870841291549789,0.0471622111683763,0.4017786931068229,0.0262754424288481,0.4866063585728595,0.008870171642952,0.1843462586550395,0.0042898272213134,-0.0745388185993809,0.0025017230830203,0.8256732785241365,2.179466600361293,3.245898075324509,0.0124369744412816,2.0
21,1Item10,Difficult,0.602816923787943,0.0615894968732926,0.2811581029234482,0.0170512834070436,0.4426654848903811,0.0080412665097171,0.1770396557330285,0.0035620254352856,-0.0440020851614635,0.0015780152610849,0.6351465776612212,1.5880990824357617,3.318368185034851,0.0113116032171964,2.0
21,2spl1,Easy,0.7321390496974759,0.0602916517004952,0.3586245732340476,0.0443614155418479,0.53757759920321,0.0190594315865948,0.3318876170540117,0.0036248480678091,-0.0394891223160895,0.0088896932220585,0.6671109559896822,1.0805570146314627,3.3971318981564878,0.002210746053663,0.0
21,2spl2,Easy,0.7565220942754655,0.025110316787887,0.4259685713603819,0.0036475541120479,0.6134646951687589,0.0047371717838355,0.3601054036002983,0.0043305584152974,0.0551974977809785,0.0021559082871536,0.6943641261687856,1.1828964081216051,3.305775252714027,0.0004790300851924,0.0
21,2Item1,Easy,0.6350807020485221,0.0300617250702126,0.2706244255181322,0.0302998098105018,0.5173288420897738,0.0147653811550812,0.2790824790588235,0.0051491645568248,-0.0563441244051112,0.0052240079221431,0.5231177548639654,0.9696898807151954,3.4476414369804558,0.0016826931301571,0.0
21,2Item2,Easy,0.7129672894280722,0.0575483380038747,0.3046664566673957,0.0309378800987169,0.4893142720488161,0.012622790804929,0.2716343578581471,0.0064062426967551,0.0012500823145721,0.0056420362867876,0.6226383562314012,1.1216008809372235,3.464120269276015,0.0078167883489643,0.0
21,2Item3,Easy,0.5107688342189315,0.0816977720752041,0.1936085990395434,0.0458021383036913,0.4063857654685609,0.019728160607765,0.2524780450053913,0.0030334434098318,0.0034911025216583,0.0041590190672983,0.4764146263875354,0.766830368181285,3.550671874544553,0.005417156175587,0.0
21,2Item4,Medium,0.5121028589335176,0.0774274132685472,0.2288886572864499,0.0438189015288717,0.4427377417048693,0.0194174651579412,0.2106884110911954,0.0026646236489694,-0.0466445799227072,0.0072751143083579,0.5169835745682895,1.0863795009962656,3.373344108595906,0.010806327828043,1.0
21,2Item5,Medium,0.5768284996495069,0.0780385679212744,0.2736432239521346,0.0824582476315154,0.5005531002060598,0.0326686332506958,0.2639468037772163,0.00395051628955,-0.0211760427546561,0.0054329116195909,0.5466806162200762,1.0367323388797796,3.3454433300587136,0.0070400819516365,1.0
21,2Item6,Medium,0.5503608511503073,0.0558575547962522,0.2234236955550893,0.0613910518793809,0.4800966778484993,0.0306000829960313,0.2593119028007563,0.0088927302956995,-0.0620952390905254,0.0079618937698979,0.4653713314264215,0.8615988373195508,3.2832595244427742,0.0059524495390961,1.0
21,2Item7,Difficult,0.6653572279567912,0.0386637811974187,0.3461315778225803,0.0322104628379373,0.5256589709222851,0.0143499931701667,0.1993594861277682,0.0048539655757641,-0.0356626832323093,0.0042378887195449,0.6584704884704894,1.73620953954109,3.364194005351561,0.0065361629759066,2.0
21,2Item8,Difficult,0.6794488902767178,0.0534114940028842,0.3594653793197471,0.0358642343841417,0.4688565538381829,0.0117796855500572,0.2161299063009574,0.0043720865376209,0.0065812015066787,0.0051314435921338,0.7666835617280245,1.6631836023451434,3.418736267867781,0.0052823175160495,2.0
21,2Item9,Difficult,0.7270458631023824,0.0390018791108437,0.3368119443507657,0.0543253035285348,0.527280839694057,0.0271384454738409,0.1946276924021221,0.0039959138813118,-0.0916233149347712,0.0063723589371232,0.6387702344275558,1.7305359255812034,4.273512005074879,0.2314739388226017,2.0
21,2Item10,Difficult,0.5607425911513598,0.0624707254155102,0.2849888446570691,0.0529519383491226,0.4902332152420615,0.0245930388191512,0.1532645463067706,0.0060379271477218,-0.1011378550725035,0.0060802335850993,0.5813320159963764,1.8594449406564335,4.113744242518773,0.0058611383328069,2.0
21,3spl1,Easy,0.5045454652376586,0.0072303496896543,0.1863425081402413,0.0386425893426672,0.4299373532708908,0.042564216581045,0.2608826658666436,0.0023581784498002,-0.0279663271740209,0.0047433503221028,0.4334168066714269,0.7142743395651853,5.513599798581507,0.0031748012369567,0.0
21,3spl2,Easy,0.8243022613398817,0.0091429727307965,0.3868541182680683,0.0009360807004765,0.4270250348856767,0.0007182238402465,0.3765911079528581,0.0038931470914927,0.0756480007907358,0.0032484019063831,0.9059263058085834,1.0272496690676662,5.704582563434709,0.0374275848238067,0.0
21,3Item15,Difficult,0.6200546887918224,0.0143297469797615,0.2608431383715162,0.0167455122340265,0.5050908946304903,0.0147643708748704,0.2749642072103654,0.002485788074545,0.0610800859843501,0.0035712244057429,0.5164270920687433,0.9486405244426254,5.71974824458305,0.0191799960354335,2.0
21,3Item2,Easy,0.7113789787480709,0.0190108241817188,0.3224165842335766,0.0328213420502067,0.4877132504212721,0.0108751489841631,0.305449410854536,0.0018097556513108,-0.0279564526824556,0.0014521683649783,0.6610768169170439,1.055544771838989,5.843292256171273,0.0037869751399951,0.0
21,3Item5,Easy,0.6174126182581731,0.0102096550775146,0.3565445818990385,0.0029691726079812,0.530160613439904,0.0023974867792615,0.2751641608576129,0.0011734736418245,-0.0320295181778846,0.0002826185953362,0.6725205538470286,1.2957475459022088,5.987335981262395,0.0350192934974972,0.0
21,3Item12,Medium,0.5647238367006969,0.0090292683525556,0.2223564160107879,0.0095344427200662,0.4600373947328129,0.0054759966795977,0.2512078475307223,0.0018765251095442,0.0322501954211672,0.0023344305358765,0.4833431699541753,0.8851456395603036,5.9277601728129055,0.00442500516183,1.0
21,3Item6,Easy,0.790496290350567,0.0132924889050126,0.5232761109332787,0.004520737692429,0.6246764172199799,0.0086906745869979,0.3086191331485991,0.0017003749139005,-0.0196681304762008,0.0013853177558915,0.8376741282917344,1.695534590030534,5.8317550509885,0.0006061551814362,0.0
21,3Item8,Medium,0.7582739494781635,0.0360774116354025,0.4337929195154352,0.0333672048546363,0.5637392827804936,0.0166524617035242,0.2775845261305732,0.0049262398215516,-0.0239448645319214,0.0035014176743444,0.7694907260766806,1.5627360891698072,5.899318192171085,0.0033697634992072,1.0
21,3Item7,Medium,0.6873815154389735,0.0092776483525103,0.3305290749464286,0.0117031637684062,0.5266902240742979,0.0093669706060366,0.2765712830892926,0.0032084671661094,-0.0545180452377479,0.0006524879533734,0.62755758941562,1.195091103325476,5.796554551296144,0.0012037839402407,1.0
21,3Item9,Medium,0.5144770502884921,0.0059246243294699,0.2950541904208055,0.0120161942712616,0.4159201288097222,0.0181425939501017,0.1970297340539683,0.0011070412558652,0.0678795052123016,0.0047450802467319,0.7093993788322029,1.4975033810714418,6.085752088738649,0.0549551163569863,1.0
21,3Item17,Difficult,0.5936034012453937,0.0036391142626432,0.3264063983691732,0.0126914732754752,0.4922245405562884,0.0039274335510986,0.2524753800476034,0.0012952807905154,-0.0224607253113456,0.0014551872061348,0.6631236526253499,1.2928195433871108,6.010160585700363,0.0021601666149903,2.0
21,3Item19,Difficult,0.6045162727067486,0.0156035383963194,0.3022916582177971,0.0163629535781613,0.5288852119686048,0.0147603272679268,0.1993896136639346,0.0066444351708676,-0.0270629182364136,0.0088754970379749,0.5715627508847619,1.5160776761904058,5.846628079112022,0.0010600801314159,2.0
21,3Item11,Medium,0.6772889835938914,0.0080527941050868,0.3555195130995475,0.0098742853628871,0.5387288714680712,0.0083892547734071,0.2382928290409125,0.0096722021143702,-0.0715420170018853,0.0054190723832504,0.6599216637658044,1.491937556798874,5.97098079129119,0.0070395229686794,1.0
21,3Item4,Easy,0.7772375281438761,0.0172843281448726,0.4714653909836647,0.0275413435237055,0.6241667363963068,0.0512576730297223,0.2622120755328746,0.009094457923183,0.0193411779009588,0.0026271610353494,0.7553504666962058,1.7980239544711625,5.8541431009392975,0.0005496138177166,0.0
21,3Item13,Difficult,0.7348701626902376,0.0132192699190559,0.4008245521996384,0.0119804183060555,0.562477218748967,0.0040278554931194,0.2384400769957155,0.0021564837648588,-0.0147644439072572,0.0054839729781941,0.712604575322277,1.6810213963546252,6.04319985906791,0.0268611948569297,2.0
21,3Item10,Medium,0.7329020936527154,0.0073259749260318,0.5519451504572512,0.0070110860089556,0.7148348577876213,0.0148943601605729,0.2319015775900409,0.0016067353553538,-0.0194099713744235,0.0029802912790503,0.7721285165597203,2.380073374746976,6.089646209108628,0.0190210748006602,1.0
21,3Item14,Difficult,0.9295470281178836,0.0081379461841902,0.5477383187265161,0.0029557944045332,0.6200382214259281,0.0026431045844735,0.2604636288175433,0.0068468392639634,0.0714574295380724,0.0016621197017507,0.8833930174076103,2.1029278378916065,5.997696432674514,0.0004781424802353,2.0
21,3Item3,Easy,0.8115946881268533,0.0051017647158573,0.4607345371087315,0.0016760062704413,0.5522211919007414,0.0057834584217992,0.2417576966192277,0.0006062590064762,-0.0909005218199958,0.0016518658385639,0.83432818142076,1.9057619996785176,6.02722837077689,0.0088036207147803,0.0
21,3Item20,Difficult,0.6531997056471827,0.0470603076307218,0.3482416671110198,0.0161980424069628,0.5200083745615427,0.0183222992377225,0.2143580513746033,0.0038801702200278,-0.0438654314433397,0.0016149230855662,0.6696834406199839,1.6245717868122571,6.152184948908592,0.0092789337997193,2.0
21,3Item18,,0.5894781558278629,0.017327829361735,0.2996952032785375,0.0217077609684153,0.4906792465121262,0.013348932991503,0.2585436653109044,0.0017628122881748,-0.0908791815027397,0.0048677579320788,0.6107749505076748,1.1591622009224165,6.01146780371519,0.0053673566153524,
21,3Item18,Difficult,0.6289690295454128,0.0166177942302718,0.3446008156775229,0.0228270684679369,0.5029088032186544,0.0132654925871647,0.2565071090957186,0.0022768037380772,-0.0759266953503134,0.0053845334078233,0.6852139558068981,1.343430493844277,6.005710465336471,0.0022680727890224,2.0
22,1spl1,Easy,0.6579156292689361,0.0792159911247401,0.4436061590801427,0.0554990864670047,0.6806686105172036,0.0321690924765514,0.6848171472279161,0.0032983611810694,0.5224025288384577,0.0010999323610327,0.6517202358175953,0.6477722018258739,14.538353253342336,0.1773645047784477,0.0
22,1spl2,Easy,0.6868196308997067,0.0758338649527274,0.4920261881740525,0.0437780568178627,0.6797439682348381,0.0239258476324207,0.6226316836595355,0.0050385451020002,0.4527596015788508,0.0065022192878318,0.7238393973724384,0.7902350793443081,13.745064462728974,0.0816053348264854,0.0
22,1Item1,Easy,0.9377754131817836,0.036356211628215,0.7440834111548768,0.0466741199108212,0.7865287232928396,0.0162225080039247,0.6518024431830394,0.0061378215022365,0.4165762976499387,0.0121056825507437,0.9460334290225426,1.1415763738853453,14.251012676927742,2.548029365116129,0.0
22,1Item2,Easy,0.646839931863251,0.0563805070580452,0.513782270515611,0.0359040623852762,0.6670956379544238,0.0273167926037098,0.5983005983208167,0.004600928458396,0.3980056155770065,0.0037986826680109,0.7701766749882986,0.8587345779412653,14.536205601760352,0.3657826941752723,0.0
22,1Item3,Easy,0.7835552406852417,0.0404019810038921,0.606103166393945,0.0311995818077421,0.7749777190318172,0.0273385688043455,0.5866898760785547,0.0051867397885869,0.4274285249521841,0.0058042342379924,0.7820900774554831,1.0330877658182485,13.506269218909972,0.0359166954269929,0.0
22,1Item4,Medium,0.6690930639662273,0.0896469316486398,0.5704075765684652,0.0535337050609289,0.6651661303721204,0.0334934164510533,0.6718101274546951,0.007737460241054,0.4976773855284288,0.0122990790135668,0.8575402339098701,0.8490594353945584,13.477944327248888,0.2569924947749098,1.0
22,1Item5,Medium,0.7096823459061201,0.0824535781566991,0.5737069431265849,0.0687379336970675,0.7077358927296274,0.0502705207743369,0.6912947141071016,0.0107476484778418,0.5236685464711864,0.0078070106847956,0.8106217847622573,0.8299009113163707,15.909084634317926,0.7340581075044644,1.0
22,1Item6,Medium,0.6518957990261736,0.0894554030442424,0.5774019080774371,0.085823708674524,0.7321600574102815,0.0295751364034153,0.73057587011275,0.0059705788040209,0.5748111053341133,0.0122181454044088,0.7886269041947667,0.7903369675367994,16.297676301556812,1.3477982106265622,1.0
22,1Item7,Difficult,0.8408390847991886,0.0624610950853158,0.685197504187347,0.0633465584220731,0.8476517633116105,0.0431287694295856,0.7663517833245943,0.0037828753231974,0.5980688771354558,0.0034598276576066,0.8083469244061883,0.8941019320303383,15.694122325931971,0.0950907190212859,2.0
22,1Item8,Difficult,0.7667164929032457,0.0745099082494754,0.5746651697478548,0.0334985228831349,0.7301675914556389,0.0215866948344384,0.7596900748993768,0.0042074860793153,0.5863504906532844,0.0086224776189553,0.7870307987395377,0.7564458616602423,15.157658650117764,0.1384451569612909,2.0
22,1Item9,Difficult,0.6519618416594659,0.0502589233977569,0.5180762070747071,0.0271753954223976,0.6971027687222369,0.0136557664542378,0.7959693310880487,0.0060609202107777,0.6020876921006081,0.007583129186548,0.7431837702216414,0.6508737660693016,15.50596194622462,0.3214399042144822,2.0
22,1Item10,Difficult,0.8441635000547923,0.0358297168373117,0.6106070663655364,0.0329823097564036,0.74976458633391,0.0183091378019907,0.7565323322641869,0.0105825819833453,0.6142049307096541,0.0191238541975511,0.8143972962952197,0.8071119147362406,17.213851701193143,1.5377729858899143,2.0
22,2spl1,Easy,0.7003163880835515,0.0431525733052128,0.4681120030106893,0.0247253808666764,0.7260727928294066,0.0236450029956116,0.7659017589190662,0.0023608426367918,0.5089025910362129,0.0024551490424812,0.6447168423288261,0.6111898639343525,14.933483086793188,0.0133289351844539,0.0
22,2spl2,Easy,0.8736876482475668,0.0297689065164534,0.6694247277467745,0.0081154715380401,0.8171034408086237,0.0083554571501272,0.7278128774745359,0.0021727210887469,0.5455535392066546,0.0056658540610707,0.8192645815072278,0.9197746133525678,14.59401761803811,0.0739142756083335,0.0
22,2Item1,Easy,0.7949963347892028,0.0266409825261038,0.6445002969527204,0.017052699874256,0.8041703578324171,0.0105812725354612,0.7648097316985912,0.0027114708100309,0.5927437505080743,0.00559356802708,0.8014464711724153,0.8426925384811614,14.906334144801956,0.042520214584173,0.0
22,2Item2,Easy,0.6775342506288217,0.0222302607974118,0.4758970540012268,0.028677670721178,0.678665961577667,0.013037840820697,0.8161641009162184,0.0037929580859813,0.6482022589883217,0.0061781413954188,0.7012232522634224,0.5830891978436591,14.6122638109573,0.1409950167892019,0.0
22,2Item3,Easy,0.7225984577636996,0.0867899947695544,0.5014097312075537,0.0717181145070437,0.6612346091151984,0.0224132788349335,0.7872650397328186,0.0056778530019052,0.6158131719308204,0.0041654287927831,0.7582920887737606,0.6368999879351096,14.016777716035884,0.0063310330136413,0.0
22,2Item4,Medium,0.9049536676464084,0.0562510863915508,0.6692248024911603,0.0358223708405788,0.7962552177397965,0.0242138146617915,0.8188292593931517,0.0042211145613777,0.6682435405043822,0.0164572189777242,0.8404641465667676,0.8172936879337284,15.441179906671886,6.486692377711216,1.0
22,2Item5,Medium,0.7341881230083189,0.041520459761757,0.607172642993578,0.0500631933420434,0.7491056869223933,0.0256180540081263,0.8377867110437749,0.0044117225195882,0.6784788498990939,0.0038535635541781,0.8105289321178899,0.7247332886240592,16.740428862180554,0.5064858470774387,1.0
22,2Item6,Medium,0.6936417515290281,0.0627005023136989,0.5901382412274784,0.0487823778001409,0.7451094125825072,0.0254601445518873,0.8471689341379095,0.0050888826535307,0.6427417963257623,0.0043618017718494,0.7920144870638638,0.6965996046920743,15.411213199101413,0.1692109938844629,1.0
22,2Item7,Difficult,0.7613783836347624,0.0269260347078636,0.5431610113813693,0.0529100994539147,0.7339111406942619,0.0330019932527506,0.8881416050000001,0.0034278742998509,0.7370721397632647,0.0085460754499624,0.7400899661743612,0.6115695929049246,16.02186570918717,0.2618497925533777,2.0
22,2Item8,Difficult,0.6750109457022103,0.0843339074920137,0.5157445018906116,0.0415212034361669,0.6925873570819281,0.0275190332391357,0.8430397731634897,0.0038645795835741,0.6527681506543255,0.0065104023326566,0.7446623908949177,0.6117669729724852,14.876423780317424,0.2788728208320825,2.0
22,2Item9,Difficult,0.7394820775296861,0.0332021676182733,0.5472485723406426,0.0208020325001153,0.7610049417041753,0.0078730096924826,0.8286630327672491,0.0039140494517358,0.6641391103464613,0.0044360222958039,0.7191120888164809,0.6603986063123256,13.863529995098723,0.0133245156982046,2.0
22,2Item10,Difficult,0.6042069471886613,0.0609578858410765,0.4806388432362922,0.0444962116467787,0.6397190957738049,0.0278058073974009,0.8854294228940034,0.0047174964616324,0.6979804515168918,0.0041751336472491,0.7513267855919264,0.5428307304659108,13.383067260690508,0.045482827431505,2.0
22,3spl1,Easy,0.4942947726195639,0.0760254322050094,0.3713404503399375,0.0539096268369601,0.6780327327724025,0.0228703224370305,0.538432211432718,0.0021099333979353,0.2879285925487787,0.0029315108306775,0.5476725307184479,0.6896685465442166,11.624048898118282,0.0011723543767248,0.0
22,3Item15,Difficult,0.5998900730435502,0.0405804918096066,0.4716495225087448,0.0420907368873517,0.6531906094405667,0.0199117484463127,0.5025697386009021,0.0044111573849979,0.3218116376350111,0.0023539109007281,0.7220691688196889,0.9384739028415416,11.412629620505498,0.0036661448935735,2.0
22,3Item2,Easy,0.768905842292312,0.0576107577477856,0.5770766865873184,0.0715784455568546,0.7521055655754072,0.0359727569346616,0.567653005731203,0.0067484971999173,0.4048110642731203,0.0093995646209828,0.7672804799221765,1.0165993382605971,11.194575515133003,0.0044869231588222,0.0
22,3Item5,Easy,0.8224838725949897,0.0397591124040596,0.5146282124138987,0.0309803059387943,0.7584277198737033,0.0164958150805119,0.6375549926319933,0.0065726527091825,0.4854944773457762,0.0069713483115104,0.6785452593351116,0.8071890443526104,10.97152218240066,0.0037402580588801,0.0
22,3Item12,Medium,0.6632436391062516,0.1491082336473577,0.4001641000767816,0.0784146654690718,0.6197831674260227,0.0306653336408278,0.6013754459530025,0.0041238291821888,0.3954067853534214,0.0127456906614072,0.6456507298962991,0.6654136569027752,10.877307251554708,0.0057890375615723,1.0
22,3Item6,Easy,0.8737625799293245,0.0718556148256406,0.6504507103823576,0.0204664490678011,0.7707578532233991,0.0131314569863827,0.5902254363383443,0.0041254510052556,0.471013539251269,0.0022156233955617,0.8439094895402116,1.1020358803608212,10.861384957263846,0.0314311105640008,0.0
22,3Item8,Medium,0.658627298221051,0.0915114878566753,0.4630978385262086,0.0563031735732058,0.6423352910448792,0.0299321990696676,0.6326461825521139,0.005029478948165,0.4955213858170385,0.0072325972331768,0.7209585461423861,0.7320001594855143,10.883645442738626,0.0087534342128683,1.0
22,3Item7,Medium,0.7619632790153789,0.0588820418904194,0.6491453186769949,0.0919594405636084,0.7600573733873666,0.0501135549415888,0.6418985247798712,0.0083585756549011,0.414790321892288,0.0039201480771061,0.854072978347619,1.0112880499477055,10.711700301916087,0.0066805969952576,1.0
22,3Item9,,0.5343909139735905,0.0223539283290091,0.359153466389714,0.0064998894255494,0.6787240267297482,0.0101857822904232,0.5919456215722496,0.0025420947608269,0.3701986633882047,0.0028447536000522,0.529159014689936,0.6067328595199657,10.500843160904134,0.0011003282863834,
23,1spl1,Easy,0.336091766968326,0.0112694546568694,0.1935920029367335,0.0090668293997158,0.2808516291004044,0.0063421924271495,0.330756371739814,0.0019134904813827,0.0959993570478875,0.0050484088370598,0.689301017251737,0.5852991330727472,1.5327689115214034,0.0003231747450113,0.0
23,1Item1,Easy,0.3262745812869439,0.0275749128761969,0.1909498065740464,0.00569616036393,0.281659265081121,0.0049783158397836,0.366180600343866,0.0007173392654311,0.1910046377651656,0.0024619512404288,0.6779437153446226,0.5214620461397661,1.4984442198092047,0.000154429350332,0.0
23,1Item2,Easy,0.2947123313876127,0.0192973486587917,0.1832941149394713,0.0075934920569143,0.3057252548895762,0.0042367512513365,0.3525251384922799,0.0015954039648534,0.1722832367436259,0.000826202537277,0.5995367162878259,0.5199447499791151,1.4782189249183808,0.0003593009210821,0.0
23,1Item3,Easy,0.2438388468940551,0.0059983580236046,0.167990028846436,0.0029494455604599,0.3046247320156484,0.0055541488930406,0.3748074886930046,0.0004691236336175,0.1824366711976565,0.000809154681607,0.5514636854046411,0.4482023057488223,1.4385401246413363,8.879196769738765e-06,0.0
23,1Item4,Medium,0.2767610714744139,0.0170733908013378,0.2013178797364874,0.0131303929996538,0.3012244258342433,0.0026781235054177,0.3808931208950463,0.0005766497993776,0.1764401897144191,0.0016120886269002,0.6683296377752238,0.5285402653719605,1.4487805763557975,5.7917566501909545e-05,1.0
23,1Item5,Medium,0.3071508788129239,0.0323276070810952,0.2067605383688466,0.0095754327668873,0.3012037327243215,0.006991887596664,0.3901954409740413,0.0043698774827046,0.1979600517168872,0.0071577818168832,0.6864451846382005,0.529888324590336,1.4435190540453695,7.667178942834966e-05,1.0
23,1Item6,Medium,0.3137775809257099,0.0345890229306375,0.2009689758824017,0.0092967975439758,0.3284237438160036,0.0034411483153281,0.3715102642064294,0.0011731195904376,0.2208023112249113,0.0020520924808776,0.6119178888512508,0.5409498856291307,1.4516853516853518,5.680946663673556e-05,1.0
23,1Item7,Difficult,0.412152159516502,0.041423613354503,0.2440044942488774,0.018592091724777,0.3750469609728895,0.0101576415085411,0.4090827419278738,0.001689661170074,0.2093211563536933,0.0021208296289026,0.650595442822619,0.5964658803084337,1.432439936936725,7.263337433721456e-06,2.0
23,1Item8,Difficult,0.4420449037738992,0.0189002270265967,0.2853317191875416,0.007534224974078,0.3597857597326736,0.0049728400157638,0.4034964985412748,0.0018312969374938,0.2260387513804219,0.0022218080020841,0.7930578640513257,0.70714619103978,1.4388579303833542,5.139717465038519e-05,2.0
23,1Item9,Difficult,0.4804692413809117,0.0583112285848101,0.3059906689416004,0.0262048781045705,0.2830062318319264,0.0026300647380418,0.3731094760306855,0.0014960070223485,0.2262573513201567,0.0028370403760413,1.0812114833988535,0.8201074175050366,1.4680083593369788,0.0009472320381885,2.0
23,1Item10,Difficult,0.2367841885676632,0.0264780421252779,0.1872290872321145,0.0106128463002012,0.3114274127794558,0.0040009245573161,0.3758485985389002,0.0007609363029199,0.2102912178279891,0.0018940585005801,0.6011946230631966,0.4981489616058121,1.4983167626024767,0.0001107873812428,2.0
23,2spl1,Easy,0.576926128117437,0.0437317337700833,0.2907745066806756,0.0097886348396071,0.2925262336553448,0.0046310170869768,0.5637780686163476,0.0007896984442105,0.337657773610766,0.0025465251488622,0.994008328890382,0.515759670528932,1.4332608138842342,0.0002606160168252,0.0
23,2spl2,Easy,0.3931280249625884,0.0016151426334082,0.2507544227435193,0.0030175993494886,0.2917377436292223,0.0027867750633032,0.576683764446681,0.0004106418769469,0.3377578169827474,0.0019126284451154,0.8595170446823103,0.4348206129289955,1.4243862155929508,1.1850116320854924e-05,0.0
23,2Item1,Easy,0.4713928883200979,0.0317696912382269,0.3222563202992736,0.0068022444868471,0.3520000089091867,0.0060097603289953,0.5613912805842174,0.0012307803280428,0.3416332463961253,0.0011317666273839,0.91549828592228,0.5740305512642869,1.427290982305588,2.8224083106466763e-06,0.0
23,2Item2,Easy,0.4113505935582572,0.0437213102931012,0.3674019320127378,0.0089949188051535,0.49261426964118,0.0067401218512703,0.6725987045278978,0.0071644890530144,0.4668683843383176,0.0087256967188706,0.7458192115732681,0.5462415899671256,1.4331776388484183,1.980592358868604e-05,0.0
23,2Item3,Easy,0.4521516344551879,0.0407575298143474,0.3804754984389406,0.0155752645905256,0.4727387115407587,0.0038258102136876,0.728864035396685,0.0013446610394851,0.5293801302518909,0.0019527520254058,0.8048308385155344,0.5220109073168351,1.4271530408869462,3.683747651223792e-05,0.0
23,2Item4,Medium,0.4078912730377563,0.0314559738422988,0.3517366360395827,0.0119041041372432,0.4916459045891628,0.0075783152041538,0.6357556914248171,0.0153485574292047,0.4603910525893028,0.0096472708395854,0.7154253037217961,0.55325667945593,1.4347357494644315,1.6559433328782123e-05,1.0
23,2Item5,Medium,0.4169155232652953,0.0361331008523257,0.4366331320178547,0.0318340032379875,0.5733715466802665,0.0097313373095456,0.6556537498820094,0.0003762671356907,0.5245012555742125,0.0022475799105938,0.761517332048577,0.6659497732555594,1.416843958111746,0.000294951131877,1.0
23,2Item6,Medium,0.2469833983646995,0.0167066975598324,0.2216019479384608,0.0040005587032855,0.463061527528727,0.0022649235339883,0.662691226253989,0.0021730779644035,0.4816239209556598,0.0013021855735542,0.478557289273884,0.3343964802350463,1.451358955843449,4.732191885017478e-05,1.0
23,2Item7,Difficult,0.5061744637293274,0.0497324339281097,0.3147201065104555,0.0140757777490622,0.4811463776707118,0.0078336333857523,0.6477088688951209,0.0068592942780263,0.4250923156683238,0.0102915976837999,0.654103339467526,0.4858967288043837,1.4233154904796697,3.366034182059618e-05,2.0
23,2Item8,Difficult,0.43968083914988,0.0357027588032797,0.212555138075636,0.0090010257924162,0.4789937325193231,0.0060770306349455,0.5041257097618499,0.002504159516283,0.1828075282362994,0.0016990185884693,0.4437525585253934,0.4216303837105702,1.445176952219206,2.443165140480933e-05,2.0
23,2Item9,Difficult,0.4094968571865688,0.0070734100500655,0.2592330228909272,0.0105881615590098,0.5007215766532968,0.0075261598397378,0.6130432753246053,0.0094912955866946,0.3653108184460751,0.019609071873161,0.5177178640986697,0.4228618279710124,1.446846070375482,3.090750120029222e-05,2.0
23,2Item10,Difficult,0.4205080457204823,0.0142042090155375,0.2555677480021331,0.0060240571177,0.4571609303759987,0.0038006682531955,0.6644984091826563,0.0008878222752959,0.4215635853892686,0.0007846718342853,0.5590311244681686,0.3846019190844505,1.4482120016826023,1.1321240382096578e-05,2.0
23,3spl1,Easy,0.9513068817755832,0.1244703389618795,0.563868191234308,0.0537749795047241,0.4835960816009331,0.0213305428215388,0.5429709711527216,0.0023543256899204,0.305120167132661,0.0049691533403026,1.165987580751397,1.0384848964435935,1.540256573540377,1.3200585898280215e-05,0.0
23,3Item15,Difficult,0.4174666599280905,0.020150042397346,0.2827719690190884,0.0078015668109683,0.4975425145442753,0.0099525411933606,0.5925374245259728,0.0071181097472701,0.3653556268223145,0.0088684244171302,0.5683361570456672,0.4772213198583775,1.5862796918296411,0.0002325878662075,2.0
23,3Item2,Easy,0.4143401919753736,0.0104103166656731,0.3241979390299904,0.0058416030364396,0.5130397367135638,0.0043513914801557,0.7259197912854879,0.0042446651197583,0.4781426778494674,0.0029244432211234,0.6319146138506222,0.4466023606458337,1.5972790003324349,0.0002666273770376,0.0
23,3Item5,Easy,0.4270357596903279,0.0165740573257429,0.3371943605984276,0.011966636080543,0.5381655585440925,0.0042439165954946,0.7094835266126684,0.0022818704503606,0.4654006179770619,0.000859183344157,0.6265613409919838,0.4752666872219376,1.576467786561884,1.808935402040244e-05,0.0
23,3Item12,Medium,0.3313449981604305,0.0257069357351544,0.3128788538576736,0.0095369192557774,0.5876092058681481,0.0053538947095969,0.6847485266271227,0.0013997736940514,0.4480852363385077,0.0019841516612488,0.5324598700518136,0.4569245274236609,1.5553678438018252,0.0002719015941368,1.0
23,3Item6,,0.3411852361959355,0.0073735477701893,0.3011118212481191,0.0035048295610313,0.5061073262912987,0.0053158658591626,0.6253421314686785,0.0055526092950464,0.3959887446858849,0.0087381103176512,0.5949552805317994,0.4815145575212908,1.5214274267399266,3.0580367617157624e-05,
24,1spl1,Easy,0.4860043777244559,0.0494944617537053,0.2805522091444271,0.0222116628909889,0.4401374657258321,0.0168652100506036,0.0870119333700832,0.0072835308643848,-0.2453075709936377,0.0031081334157861,0.637418064975913,3.2242587196915093,1.427342604001643,0.0002417024590275,0.0
24,1spl2,Easy,0.3556912020463678,0.0245357898967995,0.1748871228517916,0.0130313875044176,0.3764463589647913,0.0172346573880691,0.0744462318953384,0.0058457038153604,-0.2355369097618408,0.0042455008077636,0.464572585481065,2.34914204866148,1.4778501734253946,0.0017171862617399,0.0
24,1Item1,Easy,0.4992447933285697,0.1099608046475683,0.2739108281559509,0.0715744506341324,0.4629221653245298,0.0341968437509471,0.0777625591129751,0.0103736775706514,-0.2102008674725812,0.00548791999544,0.591698252914017,3.522354574306618,1.4974663786715436,0.0004316183346716,0.0
24,1Item2,Easy,0.4972312630176609,0.0263867359232271,0.2313435178873139,0.0179839897607102,0.4914640374772055,0.0182949443949626,0.0821992346990252,0.0048990702406259,-0.2760317475057246,0.0019429725210098,0.4707222289399249,2.81438999212562,1.4738980830982915,0.0002709728695109,0.0
24,1Item3,Easy,0.4507116705847843,0.0586162961042548,0.2156679924961073,0.0325026251973433,0.4061499284073128,0.0272379729200359,0.0673338896261015,0.0077704700094896,-0.2617957131376439,0.0038949088078237,0.5310045537550079,3.202915957740077,1.4149022233470778,0.0010937779673805,0.0
24,1Item4,Medium,0.5830086215112691,0.0800919926672725,0.3244305077218114,0.0468275373740472,0.4838461504054387,0.0416710679162195,0.119325307162981,0.012064145654052,-0.2750956111605117,0.00447678675605,0.6705227207599663,2.718851487448531,1.3122682539492143,0.0005440205733899,1.0
24,1Item5,Medium,0.3520147333045447,0.1067320547102397,0.115697617788127,0.0624045523137895,0.3336912510814436,0.0352158321955001,-0.0133134764283393,0.0113376806889808,-0.3302822981416365,0.0115784599785774,0.3467195219942011,-8.690916255207961,1.301050411441525,0.0010907147064507,1.0
24,1Item6,Medium,0.3575181480445206,0.0751852021641245,0.1525791370373298,0.0440707704487751,0.3919801843843396,0.0290116095568544,0.0297000152853039,0.0295834294502994,-0.3533203471865161,0.0442991473161153,0.389251176116977,5.137169068857582,1.4497868223167791,0.0024115351314674,1.0
24,1Item7,Difficult,0.636520840184857,0.0197656855443961,0.3490198255300994,0.0090869149895014,0.5234338012265546,0.005722441235139,0.1151117224211809,0.0074570033936233,-0.2594506374269303,0.0109112307121721,0.6667875821635246,3.0319830700648875,1.4604947444805094,0.0006916178793153,2.0
24,1Item8,Difficult,0.6676838012442416,0.0244162813245002,0.3647178446163017,0.0226424949425056,0.5918233775603203,0.0232827402207634,0.1601515546294606,0.013890757743485,-0.2433891671756893,0.0131671113973294,0.6162602597070761,2.277315185262805,1.4680992134480502,1.7852273733895513e-05,2.0
24,1Item9,Difficult,0.6776608921824562,0.0073062896126299,0.1890782523050877,0.0096732623891392,0.4039896948736841,0.0077642302164004,0.2777659843929824,0.0013740510314706,0.1670567173044736,0.0067237698014426,0.4680262558131615,0.6807081580206141,1.460298675683291,2.9468884221564494e-06,2.0
24,2spl1,Easy,0.652883921936576,0.0773684522379946,0.3861569822344876,0.0368439672983913,0.4745474626066279,0.0167580820825316,0.0875070639192708,0.0059091887864304,-0.4067427017245884,0.004844889116715,0.8137356090321769,4.4128159730597005,1.833113318117328,0.0004126698027967,0.0
24,2spl2,Easy,0.6020368620830203,0.0261350626356101,0.3181664591774233,0.0110551354859037,0.5037357707505398,0.0079479161890369,0.0006755642669797,0.0059593935226194,-0.4066985989610643,0.0032878595753722,0.6316125358555282,470.267903148022,1.7389094693263507,0.0006001514091677,0.0
24,2Item1,Easy,0.5359417141869955,0.0151817399687528,0.3106705615508968,0.0169555433268858,0.4647063374599178,0.0090588051060179,0.1076590877805941,0.0044851950278065,-0.3412407562412556,0.0028269553722186,0.6685294948192914,2.8856614178508546,1.6865810834449464,7.560553907530263e-05,0.0
24,2Item2,Easy,0.2787246455717614,0.080912914614275,0.0727051129817138,0.0550526079460686,0.3210475343611499,0.0393604626598098,-0.0302711297168712,0.0167848010731344,-0.3994584658808592,0.0147405445724918,0.2264614386930274,-2.401876492164193,1.6586132780490146,0.0004352192004307,0.0
24,2Item3,Easy,0.3622079680043332,0.0460243282846675,0.212167575952617,0.0327758425788057,0.3559726374616668,0.0307283126561425,0.0078073693307384,0.0058866138302883,-0.3984642390245923,0.0020456549238159,0.5960204734977445,27.171816158515707,1.6557488488522971,0.0001065286190683,0.0
24,2Item4,Medium,0.4364848245710622,0.1024726600844134,0.2163259080928314,0.0275370642610826,0.4134286275888704,0.0271002268312322,0.0965621698094987,0.0548494002266841,-0.2260339630344192,0.0750365682678667,0.5232472315892025,2.240252764274437,1.6274903321883183,0.0025381650462478,1.0
24,2Item5,Medium,0.7441905733526202,0.0876148139168626,0.4860538189271453,0.1019691341740652,0.6310791943939957,0.0152593372095853,0.163020939341441,0.0109038073272661,-0.2670555085102402,0.0371626861508612,0.770193429052049,2.981523964753791,1.826111819215268,0.0064315812819509,1.0
24,2Item6,Medium,0.6040113475623516,0.0436487836906876,0.3591469380951791,0.0251580309390715,0.5473274814734813,0.0191051953593402,0.1656903468188301,0.057769448671679,-0.1924296163783697,0.1086866997755502,0.6561817085204623,2.167566049709747,2.013659579325302,0.0006168193470224,1.0
24,2Item7,Difficult,0.4253882499965737,0.0396325919221364,0.2181050353424031,0.0263461312747296,0.4250086923489089,0.0118872730626371,0.0323769867545703,0.0074992125170307,-0.384894171295741,0.0063575606516873,0.5131766151896396,6.736213619323205,2.063018139402979,0.0027171457308601,2.0
24,2Item8,Difficult,0.5319401253620777,0.0438275571822002,0.2838581915131855,0.0202036419630179,0.4806740174245106,0.0121769758373343,0.1166058285418409,0.0215821460846327,-0.25636565000201,0.0604793048676069,0.5905407629340027,2.434318770717029,2.058007004542801,0.0019017256942947,2.0
24,2Item9,Difficult,0.4106592723901957,0.0641947239938642,0.1859505496170054,0.0273912878228549,0.375253727839103,0.0242780640904773,0.0261855799028873,0.0106938746228808,-0.3385216770928828,0.0244030568918024,0.4955315305094169,7.100986471184897,1.96168031443622,0.0008696307998092,2.0
24,2Item10,Difficult,0.4097321147758876,0.0790058024773801,0.1990454106651122,0.035743022534222,0.3861553899380257,0.0163917176116715,-0.0316804312558705,0.0093515840733128,-0.4060895234986906,0.0081716258540052,0.5154528472183435,-6.283111873361896,2.1924897393778573,0.0215719452174579,2.0
24,3spl1,Easy,0.7014337265605984,0.0262058382255893,0.4091678958991886,0.0179373598503515,0.5552762337468307,0.0097041303094003,0.1064790666258747,0.005662370615235,-0.3480974176240618,0.01525943143697,0.7368713698889766,3.84267129862746,2.6170692431562,0.0083579503837468,0.0
24,3Item15,Difficult,1.0492758460971223,0.0006089018428583,0.5487656429496404,0.0008347005326954,0.629898958057554,3.548844619429495e-05,0.2547945124928057,1.2687972221183883e-05,-0.3021607566726619,2.3943757474044406e-05,0.8711949190183936,2.1537492461337404,2.53021978021978,4.571740835476963e-06,2.0
24,3Item2,Easy,0.6810707914428583,0.0273403472937679,0.3971344712345453,0.0127512719935512,0.5663773904525107,0.0098116655633584,0.1276999794081522,0.0051147471865094,-0.359404258392869,0.002179882793147,0.7011822448191445,3.109878037546148,2.576940443461231,0.0013670653571394,0.0
24,3Item5,Easy,0.5495343478171155,0.0102731343467021,0.2744573880255213,0.0076377163108234,0.5129196451933101,0.0033257380877647,0.0701742645249782,0.0025726067246946,-0.387697065443397,0.0038054998368772,0.5350874264811147,3.911027480741886,2.53473773805724,2.502834139119977e-05,0.0
24,3Item12,Medium,0.6659127172976391,0.0161311493927622,0.2730897333452782,0.0124544709010572,0.5112978336226813,0.0111348633850421,0.0334432408012015,0.0055821984878747,-0.4611314468363827,0.0020175036430949,0.5341098304691377,8.165523474387468,2.5083644725495837,0.000165388768029,1.0
24,3Item6,Easy,0.6728076611052538,0.0180217091450419,0.3766771278425661,0.0094577429778996,0.4919436620733559,0.0075693692257327,0.0642926727803431,0.0028290493070027,-0.4110276288728288,0.0019957341673514,0.7656900397191386,5.858696689011207,2.448080891071545,0.0005417204767463,0.0
24,3Item8,Medium,0.5745386963092887,0.1042320255133968,0.2956124562610229,0.0659398099782902,0.465650835680967,0.0280827234100645,0.0048882871442514,0.0140715305698206,-0.4638211329938957,0.0099925563783396,0.6348358013637392,60.46125898099258,2.337407675696596,0.0014542175289835,1.0
24,3Item7,Medium,0.6622049164462048,0.0617605698250147,0.4417826695790368,0.052153549177626,0.5413771528171321,0.0124388504415007,0.1389407102549409,0.0088918564069665,-0.3538225177567221,0.0040207504615637,0.816033427429908,3.179625965222538,2.250603207941092,0.0002179694467798,1.0
24,3Item9,Medium,0.7183779861810228,0.0039031205254691,0.4685286193112718,0.0029346211202558,0.5970773126194482,0.0080336471073503,0.0657833549118438,0.0099594997744686,-0.4020650293865344,0.0057256026550327,0.7847021226676033,7.122189157880112,2.224097539887013,7.178785907372012e-05,1.0
24,3Item17,Difficult,0.659999657080064,0.0156272666683845,0.3589522985178743,0.0102405888211644,0.5312817216933547,0.0042767838878199,0.0989514184685748,0.0054010418893572,-0.3161803855457086,0.0011735544271393,0.6756333000512184,3.6275242593678474,2.2181806850993997,3.3429343967577255e-05,2.0
24,3Item19,Difficult,0.4766898546211564,0.024253809589714,0.2626749990201051,0.0172157244536334,0.5004785804480946,0.0108097544791774,-0.0189374577477003,0.0047008228475048,-0.4344522025118266,0.0006007047448391,0.5248465857186905,-13.871390442703246,2.2007510309397103,7.323888856320249e-06,2.0
24,3Item11,Medium,0.5188634849178615,0.0294539884763424,0.3335459234940358,0.018290343774483,0.5552393595598756,0.012029034955383,0.0666165243673405,0.0073196164357124,-0.3751903970124067,0.0031911503523934,0.6007234844355135,5.006879596047517,2.1683129818044566,0.0002214941691689,1.0
24,3Item4,Easy,0.5909423983274785,0.052567659354225,0.2745393642274883,0.0457424154765395,0.5112509258356753,0.0258118778512426,0.05645039017379,0.0077507159546211,-0.3911191165019418,0.0076041378849176,0.5369942886351683,4.86328792581188,2.1273117794126195,6.176580127741989e-05,0.0
24,3Item13,Difficult,0.6928947392768043,0.0177377624336255,0.4577346931197045,0.0084950472725015,0.6289875818403832,0.011786591578998,0.1643380586225157,0.0062099422496602,-0.3092386036041318,0.0051320592280292,0.7277313234850782,2.785306773425751,2.083763427583652,0.000315029386849,2.0
24,3Item10,Medium,0.6724377628578528,0.0098314807185001,0.4650004141650099,0.0204167558425826,0.6307438680666004,0.0026773361853844,0.1528457768161033,0.0050776377610917,-0.3242058851772365,0.0029305855344306,0.7372242529540651,3.042265096139203,2.0509759411167856,6.46022355378583e-06,1.0
24,3Item14,Difficult,0.8252630059978354,0.0110716973302386,0.6142737181493507,0.0117267910736053,0.6693326987770564,0.0024028305775655,0.2766473647349566,0.0013428060309781,-0.2419840531578571,0.0030339888220584,0.9177391176803048,2.2204133349490665,2.1018041999408457,0.0030026411832477,2.0
24,3Item3,Easy,0.685737097701728,0.01238507130225,0.4800475642590909,0.0162722381951675,0.6490593507109316,0.0026347757524508,0.1706582525507137,0.003802803805789,-0.2924434246421863,0.003020931285776,0.7396038962066982,2.812900895112254,2.1708401318419206,2.10510577070949e-05,0.0
24,3Item20,Difficult,0.6227064516218941,0.010109447032683,0.4201072933848965,0.0053563628385321,0.5638066519610232,0.0022235381579395,0.0808816514951279,0.0011687570187663,-0.316953068897838,0.0038470637451813,0.7451252070164154,5.19403463683683,2.155162279580884,1.9618255415951343e-05,2.0
24,3Item18,Difficult,0.7947811713934123,0.0069409539968489,0.5334999423602886,0.000823104756448,0.6740388279468913,0.0032477490467677,0.2306641199990748,0.0007552229737028,-0.1942723507497224,0.0031471065865119,0.7914961701674459,2.312876530107493,2.138024013024013,2.8848116250568104e-05,2.0
24,3Item16,Difficult,0.93886282919863,0.002990373459039,0.4888761058636985,0.0298404900926329,0.418276566769041,0.0109224565741771,0.3283300369767808,0.0130212858790219,-0.1301454567178082,0.0019095320622989,1.168783948037165,1.488973172823352,2.125407478427612,6.899833337377546e-06,2.0
24,3Item1,,0.996120553214168,0.0105743643348759,0.4342334362217462,0.0097804456497714,0.5313342812848434,0.0051410674374984,0.4984678795178295,0.0440547467777687,0.6290354920601319,0.1435158090356619,0.8172493932112107,0.8711344961831552,2.119276556776557,1.917400753858592e-06,
24,3Item1,Easy,1.0037948329213289,0.0101641442108996,0.4418575699451049,0.0093616630066671,0.5315009361017046,0.0053127832090584,0.4994788064345236,0.0460014316912929,0.6297842880808566,0.1485691392885619,0.8313376489009704,0.8846355032834099,2.119334554334554,1.7991555073721189e-06,0.0
25,1spl1,Easy,0.910103307242012,0.0240308795743589,0.7384546633693149,0.0184167441741111,0.7819161872200634,0.008892185231606,0.5087205655440414,0.0085391428893094,0.1290476528359096,0.0026277114638719,0.9444154386665036,1.4515890683336576,1.829582730616501,0.0049105506272763,0.0
25,1spl2,Easy,0.9799993534637912,0.0472650225973768,0.7359938397135497,0.0500101070476265,0.7643055983077006,0.0420590023626919,0.4888734313667318,0.0082885280365332,0.1109588291525187,0.0116069054468062,0.9629562813446332,1.5054864654221198,1.6421038718159635,0.028531238877008,0.0
25,1Item1,Easy,1.0990551954124768,0.0135529610534481,0.813744998031285,0.016958208081344,0.8115669303210429,0.0363826452070902,0.5046793321209032,0.0043573301821823,0.1662274415986019,0.0030444986529639,1.0026825452668895,1.612396890149349,1.6506459139911096,0.0256716887049719,0.0
25,1Item2,Easy,1.1427716085128938,0.0666493244638998,0.7733373687959503,0.0558000328728086,0.8222637565952752,0.0300898257886974,0.5349032195042662,0.0076280447888111,0.2180715280621106,0.0052633877361182,0.9404967957012812,1.4457492399530087,1.6411980532542052,0.008155789550372,0.0
25,1Item3,Easy,0.8551925110403346,0.1111039568766032,0.6400599569443212,0.1057625169805133,0.7295543263151575,0.0367079299822105,0.5459870903261431,0.0049296983241866,0.1965605027755861,0.0067209401073587,0.8773288794657149,1.1722965542379955,1.5665307282800351,0.0128809829326563,0.0
25,1Item4,Medium,1.0657050760682103,0.0314117706117464,0.8236386981944154,0.0146369019779496,0.8204515307520432,0.0148046536077366,0.5554625182020116,0.0040111898952449,0.1697866140476802,0.0034907909467376,1.0038834269174008,1.482795307350632,1.2490795835804591,0.0091485137460726,1.0
25,1Item5,Medium,0.9485836729833286,0.0807148295842739,0.7040993732980144,0.0649200484964868,0.7232915640614267,0.0418393246269749,0.5426031178887994,0.006343567234301,0.1886685234063348,0.0035806693186781,0.9734641392472794,1.2976299848913264,1.0811654499909165,0.0031863929896041,1.0
25,1Item6,Medium,0.891412236863857,0.0841947746866187,0.6520554071690557,0.0537648094755765,0.6908741129722862,0.0333837068885264,0.5729183235161257,0.0090355113960697,0.2311678966816115,0.0028896543469913,0.9438108204010706,1.1381277963662586,0.977926065304706,0.0022165666429704,1.0
25,1Item7,Difficult,1.1916945918480122,0.0531317158777717,0.8718858622850222,0.0567227264842271,0.811417915986985,0.0368845722919464,0.5778107651213378,0.0048600443323282,0.2979357926079832,0.0053760937013579,1.0745200106956925,1.508944460661735,1.2417284461127145,0.020167507639343,2.0
25,1Item8,Difficult,1.0917954636601548,0.0454920191300372,0.8154550101579104,0.0454666072802582,0.7765150678286962,0.0312622025502036,0.5931602790203986,0.0062204015197025,0.2849775194550548,0.0038256594972454,1.050145700704038,1.3747610287452146,1.074567685136121,0.0080394529148319,2.0
25,1Item9,Difficult,1.0143628123767603,0.045793401834038,0.7273859422769116,0.0781138898675479,0.713093652057428,0.016220627252827,0.5542995555801477,0.0010492272819668,0.2601674675472166,0.0030374225777154,1.0200412247914776,1.3122590893231336,0.9397482007218636,0.0002818941992447,2.0
25,1Item10,Difficult,1.1826052405943412,0.0158478230137007,0.894642304398213,0.0169460236100618,0.7943062136794848,0.0142567378887611,0.6462747087846006,0.0069071121759853,0.3347064561367686,0.0065146326896424,1.1263177382639444,1.3843043955352985,0.8457784141598444,0.001243256582687,2.0
25,2spl1,Easy,1.2569147020653493,0.0178871203248163,0.999609310799392,0.0124811351788162,0.949823201861702,0.0082909378759155,0.5709162331291793,0.002228614869588,0.213946588321272,0.0045284948371211,1.0524150772744143,1.7508830576379084,0.6680474310532113,5.973333505464239e-06,0.0
25,2spl2,Easy,1.1846877172444552,0.0163737497922835,0.8563322065284474,0.0134120366056886,0.807004141918997,0.0044692692353325,0.5632842438970589,0.003131829367087,0.1699687142940333,0.004445909235345,1.0611236063405425,1.5202461200722368,0.6688718005115233,1.480141728720451e-05,0.0
25,2Item1,Easy,1.0665124652875864,0.0303499213194055,0.8188115805193104,0.0099445809382167,0.8324333476531035,0.0106527728573792,0.6005886915648275,0.0064584362038123,0.2549623766975517,0.0028926720595681,0.98363502518583,1.3633460447612893,0.6720431296368179,3.632833143657047e-05,0.0
25,2Item2,Easy,0.9962304325419776,0.037866639340687,0.7175500441840352,0.0307763815766839,0.8041989537417378,0.0132343033651538,0.5311784355676972,0.0064038060882266,0.2668367198181057,0.0040374865691282,0.8922532771177832,1.3508618672655404,0.6610553467696324,1.0145850509879372e-05,0.0
25,2Item3,Easy,0.9799069101631538,0.0438540190701038,0.7531430377819214,0.0279716711219474,0.7660952484556142,0.0218924773333553,0.6255168698074585,0.0018894859082073,0.2546081274909607,0.00161735713455,0.983091927809586,1.2040312101934791,0.6463462320190296,1.2167207526910672e-05,0.0
25,2Item4,Medium,1.0870445802714124,0.0183137987453621,0.7012436377779866,0.0074590191810562,0.7746283215486478,0.0085492463084782,0.5933775594815928,0.0037113976130372,0.299528030545539,0.0072650444566897,0.9052634831535324,1.181781219716854,0.662778094920952,9.907547147956812e-05,1.0
25,2Item5,Medium,0.9731590659095284,0.0270300915148388,0.7266984086641001,0.031719993065543,0.718838561673083,0.0295661248756106,0.51934543474607,0.0107429140345962,0.2268211278643086,0.0030374454993489,1.0109326856923757,1.3992556028990804,0.6889175674507987,0.0001563835406581,1.0
25,2Item6,Medium,0.8718170882501355,0.0169546659315355,0.6013111576930886,0.0290715162787329,0.5911663490841698,0.0205167861367782,0.5217771255724362,0.002290175190327,0.2016105919188686,0.0031341422188302,1.0171589459814272,1.1524269190729255,0.7212600657978808,6.901613427758194e-05,1.0
25,2Item7,Difficult,1.0388932259380723,0.0597854132304059,0.7455154487354735,0.0553862824269103,0.7075642689026886,0.0293062288893946,0.4828954045457074,0.0098353105111271,0.1677017960833451,0.0067292192521227,1.0536348821807475,1.5438413740869106,0.9179969663460228,0.0139976533315863,2.0
25,2Item8,Difficult,1.0572311612442535,0.0481962451989542,0.7768323409276554,0.0555101087702947,0.7615929691014396,0.0316847402677481,0.4198660478638398,0.0088976305427361,0.0245646218715037,0.0022437766030281,1.0200085248103985,1.8501864932719776,0.9787309072611666,0.0006689987499871,2.0
25,2Item9,Difficult,0.8674519150752644,0.0140145289377431,0.5740682952952603,0.0081130317578965,0.6106561736051668,0.0140119123663147,0.4019803304342961,0.00454687200394,0.0162066545023189,0.00546669676966,0.9400827831205274,1.4280969085679758,0.9401083745107068,5.575672450446549e-05,2.0
25,2Item10,Difficult,0.8175291253488817,0.0555001134578963,0.581435837281076,0.0621648417161971,0.6456389257397561,0.040447712916328,0.3501880271258993,0.0078614273297402,0.0102746562342778,0.0095125161710996,0.9005574378240054,1.6603485324856828,0.97138904960134,0.0005567348687372,2.0
25,3spl1,Easy,1.1866799167112676,0.0234380317988293,0.8137270140316902,0.0244208236307915,0.9378339042764086,0.0082148137367864,0.4303282803975352,0.0057187690528404,0.018517233702507,0.0010282281620868,0.8676655244128768,1.890940382397347,1.2984688514100278,0.0004010702341486,0.0
25,3spl2,Easy,0.9032792926143882,0.059167365432246,0.6953096414071114,0.0294349350512319,0.6435330560303197,0.0261978692336879,0.4142864720873759,0.0044958809548203,-0.041830904793936,0.0018762736944105,1.0804550822005794,1.678326496101398,1.4033010353641102,0.0044600020318874,0.0
25,3Item15,Difficult,0.8989210034414635,0.0594067210606562,0.6334485859364528,0.0468347768794652,0.7099252454073436,0.0311228130334259,0.3629072892923939,0.0070428807292802,-0.02091455814076,0.0047984558562577,0.8922737960941151,1.745478415969952,1.824084040484952,0.0145946388360666,2.0
25,3Item2,Easy,1.0406239654293583,0.0258375052923528,0.8076606043065455,0.0037705309031061,0.7548935519961114,0.0130130108791666,0.4336525070430978,0.0008234657715014,0.0726262768293259,0.0046323837017374,1.0698985734774595,1.862456065012932,1.7599014154569708,0.0003062101471151,0.0
25,3Item5,Easy,0.8347146460783802,0.071968591421677,0.5640804042371937,0.0511960503816407,0.623487407977813,0.0312219832897183,0.3785285463263101,0.0115056916682637,0.0363638479600862,0.0045619271162129,0.9047167469667964,1.4901885723629356,1.6323160966018109,0.0031760386573784,0.0
25,3Item12,Medium,0.9763748138790264,0.0331623393500327,0.6915592258894583,0.0373790774994338,0.8156192585907761,0.0101368657265906,0.4480654465547217,0.0044377263891146,0.1158310475042587,0.0019782077310137,0.8478936350653308,1.5434300675870831,1.4805030482449837,0.0014410588154628,1.0
25,3Item6,Easy,1.0515684495367572,0.0381405790731287,0.7259268260313864,0.0163970738776376,0.7068340100109096,0.0121596347296375,0.4305262467925478,0.00491819919737,0.0585377010456696,0.001241162654502,1.0270102863469963,1.686134458247607,1.3456758875028103,0.0015879301296627,0.0
25,3Item8,Medium,0.7985342775646671,0.0475382648540403,0.5553705561669858,0.0440368358580941,0.5449682486752414,0.0275256498127206,0.4168332363597013,0.0039300643855596,0.0874484138509215,0.005806401973338,1.0190860447943233,1.3323535058375977,1.1208179654288235,0.0071494943527345,1.0
25,3Item7,Medium,1.0262837761078902,0.032211717671421,0.8603160288541231,0.0182940980828631,0.7521496290142318,0.0137975951344554,0.4971299062149434,0.0057548874299208,0.192256839581533,0.0056437760800714,1.14380816244434,1.7305623490689794,0.9451970340637338,0.0004526162858975,1.0
25,3Item9,,0.6545462423439196,0.0087639099292806,0.4457121872471498,0.0025357924703994,0.4172232476099349,0.009254923135718,0.4317724420819762,0.0042827906126555,0.1753433865585504,0.0004035988878033,1.0682796836483206,1.0322825440535717,0.8905261405261404,6.154896375497188e-05,
26,1spl1,Easy,0.9050681262819796,0.0334542253613612,0.5772784026047761,0.0269633027490624,0.6421594527242527,0.0139667106841448,0.7613501821349756,0.0012179635103275,0.5102048788258275,0.0022129810441656,0.8989628684790135,0.7582288123412064,8.356553310685662,0.0670873533761719,0.0
26,1spl2,Easy,0.7957550089556309,0.0229755668236557,0.4861850704275321,0.020520982758912,0.6116556958182192,0.0048325855999524,0.7528119476407732,0.0009913909350443,0.525429418663111,0.0017451407764233,0.7948659333764957,0.6458245331076978,8.201796679445133,0.0212996714388544,0.0
26,1Item1,Easy,0.7977304591400689,0.0911528062183404,0.4611425737031435,0.060036289489431,0.5782671466077581,0.0341566646017729,0.8025147269521199,0.0023268600568894,0.6013276632038455,0.0061766436465228,0.7974545656860097,0.5746212294860814,7.758447146054793,0.0270452764530716,0.0
26,1Item2,Easy,0.725100524426766,0.0415835465508523,0.480045360555764,0.0475449632527386,0.6583169429127719,0.027402173746004,0.8349378570646673,0.001451334966925,0.688328773914845,0.0016879971079374,0.7291998732888414,0.5749467239354795,7.212917001959833,0.0279303163479193,0.0
26,1Item3,Easy,0.7065245440039996,0.1002674172345175,0.453498100160388,0.0613061537483637,0.6263818495009306,0.0291329837314909,0.8243066893242782,0.0022576359159436,0.6447517138224609,0.0021478510294631,0.7239950782843301,0.5501563385052742,6.719185027639568,0.0132381744682505,0.0
26,1Item4,Medium,0.7138501632620616,0.0867589342111741,0.4502253085267028,0.0321722616513457,0.6199422812513814,0.0169479497280312,0.7995763404440629,0.0007338687624858,0.6324451963361732,0.0025682182089756,0.7262362899036573,0.5630791241240781,6.567666897455018,0.0250426409064252,1.0
26,1Item5,Medium,0.8169745359781827,0.0490481026127182,0.4534208698106168,0.029377256526221,0.6060632083574191,0.0111782814203031,0.7933811830612071,0.001172760782111,0.6284315256855011,0.0026188341086153,0.7481399884007295,0.5715037210202094,7.123924138080745,0.0422664865771722,1.0
26,1Item6,Medium,0.8234023533742554,0.0376371199793199,0.4003276187235717,0.0256924558037675,0.5227742700337956,0.0109151899222598,0.8018541685253833,0.0021409173075135,0.6012837009877683,0.0021841749982913,0.765773826098721,0.4992517781730792,7.470236963456043,0.0668711654193305,1.0
26,1Item7,Difficult,0.6423117705145245,0.1001603016910027,0.2780442899015626,0.0273530822681506,0.5345815960175756,0.01382395681039,0.7932185714373235,0.0029937030711636,0.6544022884328227,0.0039421611150985,0.5201147436764314,0.350526260210326,8.1663119765851,0.1747642780489617,2.0
26,1Item8,Difficult,0.512128824303685,0.0361493830958375,0.3553642185574474,0.0249734798824522,0.5813774490708894,0.0078968487723011,0.7907208686608942,0.0015266079793978,0.6416994715571327,0.0025296181066755,0.6112442233202158,0.4494174660418397,7.5881679221936515,0.0122860191655735,2.0
26,1Item9,Difficult,0.6382533380057164,0.0986049825820658,0.4547418201625995,0.0532108683964904,0.6376340702734979,0.0155087172313027,0.7892998174025353,0.0023469887554852,0.6030615058466999,0.0043679004821175,0.7131693994929562,0.5761324581660554,7.134042607308771,0.0205588510746914,2.0
26,2spl1,Easy,0.7076329478699103,0.0601001843273613,0.4925026871861077,0.0487557840590648,0.6713956860396814,0.0137320961543296,0.8242382744020731,0.0014141596560769,0.7220365838087872,0.0056982448845527,0.7335494759308351,0.5975239259781491,7.157665054125797,0.1158315117897497,0.0
26,2spl2,Easy,0.9378928109921186,0.0135657966064695,0.6273677656527121,0.005963634692368,0.705657321907777,0.0167584753692022,0.8395391556699119,0.0012909651475662,0.6868612656177561,0.0007149650541949,0.8890531666325382,0.7472754714777203,7.393536128796991,0.0036366538639241,0.0
26,2Item1,Easy,0.9239085071201756,0.0233767984439433,0.4836970906151691,0.0191101144878221,0.5702670161955864,0.0223004706701391,0.8164096714876947,0.0011025762893248,0.6324003803839943,0.0034065282643601,0.8481925636335778,0.5924678688162635,7.360745284607297,0.0044019342893233,0.0
26,2Item2,Easy,0.8228759230931042,0.021096531647442,0.4744566407620934,0.017357327586828,0.6055478830577987,0.0142258994608404,0.8245859291756189,0.0022111330758862,0.6530766439577195,0.0016413815685835,0.7835150126382237,0.5753870501396761,7.029380903868784,0.0170202641207101,0.0
26,2Item3,Easy,0.5868294040857955,0.0931820484962779,0.3720094006632339,0.035249623736609,0.5928152031424568,0.0216068381871271,0.8251655647522689,0.000807443622849,0.7143115142238007,0.0045905358047497,0.6275290700410193,0.4508294646850099,6.639125624434767,0.0063957538414801,0.0
26,2Item4,Medium,0.7514362996343531,0.0641582516159133,0.3642828918706092,0.0362716048925701,0.5059892793959564,0.016618734660766,0.844901668410746,0.0011799227893143,0.6618991409093784,0.002398659870272,0.7199404943223112,0.4311536766191329,6.257529581786744,0.0161863927875102,1.0
26,2Item5,Medium,0.8897284007621216,0.0397290545091693,0.5766277342035173,0.0251356925831253,0.7117053096424077,0.0168231271132108,0.8602687888707504,0.0031673568213494,0.6872712169882877,0.0078873200913991,0.8102046116371234,0.6702870909374125,6.750918450554101,0.0415623213800427,1.0
26,2Item6,Medium,0.6871464593126252,0.0785435055201499,0.4281383685282235,0.0423126291390234,0.5492635199994303,0.01982418876473,0.8439009787860243,0.0035863612316726,0.6841346090218335,0.0035627839543549,0.7794757406297926,0.5073318694478144,6.827272864712033,0.0177017721002773,1.0
26,2Item7,Difficult,0.7937711279944943,0.0617935627465329,0.3602149213799347,0.0375280961267187,0.471807137614195,0.0254543991322056,0.7908872754542211,0.0017962620925147,0.6362155486053221,0.0037466318368023,0.763477550856675,0.4554561403417656,6.532161195998828,0.0033455623311904,2.0
26,2Item8,Difficult,0.2455794925215014,0.0355534887812106,0.0626293308061135,0.005936687336821,0.4724526130115413,0.0084849423355575,0.8003092852345133,0.0035347751056709,0.6229373941305311,0.0019493733123135,0.1325618623316224,0.0782563112852678,6.34036982028913,0.0014191803831723,2.0
26,2Item9,Difficult,0.4384144523376059,0.0944927285452741,0.1999252177181778,0.0606798044922747,0.4852295278813566,0.0287370245651479,0.802042527102463,0.0048275099468433,0.5323936305215468,0.0060703584146913,0.4120211038474921,0.2492697851953824,6.210847382756888,0.0027277550420304,2.0
26,2Item10,Difficult,0.4375436774430887,0.050693565804818,0.2487621718322382,0.0398460677590486,0.5622530951551526,0.0337255554842159,0.8898983935984103,0.0031887232846152,0.7003975904874087,0.0036537404650548,0.4424372787602249,0.279539657653142,6.06721712949717,0.0050829978838396,2.0
26,3spl1,Easy,0.7655944852271476,0.0143167871896909,0.2394209919014042,0.0485269240654822,0.5064751460578056,0.0098810318063715,0.8720402308590309,0.0082176126379566,0.644772295565804,0.0151216261928235,0.4727191868066346,0.2745523759989596,7.111409353493885,0.0011462673485997,0.0
26,3spl2,Easy,0.6918083676624099,0.0813102189802658,0.3116947735171905,0.0444770047639425,0.3647122494913229,0.0173166049109571,0.8617722463195807,0.0013163352129067,0.5430505496940734,0.0026431456313398,0.8546296959376198,0.3616900093480059,7.075156985871272,0.0018954966501019,0.0
26,3Item15,Difficult,0.7491727114656733,0.0287495604547649,0.3819857023492307,0.0133324994273852,0.3446376887807693,0.0058177723297487,0.8205395599634615,0.0053622942334134,0.5905121781440384,0.0036340306618275,1.1083657023550788,0.465529336375816,6.966322684124685,0.0006025172079581,2.0
26,3Item2,Easy,0.9706298157268796,0.0394099246305366,0.562725279138473,0.0358832008587659,0.5998073543697604,0.006662813793464,0.6389146615568863,0.0079028158657344,0.3917081818997005,0.0033478804178215,0.9381751271699912,0.880750485544907,6.8780739819887176,0.0006893828953555,0.0
26,3Item5,Easy,0.4738689926973662,0.0668438850929866,0.1112848068231377,0.0414484246520223,0.3285193084182399,0.0152470267620191,0.6035100288178186,0.0014471860269002,0.3581894592823625,0.0025942291426992,0.3387455934123283,0.1843956473191995,7.270569398970316,0.0476208198233549,0.0
26,3Item12,Medium,0.7699808485866375,0.036288353922319,0.4901465178425735,0.0169772122790967,0.558350044298451,0.015410478887748,0.639584560339324,0.0038080342921812,0.3779584533550502,0.0033663830694037,0.8778465140303011,0.766350193369801,6.991562594170295,0.0187879711082516,1.0
26,3Item6,Easy,0.6631014051181404,0.0304880439751705,0.3211326721283369,0.0196744828289108,0.4928551699257548,0.0061178323367088,0.6382800555763241,0.0016643116519043,0.4293016086138689,0.00578489862734,0.6515748239018966,0.5031211083624848,8.046347325084994,0.5653733429814783,0.0
26,3Item8,Medium,0.3874321186868057,0.1132156359250841,0.1307878788353681,0.0266462668014236,0.3104171765428991,0.0153996260036285,0.6220442140200936,0.0086464021037684,0.4023100645717875,0.0050585353158608,0.4213280301171201,0.2102546179724217,8.942650503068185,0.1341207218966175,1.0
26,3Item7,Medium,0.7292007527189895,0.0780082225705054,0.2555360977738807,0.0638998155906599,0.4510443940019933,0.0201163153584745,0.6511801556531739,0.0043215913627748,0.376201469717464,0.0035271872071454,0.5665418629078195,0.3924193683362391,8.848517810597212,0.035246780225647,1.0
26,3Item9,Medium,0.7006493730133456,0.0578821533382832,0.4276444718188669,0.0248662564632769,0.527957672032341,0.0213171781640806,0.681333399599439,0.0085043682118957,0.460738237833775,0.0088012622411188,0.8099961123333358,0.6276572444753735,8.770246976016182,0.0038617091145873,1.0
26,3Item17,,0.1783620360087646,0.0194617771903631,0.1065338005735809,0.0184826926449079,0.3831764751673622,0.0025880330828533,0.5700994498163605,0.0014869431824882,0.3531760073441152,0.0012797944344211,0.2780273045200522,0.1868684731048666,8.681067408201555,0.001365066434246,
27,1spl1,Easy,0.6731183012747948,0.0592511549838293,0.4400069638746836,0.0229334724379305,0.7449696743234441,0.0052491930581129,0.5821777689909542,0.0013164839837082,0.2812429238487517,0.001451928279971,0.5906366237493608,0.7557935591456107,5.7951340181305335,0.0367947962723549,0.0
27,1spl2,Easy,0.2201295546885065,0.1261023331557208,0.2052202825596929,0.068804201584983,0.5396080343514911,0.0279393655279576,0.5610628576858768,0.0022445403749427,0.3060362606893768,0.0014474510373854,0.380312910821312,0.3657699203903983,5.996345158678981,0.0054059718682077,0.0
27,1Item1,Easy,0.2489682662418372,0.0859032832528527,0.2485654351892056,0.0356191221738082,0.6113904048922636,0.014540812897983,0.561818989334917,0.0006154389980578,0.2856506884579679,0.0008344447039988,0.406556966944942,0.4424289628488612,5.973076690685601,0.0005276685543248,0.0
27,1Item2,Easy,0.5407596923167849,0.0749543362671902,0.387319745301232,0.0405933732171727,0.7069318108409453,0.0263182551650117,0.4934926025074168,0.0055205682007824,0.2111954836021008,0.0062848940918503,0.5478876342441773,0.7848526167984334,6.002692360691534,0.0015571670475384,0.0
27,1Item3,Easy,0.6527084012452392,0.0990831982718417,0.412486637585562,0.0773894982200535,0.6934424834951582,0.0411657968399119,0.4369935339439582,0.0046812081996898,0.1741710929733748,0.0061388770480779,0.594838148173963,0.9439171558115206,5.973424817063623,0.0034063442986773,0.0
27,1Item4,Medium,0.7280330981068838,0.0514796395673183,0.4365041483296199,0.031616838934194,0.6748878807175075,0.0166793941531415,0.4797249407687072,0.0020786182930974,0.2398419782552548,0.001984491794595,0.6467792858959995,0.9099031576865966,5.857852165389683,0.0035316244807408,1.0
27,1Item5,Medium,0.6779090573229348,0.1062269294210954,0.3920522786678895,0.0542258188740124,0.6401893068585948,0.0206590030249978,0.4870826864710745,0.0025559359081251,0.2344093081024398,0.0021864227646855,0.6123995856664634,0.8048971656355638,5.838472770041717,0.0028629021324507,1.0
27,1Item6,Medium,0.6453253419410899,0.1206396529400651,0.3754566327569423,0.0704800027662556,0.6143308935887158,0.0341619663164963,0.4899023633151458,0.0019944717702554,0.2144056279146878,0.0019036997792286,0.6111625274143814,0.7663891715628374,5.926680160626447,0.0114959604556456,1.0
27,1Item7,Difficult,0.6135624860376446,0.0650027655295043,0.3119565274271175,0.0441259623985226,0.539745038142258,0.0218241240220302,0.499338385214512,0.002629503743421,0.2550516950353765,0.0020425237440191,0.577969091724758,0.6247384778052377,6.006372048079423,0.0039029953203626,2.0
27,1Item8,Difficult,0.4794161023050671,0.0483015918852373,0.2244400387092375,0.0273184592133811,0.4938262665133006,0.015240405267302,0.4954222240265975,0.0022159277810343,0.2522930373555946,0.0017297915784037,0.4544909808117947,0.4530268825209295,6.028670796358849,0.0058280955518155,2.0
27,1Item9,Difficult,0.4234849923321663,0.0299166525126617,0.1430367514609201,0.0228502150376493,0.4174264660628665,0.0063339482352485,0.559447103274985,0.0009950305168952,0.3114622985560144,0.0037243945643517,0.3426625296366534,0.2556747455636888,6.067982267392613,0.0038890133490063,2.0
27,1Item10,Difficult,0.3457870193417218,0.0492632193674671,0.1149711925350094,0.0127982268000246,0.409683780061658,0.0064303838637159,0.551071283306665,0.00173858783338,0.280703248426525,0.0017234225602259,0.2806333018222112,0.2086317821051243,6.438908587245579,0.0207872008998755,2.0
27,2spl1,Easy,0.7699766751902596,0.052941254105528,0.4308674780812229,0.0328900241386085,0.6127591747156386,0.0049207853226913,0.3467998357344805,0.0016087013621405,0.0731313052758117,0.0017936935517298,0.7031584229199851,1.2424061123402423,6.631020758356836,0.0069483615033571,0.0
27,2spl2,Easy,0.7297447460128469,0.1375827786262296,0.4464890343505378,0.0576353241163023,0.6734857801568656,0.018539885121818,0.3095287724327473,0.0026729740889276,0.004815012648692,0.0058706527663445,0.6629514453818137,1.4424752450834055,6.650170370981043,0.0060494615373802,0.0
27,2Item1,Easy,0.9569782671593916,0.0107680870566503,0.5377838339335318,0.005852340399175,0.744997224130291,0.0018645756407361,0.3177444689829695,0.000384743554437,-0.0384777427334655,0.0010253225338045,0.721859215921406,1.6924988282440492,6.704279257788467,0.00058282992879,0.0
27,2Item2,Easy,0.8037779268435012,0.0157470211442873,0.4812352130102711,0.009462550373095,0.705167489703802,0.0042486431529593,0.3353853847500737,0.0016104959364527,0.0184424863963307,0.0089121560076903,0.6824400409785872,1.4348680652879886,6.684862143467433,0.0043407302117522,0.0
27,2Item3,Easy,0.8170837212509009,0.0372910534882756,0.5116789651097974,0.0117497998662392,0.6467760670548424,0.0043470512490181,0.2907952079854729,0.0021975849453122,0.0107351545601351,0.004152939390623,0.7911210696442494,1.759579220975808,6.877552170728584,0.0037479158194177,0.0
27,2Item4,Medium,0.6486804077954614,0.0735129627820986,0.3942577118339334,0.0338670525211632,0.6375171516458573,0.0106584025578767,0.2809851305938347,0.002040174166146,-0.0509795925946225,0.0037025481863871,0.6184258609987694,1.4031216095994177,6.9749387997818415,0.0041517434087554,1.0
27,2Item5,Medium,0.7434187434280561,0.0461212271364123,0.4172864823037205,0.0462895176255019,0.6501560039769299,0.0236314891406241,0.2573378034979751,0.0023078098020725,-0.0503279384934193,0.0056000607098474,0.6418241743936169,1.621545125070903,7.10941417652522,0.003008831141343,1.0
27,2Item6,Medium,0.7441832102677329,0.0603132758769654,0.4871269334324072,0.0288120971621647,0.6963898672965005,0.0129150766178428,0.2462595711136209,0.0024356821669923,-0.1131927620733991,0.0059603750339319,0.699502185207441,1.9780955238979527,7.148239954458126,0.0099015284676022,1.0
27,2Item7,Difficult,0.7207678429526094,0.0823425688740358,0.4242317520349694,0.0558554064106451,0.6272255042486996,0.0247510377351607,0.2334050870016215,0.0036879061728005,-0.0709039617881221,0.005258192708408,0.6763613290594599,1.8175693594144449,7.080148285756303,0.0061844285961307,2.0
27,2Item8,Difficult,0.5204052944304779,0.0313346144323624,0.2722291445092335,0.0224373807163679,0.4346596924965148,0.0080137688025455,0.2928989277082056,0.005518951927865,0.0389920204442155,0.0070990114791121,0.6263026521806231,0.9294271481706722,7.179385907825831,0.008782057356303,2.0
27,2Item9,Difficult,0.4799993335937868,0.0793493326219881,0.1953947883550571,0.0465923245269484,0.4511562924972122,0.013393451752112,0.3027148701070409,0.003182977121508,0.0138690228809519,0.0037121806914556,0.4330968192346453,0.6454725623931284,7.124457327155539,0.0044543296531898,2.0
27,2Item10,Difficult,0.681813285891904,0.0998854183028623,0.3750732370533745,0.0486408288822368,0.5983444837399252,0.0287324476610224,0.2905981121113357,0.0068996830953027,-0.0535913228290724,0.008349919888316,0.6268506193261458,1.2906895493530437,7.168305283212434,0.0075059068654865,2.0
27,3spl1,Easy,1.0471912395402097,0.0168282912495535,0.6390957055367132,0.0066581262790583,0.8290850491853147,0.0035566484971429,0.3945245162268776,0.0045110858973975,0.0152582722471503,0.0009660100956705,0.7708436369960733,1.6199096870814105,7.4951561579616115,0.0003781311122379,0.0
27,3spl2,Easy,0.8446913713166758,0.0386831784839863,0.5349702151445335,0.0176547920439354,0.7363650133876312,0.0046358447743216,0.2839701423854224,0.0004968700742904,-0.0624056773197128,0.0026096425482348,0.7265004161224362,1.8838893651328847,7.577068355738253,0.0026276543951288,0.0
27,3Item15,Difficult,0.8756101840341466,0.038105789601039,0.5589479837313163,0.0276205623750906,0.7350628072542893,0.0179571548847529,0.3053640874198195,0.0025290095112757,-0.0368338820441677,0.0015430581742517,0.760407434314002,1.8304253064885183,7.518925704192376,0.0013222588369786,2.0
27,3Item2,Easy,0.7500282244164359,0.0800454795810687,0.4864665098550172,0.0298099634916273,0.7359950047048442,0.0082056532365739,0.2554854135790657,0.0015846176306227,-0.1055387627054498,0.0016025723505655,0.6609635198360954,1.904079763147444,7.6871497207259,0.0060417115220294,0.0
27,3Item5,Easy,0.7447139117337089,0.0891277346878455,0.4657993517603496,0.0451551387410526,0.6920076830660303,0.0093159528968479,0.2921486279967801,0.0017178431346774,-0.0829920499733593,0.0020233842174566,0.6731120044571807,1.594386256639298,7.579179382946119,0.0013509221864626,0.0
27,3Item12,Medium,0.9415904702903406,0.0153899430898976,0.4564013704975572,0.0105342088695938,0.5938979517741484,0.004637814857405,0.3326877113187465,0.0049836662831934,0.0537458272680067,0.0047030709344896,0.768483205996835,1.3718570993540042,7.49623043057581,0.0002545684021727,1.0
27,3Item6,Easy,0.4567124084972647,0.0101899765306353,0.0787786336581582,0.0179923129392983,0.3962503877959883,0.0040521982467736,0.2499831598234864,0.002086612740282,-0.0600901137355944,0.0008064437130755,0.1988097356487185,0.3151345017771677,7.440146986276361,0.0001559401696329,0.0
27,3Item8,Medium,0.5536201442516938,0.0566762735011895,0.2750402328517605,0.0361342383604551,0.5508968586471459,0.0120432521570955,0.2745562605729528,0.0007098699648949,-0.0558617448843431,0.0010628428078807,0.4992581265920762,1.0017590949071966,7.39737014971741,0.0004167531779836,1.0
27,3Item7,Medium,0.6373421140017774,0.0596356694438521,0.3112168367454935,0.0636126695561717,0.512102986593737,0.0219836190074083,0.3183509203794751,0.0022063416268375,0.0926699149341593,0.0072841989250195,0.6077219566587526,0.9775874333489912,7.355731798136187,0.0004334927324665,1.0
27,3Item9,Medium,0.6674839901536301,0.0377209613652848,0.339798784491573,0.0228930083404404,0.3942984633292999,0.004494185014803,0.3147397548314607,0.0003964442707074,0.0571145768660328,0.0010250289530366,0.8617784605194593,1.0796148235506728,7.291689737497759,0.000419673370215,1.0
28,1spl1,Easy,0.47145929351921,0.1002076714994493,0.317274642771694,0.064673848381184,0.5133236416516623,0.0288143209249533,0.0863081384684348,0.0026134091447861,-0.4505151952137467,0.0048511177947876,0.618077951120441,3.6760260663212216,12.156598056818366,0.0171700727977122,0.0
28,1spl2,Easy,0.5111831191564441,0.0588338593577184,0.3534343368046995,0.0388030370301316,0.5168690380512259,0.0224522141374011,0.0761628402450246,0.0022692898921685,-0.4538473161705939,0.0013470185470829,0.6837973006469208,4.64044795624374,11.733787524506056,0.1139713731091077,0.0
28,1Item1,Easy,0.5594669734453577,0.0881548570130715,0.3612724971881025,0.04563003184454,0.5341397422173135,0.0201988905066526,0.1187126557525114,0.0086441408217452,-0.4117421088788344,0.0033757270481276,0.6763619934483857,3.0432261132726484,10.856318258652816,0.0334628945366065,0.0
28,1Item2,Easy,0.4460431438706715,0.0699202725612359,0.2531657027113896,0.045918971368501,0.434471097588713,0.0205619457127779,0.0734529441593905,0.0036520182294228,-0.4248659914585468,0.0050383055606389,0.5826972643731094,3.4465909980549947,9.967875106331,0.1079164686653228,0.0
28,1Item3,Easy,0.5335708521522645,0.0689829593259538,0.3352309258268093,0.0344876666776838,0.4602297646006722,0.023265066948367,0.0803558938906555,0.0046804755541375,-0.4136790331087557,0.004489149613331,0.7283974727714666,4.17177555771344,9.064287002338776,0.0412580870665455,0.0
28,1Item4,Medium,0.4591004293760375,0.0640715911603271,0.2828635396914874,0.0368905290011772,0.4464942249233511,0.0218064475727862,0.1249668601232533,0.0049745787888368,-0.3573978891877807,0.0091905678690887,0.6335197419861456,2.263490303926984,8.310430168041067,0.0458146640147496,1.0
28,1Item5,Medium,0.5623986165391603,0.0580201215096385,0.335563241965496,0.0410845668365022,0.5004303070794432,0.0164395076873706,0.1209261179743775,0.0029378827789275,-0.3464204488806026,0.0037805914036762,0.6705480596804978,2.77492135417133,7.590497139776741,0.0421637510006785,1.0
28,1Item6,Medium,0.593828909481132,0.0381271894389703,0.3810650985982981,0.043895334018861,0.4544217484539401,0.0145767614476348,0.089847362563078,0.0022755192797084,-0.3757181218703793,0.0037404338468492,0.8385695916297697,4.241202485251429,7.21528057545107,0.0009293389627619,1.0
28,1Item7,Difficult,0.720042021435155,0.0286681565329302,0.4630817620913375,0.0227319066111846,0.6010711080454094,0.0078752117896704,0.1546180639139204,0.0024821728343344,-0.3589372327189754,0.0044881251667148,0.7704263030890012,2.994984902697021,7.058437198034816,0.0034968744000651,2.0
28,1Item8,Difficult,0.6180079002056914,0.0493215353125878,0.4231800132310295,0.0323084888958884,0.5537655284012118,0.0208919911225318,0.1164974076714428,0.0029918957273099,-0.3731701064022338,0.004247222348027,0.7641848893482227,3.632496114663747,6.817953760583891,0.0059111200564445,2.0
28,1Item9,Difficult,0.4844769025856091,0.0700476094121836,0.2697936820480909,0.0368329975992121,0.4759268616701266,0.0237506233641131,0.1195461589742386,0.0014677076558847,-0.3527188785276998,0.0050168258037452,0.5668793608790429,2.256797103026338,6.647913270176244,0.0020094022828366,2.0
28,1Item10,Difficult,0.5796829034274246,0.0656818024043896,0.3548921600433983,0.0475494950606713,0.512054340847216,0.0217755106390392,0.133827438377752,0.0057606869916955,-0.3255908412004392,0.0222587280206005,0.6930738374024475,2.651844139745985,6.41825829526333,0.0084952980283109,2.0
28,2spl1,Easy,0.2678651612584008,0.067763696850332,0.087714346820008,0.0217203148179589,0.2611092482546255,0.0190477208637348,0.0646328832257085,0.005779049130896,-0.3631574090581984,0.0279764437165336,0.3359283957880969,1.3570954187248832,5.269818743867604,0.0001762419870593,0.0
28,2spl2,Easy,0.6747847790375807,0.0368246446529747,0.4618858413888325,0.0159707350851147,0.5550514412812471,0.0124292959673831,0.0770512601464005,0.0033054273983386,-0.4833664424581737,0.0014608954005202,0.8321481125686884,5.994448968936692,5.213658247578288,0.0006454649889743,0.0
28,2Item1,Easy,0.7072458320512612,0.0089688674753332,0.5114188492796248,0.0106452619025877,0.5839804465410738,0.0079431712294922,0.1111389615076811,0.0040831173726155,-0.4242110424436448,0.0030358232807597,0.8757450297586715,4.601574828188864,5.168702191653782,0.0001075376411989,0.0
28,2Item2,Easy,0.7391822140776915,0.0172304580893703,0.4882250586390122,0.0203437584118483,0.6596528969427122,0.012121292811257,0.1769868758935904,0.0039751032594009,-0.3875826681410169,0.0066546789194112,0.7401230568056694,2.7585226172924147,5.139607263471624,8.912494680091738e-05,0.0
28,2Item3,Easy,0.6026024125378312,0.0178362137297229,0.4427969135339815,0.0206516312076931,0.5441973277148348,0.0085141007013038,0.1338036450342656,0.0016866008838129,-0.3910380101313501,0.0028662011868185,0.813668273096957,3.3092790868402737,5.075027953679632,0.0011580628067072,0.0
28,2Item4,Medium,0.6183080450420013,0.0409310791939948,0.4443843733056558,0.0187187804146796,0.5775388816257679,0.0136369182588027,0.1199682051372355,0.0042051592322701,-0.4121611327833313,0.0050493279987736,0.7694436132353649,3.7041536850837193,4.966400157123475,0.0011752440542666,1.0
28,2Item5,Medium,0.4370649967049306,0.0541677775990093,0.344039194070077,0.025985173401822,0.4988894612457221,0.0194466573415445,0.0934872670117275,0.0041081911110724,-0.4511505823524372,0.0027386660508502,0.6896086832588786,3.680025366465713,4.864796107571116,0.0003300099241785,1.0
28,2Item6,Medium,0.6618667832741081,0.0390056762007253,0.4348510467329755,0.0275672171475429,0.5651499769162053,0.0178348023841564,0.112898694901494,0.0046879392037375,-0.4141576703315126,0.0025489550871369,0.7694422632086341,3.851658298212292,4.797303829583411,0.0007978782403011,1.0
28,2Item7,Difficult,0.5743383807110669,0.0520553828243642,0.3389795935322308,0.0327389531976739,0.4675694129714829,0.025285101187192,0.0651081938848006,0.0035759258327922,-0.4424823740678772,0.00407407116057,0.7249808459392513,5.206324534319927,4.660734907184025,0.0018329316426338,2.0
28,2Item8,Difficult,0.4692574121900526,0.0394289466798016,0.3091855942684589,0.0278469457903807,0.4428851782921599,0.0231762544584781,0.0509409019826566,0.002870258347024,-0.5425285090833913,0.0040755174434642,0.6981152481676627,6.069376725936184,4.660433517836614,0.0031659016925949,2.0
28,2Item9,Difficult,0.4388770974379247,0.0629798070643681,0.2780102151709333,0.0432603277054866,0.4565073492300078,0.0238513931606186,0.0222084510153503,0.003155208488459,-0.5617929728048394,0.002480445197895,0.6089926189517736,12.517653632175907,4.925574286951168,0.0039819677113267,2.0
28,2Item10,Difficult,0.549000742351911,0.0666298514052292,0.3589436129208063,0.053820918778236,0.4942397285377135,0.0350662802726728,0.053460204394567,0.0037998684564235,-0.5125587204983788,0.0035086117526129,0.7262525975606982,6.714095145923861,4.80174426644939,0.0023019993467785,2.0
28,3spl1,Easy,0.4839179928065853,0.046096518465005,0.2085607115476381,0.0098365991049232,0.3319171685309848,0.0088231510056018,0.1214503688773018,0.000413730069763,-0.1090782431016813,0.0071026716810846,0.6283497901627185,1.717236400672765,6.104171287262472,0.0004543955867004,0.0
28,3spl2,Easy,0.1904005092362331,0.0540783389558908,0.0683841562795607,0.0349832750335227,0.2274154958044482,0.0073564467088356,0.0433470079898648,0.0006149244596548,-0.2895338682104448,0.004985336904833,0.3007000703166371,1.5775616793175269,6.051740138593202,0.0001483977140717,0.0
28,3Item15,Difficult,0.4261268580772344,0.0896108143940574,0.2511663420906766,0.0543888572931943,0.3740286896028356,0.0417016757966152,0.0730284049200107,0.007117364868023,-0.3829244762694992,0.0041126415560047,0.6715144521211092,3.4392494689745803,5.996386599046108,0.0005991720759356,2.0
28,3Item2,Easy,0.7587526467759288,0.0190516690437052,0.4835069210592104,0.012275606927027,0.6770137381785138,0.0102336527978492,0.1674551266686002,0.0008032509843003,-0.3484728423760643,0.0054599697451397,0.7141748824553953,2.8873647723626283,5.900449546897672,0.0003700740306137,0.0
28,3Item5,Easy,0.5584469534820503,0.026592613203822,0.3736320341720591,0.0229199108301147,0.5222144368310978,0.0072761848041283,0.1277286436484681,0.0025443390384453,-0.3491995819269884,0.0036866312989415,0.7154748937322286,2.925178709496384,5.807004758116507,0.0013261381341448,0.0
28,3Item12,Medium,0.6439477852312476,0.0228588135459924,0.414100061559461,0.0154605565573377,0.5494507475898982,0.0043361183222469,0.1359506528316999,0.0032692613621035,-0.3624993681288494,0.0038984427920195,0.7536604685959403,3.0459362055133834,5.6842917937580495,0.0010990417741328,1.0
28,3Item6,Easy,0.6335038158607911,0.0170021459768096,0.4261060652897984,0.0101237682212733,0.5344149973755761,0.0118185302758733,0.0964495009821428,0.0019649981388571,-0.301893882522043,0.0010410573022121,0.7973302958413129,4.417873012071642,5.647539538364161,0.0006098270802385,0.0
28,3Item8,Medium,0.4718377312195221,0.1545293427729635,0.2888653423449248,0.0857664605949568,0.5181653300483351,0.0428515088759544,0.1024363153469387,0.0018847485599134,-0.3508955358083377,0.0021144467764909,0.557476095210546,2.8199230072223607,5.636888330250434,0.0008694523101323,1.0
28,3Item7,Medium,0.6495322890165515,0.0371440059073014,0.4694258960583971,0.0229075998291675,0.5909591416746024,0.0054408613633953,0.1491420040206052,0.0023389550304942,-0.3580515333068891,0.0032485931242701,0.79434442859071,3.1474885405522763,5.533564547911143,0.0015354432997579,1.0
28,3Item9,Medium,0.5832996397117963,0.0384076008460762,0.4135729337507591,0.0323860199543903,0.534240432384625,0.0134616640185594,0.1477568395957014,0.0018058402485359,-0.3176632569704089,0.0050260652612002,0.7741311487294174,2.798991477422704,5.51742958806461,0.0684782683598132,1.0
28,3Item17,Difficult,0.4985194120047275,0.0752919907849026,0.305491667136879,0.0476016237031476,0.4638859397849091,0.0280271769950824,0.1071538167140897,0.0033707037066774,-0.3217498434262064,0.001553222628437,0.6585476781875483,2.850937330722064,6.735466581013974,0.0342029767252423,2.0
28,3Item19,Difficult,0.4091828823772846,0.0281920794457233,0.2978925980738958,0.0197323213680465,0.494719932656131,0.0196766474109981,0.1282282868461505,0.0039855134560429,-0.3300227680231363,0.0012270953520565,0.6021426998743028,2.32312450143552,7.797513632936472,0.2801627503561956,2.0
28,3Item11,Medium,0.663141014591633,0.050715302431852,0.386931357505886,0.0154376718622653,0.5243477770414012,0.0078919689225823,0.2046446327034742,0.0032564259810668,-0.2849908878912203,0.0032582452203721,0.7379274529619716,1.890738406651163,8.147103420984436,0.0104022282285041,1.0
28,3Item4,Easy,0.6514583777103408,0.0280847971994034,0.4644951397320212,0.0231270033738424,0.5908443407452997,0.0200823214491422,0.1566112315699177,0.0026420155647888,-0.284090869785899,0.0027108760429915,0.7861535120952317,2.9658931175158734,7.960938418571804,0.0005841141142857,0.0
28,3Item13,Difficult,0.6249028310114413,0.0193491590662772,0.454695551817759,0.0096071578256374,0.595499886932667,0.0086823298932826,0.1592533936316412,0.0020244113726421,-0.3201992106788072,0.0020412250626039,0.7635514266986663,2.85515232232449,7.853063384149714,0.0040437554781263,2.0
28,3Item10,,0.6894859835593681,0.0237263475818956,0.4986217356868191,0.0172812553643219,0.6115638195588237,0.0012946812908894,0.1717600672470043,0.0004659148945571,-0.3440139320940087,0.0009202441207901,0.8153211560575371,2.902996259156718,7.7500606246250845,0.0008826506374003,
29,1spl1,Easy,0.6825990629967864,0.0888050250790077,0.4495825472037618,0.0614981890651936,0.5524035496645557,0.0264273381145694,0.3755917186156304,0.0046676135987128,0.1792249933651323,0.0065055084509577,0.8138646712391634,1.1969948428735386,16.556023103666355,0.0006354627474859,0.0
29,1spl2,Easy,0.5440928220591814,0.0226274941550682,0.3216264697889472,0.0164527939883629,0.6158990889943768,0.007159438074243,0.511879231095413,0.0185907392619577,0.3400883506111634,0.0130137810181438,0.5222055907056115,0.6283236785696399,16.700993718560746,0.0048306109212813,0.0
29,1Item1,Easy,0.8276373804155563,0.0436356720124986,0.5793694838500999,0.015171202451636,0.8006020562741506,0.0075636475322168,0.4685794572307211,0.0076153095411629,0.2552386932101266,0.0052071429043207,0.7236663404039096,1.236435440082445,16.580027577670933,0.0012748320675136,0.0
29,1Item2,Easy,0.8141064531642562,0.06112712990189,0.5438040717249891,0.0404485243391948,0.7648289690109831,0.0193876305782865,0.4623552487154742,0.0032716166863973,0.2566760576372688,0.0102189540743237,0.7110130274160059,1.176158153449412,16.55174267733876,0.0083838380646073,0.0
29,1Item3,Easy,0.5738526666917073,0.0660265905272451,0.5243565664183415,0.0596575362606608,0.7551115912315447,0.0290702875602069,0.4552364635934959,0.0025885737521642,0.2089158355019634,0.0051379273037713,0.6944084531329909,1.151830875866942,16.62889798953665,0.0117724918295041,0.0
29,1Item4,Medium,0.6928096333699144,0.026454837017541,0.4991850213121605,0.0175398130426507,0.7107615698450613,0.012311980360822,0.4704409090573893,0.0027148630280054,0.2636516929765472,0.0075068538091199,0.7023231701987029,1.0610981115869609,16.294655801794118,0.0065180173200324,1.0
29,1Item5,Medium,0.7745654026356039,0.0428370551676095,0.5544017432723874,0.0326325106024012,0.7416463456391227,0.0231071690814833,0.4790429088121842,0.0090540384671408,0.2589451228042582,0.0093748156363138,0.7475274421627245,1.1573088250867385,15.99252515594658,0.0164290993789621,1.0
29,1Item6,Medium,0.6064781443910865,0.0521358000580752,0.431836447588821,0.0367155361533733,0.6195454007362023,0.0300875357393138,0.4098198740130551,0.0054654883428485,0.2252840485088089,0.0087461304186233,0.6970203475892572,1.053719990785693,15.591523836726426,0.0144800074743124,1.0
29,1Item7,Difficult,0.6606820178572005,0.0448721426195697,0.4812361987441669,0.0459842560208167,0.6411088253151396,0.0258549129790636,0.4468284970267749,0.0052051441782217,0.287029727491168,0.006977005360214,0.7506298917000902,1.0770018585306833,15.21607021430414,0.015440563138102,2.0
29,1Item8,Difficult,0.76067634055379,0.0655900555459245,0.559668562594246,0.0478105165669088,0.6938028131412428,0.026535730255294,0.4199046753495334,0.0069423311148368,0.2194367004429739,0.0069313384024785,0.8066668876613828,1.3328435299865204,14.765034216041268,0.0180450919321652,2.0
29,1Item9,Difficult,0.7476982464839765,0.0449308670760371,0.5681611734318587,0.0334681644425759,0.7171910086854835,0.0166815829954991,0.4374320289895914,0.0067578987143325,0.217878849643979,0.0077168185244595,0.7922023203705542,1.2988529346863242,14.884619508125107,0.0893337886944995,2.0
29,1Item10,Difficult,0.6766788158745882,0.0739327749557183,0.4621288968036633,0.0584756754351909,0.6840085348544391,0.02459489258006,0.4253667841206884,0.0061202296256443,0.2514398601209274,0.0066175425551881,0.6756176241052061,1.0864219483827782,14.862966097496916,0.0237565808082259,2.0
29,2spl1,Easy,0.585358549427896,0.0111440213825747,0.3462252318245272,0.0146750330776835,0.5816738869762411,0.0106168337336125,0.4120734252695035,0.0017115256745024,0.2208704740827304,0.0031290723421239,0.5952212130462303,0.8402007273275699,14.206561612569413,0.0004779196570098,0.0
29,2spl2,Easy,0.7387894521242631,0.0905583761422154,0.4492342914019357,0.0188823943716866,0.4978212634479762,0.0095944687769319,0.4233947604540475,0.0035732832538844,0.2702249678266014,0.0084635054805685,0.9023989571910376,1.061026900505993,14.266505517759692,0.0014677417296296,0.0
29,2Item1,Easy,0.6888137741197509,0.0088237292393563,0.386807718054048,0.0057243389852105,0.5416220503249927,0.0090835433321177,0.4305676103158363,0.0031118669802064,0.1995696246111951,0.0010519759904234,0.7141640626667384,0.8983648802691675,14.436363494714834,0.0525273617391994,0.0
29,2Item2,Easy,0.6562637825361227,0.0543879322466548,0.4338919209698804,0.0407747056819108,0.6849011626962058,0.0267019195600104,0.4811171286005717,0.0095141043981023,0.2252610296734641,0.0027198340684988,0.6335093457170712,0.9018407230505776,14.795563793552448,0.0006376168429009,0.0
29,2Item3,Easy,1.0367292962572772,0.0503057929228177,0.6480062548842366,0.0422074353969628,0.8143678860535154,0.0134813708545314,0.4875051424256605,0.0050649950444878,0.2348233875059337,0.0042070779600418,0.7957158800903078,1.3292268517069006,15.122785290787244,0.0703801427184943,0.0
29,2Item4,Medium,0.9137446847617544,0.0623532878928296,0.6135422378946495,0.0509230923377423,0.7848187292066902,0.0217941154013771,0.5203825220169362,0.0027824381255704,0.2930324348460987,0.0037166026901613,0.7817619958596466,1.179019342343206,15.17875358436208,0.0414200884311812,1.0
29,2Item5,Medium,0.7001638606929728,0.020182046354906,0.5059191075461463,0.0153101176551573,0.6436523017921635,0.0111773289712715,0.4386855274896569,0.0019591269652132,0.2349173435130836,0.002894425857808,0.7860118267668085,1.153258821147806,15.101089629511844,0.0181972764450178,1.0
29,2Item6,Medium,0.905721520506508,0.0295313840740422,0.6800981229106011,0.0200036182968879,0.72072923972059,0.0172955344908441,0.5111121562906749,0.0025161139156739,0.2971843613967225,0.0061536982061039,0.9436236825226856,1.3306214378168402,15.10543059826395,0.0097340722400898,1.0
29,2Item7,Difficult,0.8136340309973258,0.054754637287043,0.6112440374392725,0.0370075328432131,0.7385343876142878,0.0220107014866308,0.5136509889330793,0.0056997369656162,0.296622744300491,0.0118555575227727,0.8276435329846438,1.1899964384619717,15.016357841844156,0.0504222874423646,2.0
29,2Item8,Difficult,0.8026851443824455,0.0457281069200208,0.5522181549218029,0.0450963415045992,0.7120489967984954,0.0148327434328233,0.5201130273750678,0.0159311797451219,0.4064517161976045,0.0412295975807778,0.7755328381499541,1.06172517151433,14.90977033872675,0.0216166822731462,2.0
29,2Item9,Difficult,0.729053973438412,0.0491776457036917,0.5490233000858064,0.0420738621827783,0.7053241075002896,0.0175946779484275,0.4832551699451486,0.0048800772026107,0.1954072937964402,0.0024211576612921,0.7783974996035157,1.1360916512418715,14.99478722294775,0.0249084224642242,2.0
29,2Item10,Difficult,0.8436886290072289,0.0297096551553832,0.5726050045410528,0.0245981047309089,0.6563491979797499,0.0185643819596588,0.4543155803283298,0.0059233339905151,0.2591620361443736,0.010279569279907,0.8724077577846927,1.2603656334251263,14.61524108941449,0.0744402323808785,2.0
29,3spl1,Easy,1.100787998654971,0.0038731309246082,1.031347920220517,0.0100864056176943,0.9689765588304092,0.0043362101118766,0.4843320535380117,0.0008866769837909,0.2652967645062621,0.0020875112207016,1.0643671887152792,2.129418821793409,13.834578910058967,0.0001971946434892,0.0
29,3Item15,Difficult,0.6497871633243952,0.0317107092565189,0.3555771845569619,0.0216806911441159,0.6185134727413477,0.0205862551577745,0.4942030302344649,0.0073524889912879,0.3023229513919951,0.0056196098149421,0.574889028838713,0.7194947082650576,14.27213615180904,0.0152049900455655,2.0
29,3Item2,Easy,0.814333758859041,0.0471326790395884,0.514153992984072,0.0410838716383059,0.700307340595263,0.009262334401151,0.4368032563049537,0.0046514370951915,0.2275042037933564,0.0042008220183191,0.7341823068207933,1.177081004964193,14.077690143235628,0.0013288736695365,0.0
29,3Item5,Easy,0.8788916147028302,0.0413115311945792,0.6763112106551887,0.0115158560291933,0.8035232933525944,0.0057377116436226,0.5423422710857312,0.0049310723132992,0.2902201182683963,0.0048820852112353,0.841681099439288,1.2470168742045302,14.082446371534612,0.0009679226967101,0.0
29,3Item12,Medium,0.80647559388141,0.0402330301327961,0.5727115406507084,0.0447052642095976,0.7984928609574954,0.0201599585316029,0.5117335709826325,0.0024861597590945,0.2555610839051531,0.0032618268105537,0.7172397543093877,1.119157417000356,13.953519316029244,0.0014231686402049,1.0
29,3Item6,Easy,0.9766181317279202,0.039991860758481,0.7155530935185186,0.0335891577501222,0.8299938316794873,0.0132168756116689,0.5877240296032763,0.0037555434924981,0.3184364100425569,0.0027589556991265,0.8621175291785892,1.2174963758163035,13.8507499418725,0.0002436178689096,0.0
29,3Item8,Medium,0.8054932736397848,0.0502723035988724,0.5667554483986667,0.045748866440948,0.7752517778376343,0.0275977759705227,0.5257188097494624,0.0046443742724466,0.351065802151,0.0076617580338114,0.7310589069793253,1.0780561011554048,13.775867126586435,0.001090755585684,1.0
29,3Item7,Medium,0.8942483976674869,0.0563677753199357,0.5767026003805006,0.0381628630460609,0.777634312143431,0.0179052395103946,0.484776877820912,0.0025992293808975,0.2946975078912263,0.0051775642272055,0.741610612808862,1.1896223544126896,13.664766337776124,0.0017753193070064,1.0
29,3Item9,Medium,0.8867704531536454,0.0505409097584488,0.6590102256999905,0.03133793403588,0.7674482113136849,0.0203169882932103,0.4854502933623871,0.0048813665738242,0.2774477723040623,0.0169149014179158,0.8587020691205435,1.3575207950018633,13.450308286775464,0.0041154080457934,1.0
29,3Item17,Difficult,0.8957864914547512,0.0288058705593229,0.6247606367834841,0.0393962637910269,0.7233276450226245,0.0070110773601251,0.4997637480871041,0.005253359914662,0.3188755160306561,0.0066676439629461,0.8637299809465484,1.2501094548481329,13.327663665582683,0.0002053462347716,2.0
29,3Item19,,0.9816158307515522,0.0583101489002551,0.6468088184663592,0.0567639162342982,0.7584812351452226,0.0208212442424001,0.5864813454477406,0.0037382096724961,0.3639575944546783,0.0054267452613032,0.8527672613749722,1.1028615328097615,13.279924885921584,0.0015723125992053,
30,1spl1,Easy,0.742475604718,0.0188610583506388,0.4425260247023639,0.0072736344074326,0.6205032124357,0.0043747937340768,0.4608157489880999,0.0018246462851271,0.19600031197636,0.0017915962057589,0.7131716688357227,0.9603080306306134,5.425905457280855,0.0006686663293754,0.0
30,1spl2,Easy,0.7351461574930367,0.0194153740867878,0.4543232858723512,0.013132490452025,0.587341366762698,0.0104913614454569,0.4065928409939036,0.0033931075440009,0.1764393706899713,0.0012329617714973,0.7735237769011646,1.1173885092842892,5.287828480592722,0.0035697484510244,0.0
30,1Item1,Easy,0.8498540549251222,0.0236598037387573,0.5728865938959352,0.0108544968200007,0.666534310887072,0.0174034911038426,0.4341613832176803,0.0013493302871663,0.2137226566739379,0.0005277445610145,0.8594992411332228,1.3195214879053705,5.101734521022887,0.0024445827759819,0.0
30,1Item2,Easy,0.6071556046149511,0.0349093104780603,0.3239603895655522,0.0398461874830429,0.4090511505185199,0.008691634357634,0.4099444583903081,0.0014642202493612,0.2000552767565739,0.0022482305898729,0.7919782090251715,0.7902524175718769,5.002057676786103,8.70163460268192e-05,0.0
30,1Item3,Easy,0.6129001528107891,0.0490768227896491,0.3184000075789804,0.0377769122021722,0.5125555847950508,0.018718275250472,0.386506614321974,0.0032017872919058,0.1607248684291572,0.0031105719826091,0.621199721209893,0.8237871539414032,4.932202179588939,0.0016307138253469,0.0
30,1Item4,Medium,0.659014747411465,0.0891352560616315,0.417013950785731,0.039387123275584,0.6005480868264739,0.0410183282596614,0.4412036825445684,0.0063306647250107,0.198998680171352,0.0111482975968943,0.6943877859999568,0.9451711808240072,4.887396709428336,0.0020832477005554,1.0
30,1Item5,Medium,0.6287332885944329,0.0693125870052399,0.4181346607823955,0.0528507349438069,0.5826996091453033,0.0290948573011575,0.4049379813093892,0.0034288006648035,0.1801608670418676,0.0041639902632025,0.7175806138176333,1.0325868342690483,5.149573376248988,0.0019118210096091,1.0
30,1Item6,Medium,0.6146863626178927,0.0482676760481088,0.40293765284812,0.0389849824438748,0.4593787344810928,0.0232766528392732,0.4093729576498082,0.0034242333402079,0.123454473051193,0.002223125834747,0.8771341498189319,0.9842776886965682,5.200329825991218,0.0044783554447324,1.0
30,1Item7,Difficult,0.731606891067015,0.0320546481658565,0.5242740649683172,0.0287938398539224,0.5695740037155996,0.0267787028144331,0.4241866629255384,0.0061008108954109,0.1418995413788632,0.007345300115893,0.9204653672444127,1.2359484039505126,4.970461637455594,0.0344231909054383,2.0
30,1Item8,Difficult,0.7168702354294922,0.0353861333065033,0.523411874114901,0.0248235366915948,0.5955131219287294,0.0299993109928315,0.431521463918864,0.0039938535170487,0.120609135168777,0.0031915939470349,0.8789243694502049,1.212942356144208,4.814518226909248,0.0043094202340343,2.0
30,1Item9,Difficult,0.6263452006321851,0.0534044108163915,0.4036644505723929,0.0249949720312521,0.6055396983836494,0.0412138060088005,0.4774981058395353,0.0048909177051753,0.2262935940160022,0.0101236637854224,0.6666182003123516,0.8453721601481811,4.75180557314079,0.0220667184573159,2.0
30,1Item10,Difficult,0.6783972274725,0.030604569536127,0.4546824507738247,0.0267235835761489,0.6634027042746357,0.0145624830115425,0.5292193110176385,0.0025257092209498,0.3114233764313942,0.0055121533404069,0.6853782212008803,0.8591553296575393,5.025304023592129,0.008923489921755,2.0
30,2spl1,Easy,0.7386347753370527,0.0166017468467042,0.4842499098978947,0.0291326465127692,0.6201881467778947,0.0072518143531165,0.5131292820258947,0.0019281445823966,0.2618921101110284,0.0017603321150906,0.780810035799154,0.9437172719295048,4.3997302247562775,0.0001532722761757,0.0
30,2spl2,Easy,0.743386615747505,0.0284833182632452,0.4627076302043164,0.0143164942742394,0.5564987924473553,0.0079283880843568,0.4909232257264637,0.0012004346639161,0.3001264964798436,0.0050246495189007,0.8314605620416081,0.9425235218726622,4.536159822182845,0.0042586863309901,0.0
30,2Item1,Easy,0.7126112999584747,0.0447205990626065,0.5049093887302436,0.0120859717312286,0.6218034733511109,0.0113698469015496,0.4990836370303392,0.002447363372769,0.2473944698678571,0.001710423820797,0.8120066843667418,1.011670869563453,4.538521773790884,0.0012938985079893,0.0
30,2Item2,Easy,0.6319885033572206,0.0194067862252031,0.4419760731776644,0.025212996941866,0.559391456101632,0.0092866934137123,0.4753364587266629,0.001010061512752,0.2308938885900531,0.0012395770611547,0.7901001673454191,0.929815366038336,4.381603410927205,0.0022724281871602,0.0
30,2Item3,Easy,0.5659356681676992,0.0340216346665315,0.4011387497434709,0.0254631195606993,0.5529017894134105,0.0112773592757219,0.4458925925151303,0.0035601219053304,0.2612618388148098,0.0040382326533414,0.7255140639985734,0.899628872172814,4.338351015131544,0.0006881652445289,0.0
30,2Item4,Medium,0.6367501334119074,0.0944307355434695,0.3462664262276971,0.0445134986874916,0.4824566719435249,0.0178890639461672,0.4937552732711533,0.006517754779207,0.3152148901828016,0.0143962571252369,0.7177135868371685,0.7012901809503492,4.744450107107141,0.0123810050310678,1.0
30,2Item5,Medium,0.8818949685369428,0.0421887438197943,0.6112138528407906,0.0426774473001291,0.6689513814386809,0.0268102287111195,0.5034212209830659,0.0040268122828978,0.2872170587237304,0.0058276331482471,0.9136881335653292,1.2141177472206786,4.669851190415194,0.0029155144464333,1.0
30,2Item6,Medium,0.7288480086242688,0.0266962971184844,0.5129875110607811,0.0366810478008724,0.6228318122393457,0.016643568054216,0.595601108502817,0.0070671204178975,0.3549983711217886,0.0024703316655474,0.8236359757867853,0.8612923019199735,4.455517303707839,0.0207045976561817,1.0
30,2Item7,Difficult,0.7980813470282866,0.0434271948827215,0.5151678014293551,0.0498653145410631,0.6347731197289479,0.0284861685468094,0.6385736394028777,0.0031170005933456,0.3609363327243655,0.003709743213117,0.8115765678180683,0.806746415596901,4.388183867546721,0.0155439560287294,2.0
30,2Item8,Difficult,0.7768457057822259,0.0290810426601675,0.3923368486275653,0.0199548778610962,0.538851942901017,0.0081035350511398,0.6249623894746376,0.0021451752826142,0.3843837081967749,0.0048609441468646,0.728096327200786,0.6277757309230148,4.97500153975592,0.0159817387799644,2.0
30,2Item9,Difficult,0.6839492376943296,0.0765125311462775,0.5629160623858168,0.046012423618352,0.6990299811152227,0.0282605462906632,0.6488886240531765,0.0095534490068172,0.4191474336313082,0.0169552677457932,0.8052805635134362,0.8675066475399302,4.747731661809332,0.0120640940889981,2.0
30,2Item10,Difficult,0.7233766971935202,0.0403417746894395,0.4099727279505612,0.0373831834435178,0.6421254146371561,0.0354634837617499,0.6120578096479709,0.0022622729887374,0.3484705694787479,0.003568018888671,0.6384610858630118,0.669825711987316,4.832360305270138,0.0149774998945305,2.0
30,3spl1,Easy,0.8753306558339222,0.0069264030565897,0.454406460584629,0.0073813003915646,0.5803134822075972,0.0027655865804994,0.5930447158932332,0.0008933844585882,0.3458740836326855,0.0010041534499036,0.7830348449275357,0.7662250116758899,5.136875368966551,0.0006643862572259,0.0
30,3Item15,Difficult,0.8822059717068717,0.0144038211162847,0.4962162060833812,0.0096337806644319,0.651579314663801,0.0099651585413901,0.5596418435902675,0.0012382243414275,0.3658253037949827,0.0013317351428692,0.7615580073799747,0.8866658651435863,5.361465257412944,0.0554213500188707,2.0
30,3Item2,Easy,0.7287678998402952,0.0099748565726148,0.3795013686778031,0.0098259732504557,0.5816687496626883,0.0024065792611851,0.5941547058636385,0.0019872299297187,0.3206421867813837,0.0008793069988479,0.6524344250287674,0.6387237637079942,5.671108619982614,0.0019191187686446,0.0
30,3Item5,Easy,0.6356674302070817,0.038059917094007,0.3029312841561277,0.0176137112094785,0.5540186447044398,0.0198419623978568,0.5820168605818248,0.0003095730958439,0.3094358762457865,0.0018795628706247,0.5467879831548869,0.520484515463661,5.559391677403216,0.0006027116553972,0.0
30,3Item12,Medium,0.6942802306625857,0.0129227792892077,0.4169619850452041,0.0210844867442511,0.5886143957240974,0.0075538617545665,0.5865590843960753,0.0018786031140303,0.308789136403354,0.0019994742174595,0.7083776402624836,0.7108598013015323,5.547006075913417,0.0033154873596413,1.0
30,3Item6,Easy,0.7038378707622257,0.0346870288932773,0.3056228921078369,0.0252087106193662,0.5434554466837539,0.0095486712144971,0.5830401481329153,0.0014463097890628,0.3288069319009159,0.0007221397480435,0.5623686938903566,0.5241875176161055,5.390187325805402,0.0011821994845799,0.0
30,3Item8,Medium,0.6185431493176561,0.0169091692589195,0.4584528899978531,0.043055506556764,0.6276964360826197,0.0262603317475985,0.5779428116253477,0.0027732431875,0.3039834706503393,0.0022357009096562,0.7303724113627095,0.7932482029845583,5.113466363679134,0.0162115966036944,1.0
30,3Item7,Medium,0.7302116042040985,0.018456884922066,0.4267015445218554,0.0382684888785824,0.6744756955094858,0.0227563042446367,0.582895950794143,0.0017453211818721,0.3307459319224478,0.0035825481630751,0.6326409012538733,0.7320359867048782,5.19008793181267,0.0065659785758897,1.0
30,3Item9,Medium,0.8360465151688239,0.0282504491727031,0.461170165729108,0.0052322319065576,0.5679828738435565,0.0086264101186731,0.6023112360901801,0.0012397643658109,0.3723172566586241,0.0027131429429721,0.8119423578144247,0.765666274228007,5.281774897748299,0.0019412528965647,1.0
30,3Item17,Difficult,0.7709788575894198,0.0258400524814302,0.4019681788096131,0.0239171532941898,0.599886006447604,0.0186587220683918,0.5518987258977484,0.002685471327139,0.3007798072045323,0.0032219779056786,0.6700731545928597,0.7283355289871745,5.288245178799624,0.0023493989528279,2.0
30,3Item19,,0.6123985568022752,0.0244575607013008,0.1689355970619867,0.0051331575020282,0.5016423676942287,0.0040422080403467,0.6692711060083242,0.0015840320486835,0.4870738729184239,0.0017207916008324,0.3367643388538918,0.2524169101705928,5.499810149200393,0.0389860613710051,
31,3spl1,Easy,0.4585920021779117,0.0494678411273255,0.1563864379623642,0.0201680720877085,0.5177129552731855,0.0139414028882493,0.2059066617063002,0.0009774938406448,-0.1281980537796936,0.0025110017130271,0.3020711270567214,0.7594979063257422,4.767045703659956,0.0076201960628607,0.0
31,3Item15,Difficult,0.4571343417588936,0.0263374918225157,0.2586338901108372,0.0186513916829323,0.4553185120869227,0.008507448893579,0.2202500112352145,0.0077385675351746,-0.0940226751699172,0.0018820404851882,0.5680272495360638,1.1742687974977428,4.8422773113881545,0.0042588074924615,2.0
31,3Item2,Easy,0.4620803592862278,0.0143784082281114,0.2394949112771223,0.0252805604171267,0.5697092140776586,0.009629829785794,0.2274638547452487,0.0025058580857522,-0.1202042059337174,0.0008995034549328,0.4203802307895363,1.0528875396832038,4.917734415519546,0.0118656683758429,0.0
31,3Item5,Easy,0.4118374655936788,0.0082607273957439,0.1672242942014785,0.0359339948332842,0.4780060375122083,0.0246794678593251,0.2569569192670374,0.0077067431207438,-0.1183827523125542,0.0017067793268288,0.3498364690858921,0.6507847459166832,4.921716625886571,0.0001787910721585,0.0
31,3Item12,Medium,0.3513398340962036,0.0524294159600591,0.2069692312545941,0.0340460644118791,0.5295742477904634,0.0193224881809412,0.2527427038936742,0.0052580833814971,-0.0993327155444396,0.0013640194680752,0.3908211951335109,0.8188897609163122,4.971384772366808,0.0041441032045462,1.0
31,3Item6,Easy,0.1641711318291205,0.0288738647414712,-7.437020854117949e-05,0.0340529814970112,0.4503465572975638,0.0113936463499025,0.203928743312471,0.0028734948808914,-0.1773998670203016,0.0016398560080818,-0.0001651395846076,-0.000364685441825,5.0683282569159,0.011312262681247,0.0
31,3Item8,Medium,0.4716561170601241,0.0253176003310466,0.218389620429235,0.022623329944152,0.5169183681869544,0.0188604323653089,0.2340311437750466,0.0036944109139377,-0.1210350887873258,0.0012420229631653,0.4224829516356021,0.9331607911054846,5.100577752463862,0.0051272366699264,1.0
31,3Item7,Medium,0.5183801234619215,0.027738993271548,0.2557480726718421,0.0258535339192758,0.5573721975467719,0.011754763697658,0.2429358648364561,0.0035250991348759,-0.1492880674732017,0.0039754828383066,0.4588453011330545,1.052734721196021,5.169470278990002,0.0101187732700448,1.0
31,3Item9,Medium,0.3864213239191186,0.0214538664010204,0.1572361911739234,0.0099005885767073,0.4544823969401804,0.0149572884531371,0.1748168297567661,0.0062802099809121,-0.1902293700243207,0.0035874835003916,0.3459668543064931,0.8994288019288137,5.175832816666455,0.0087580038294654,1.0
31,3Item17,,0.4822860402930106,0.0772604855583221,0.1484293644208342,0.0249225334519677,0.3798225947376236,0.031273515908468,0.1893313199116678,0.0143015115528665,-0.1116369912468615,0.0457613526175096,0.3907850025045626,0.783962106892702,5.077226148584471,0.0061082163764094,
32,1spl1,Easy,1.0386020281705934,0.0508620820198499,0.6009918166743317,0.054495731538562,0.7562660122263253,0.028723119020836,0.6095652259707749,0.002569103998332,0.2952924506938151,0.0036831288878262,0.7946820461005047,0.9859335886223224,0.7772491487394294,0.0004250029921982,0.0
32,1spl2,Easy,1.065745998022266,0.0125892959646962,0.7463261011444008,0.0085933151127575,0.7893829310903733,0.0175312292528948,0.731802317832351,0.0026311572633977,0.3948910914554682,0.0046803364574505,0.9454538808682148,1.0198452001489515,0.7645853627162037,3.375787075177248e-05,0.0
32,1Item1,Easy,1.1253004567288731,0.0168144228603834,0.7828822832892254,0.0139831255648488,0.7969318577859155,0.0112368596139801,0.6417814952042253,0.0115647565222128,0.3424550457807747,0.0158809325390263,0.9823691866141318,1.2198560869755413,0.7537530329476637,8.999795174319734e-05,0.0
32,1Item2,Easy,1.154022978269496,0.090069149950464,0.7417304958052194,0.100379190695672,0.8228407040231553,0.0512949763563124,0.6215977679875445,0.0055030804827334,0.2596028418362336,0.0011118785380474,0.9014255016227845,1.1932624934354472,0.7394382388719873,8.224633794840082e-05,0.0
32,1Item3,Easy,1.126373852691842,0.06696256461116,0.7760439744217147,0.0615508396687358,0.8052204075929557,0.0144239747362266,0.7601438836528684,0.0239128261292567,0.4806433336022586,0.0363049317884078,0.9637647075747018,1.0209158689491449,0.7151453168182329,9.632046709811127e-05,0.0
32,1Item4,Medium,1.1514762055521552,0.0852828499137606,0.765638906992603,0.0689433131454345,0.7794263282318746,0.0197161516742539,0.7127550181629654,0.0049265879184917,0.4241968610622664,0.0047442549492056,0.9823095486393189,1.074194938354833,0.7426442049964139,0.0008314939709332,1.0
32,1Item5,Medium,0.9106609791309316,0.047016636816235,0.6306913434812021,0.0324484257494577,0.6905443747297283,0.0209794827505463,0.6219557896125469,0.0073389752334764,0.3157161004766856,0.0059142516526176,0.9133235360935515,1.0140436667217612,0.7497518638458234,0.0017743194352166,1.0
32,1Item6,Medium,1.2680064102187738,0.0258692552245971,0.9106232953037204,0.0228613087069574,0.8966117798509872,0.0142365943815733,0.6211026783077069,0.0094181482190019,0.2695294368960725,0.0213134605590296,1.0156260492462106,1.4661373408459832,0.7295496371583327,0.0001143428359411,1.0
32,1Item7,Difficult,1.1444001284615883,0.0559304484334351,0.7630933617000432,0.0561919034532305,0.730815626040354,0.0240559260965091,0.6244889639620199,0.013328695416138,0.3078051668267317,0.0236734995128827,1.0441653001719022,1.2219465575694228,0.7083143194254304,6.555479686454562e-05,2.0
32,1Item8,Difficult,0.9774109575632248,0.0826382614862206,0.6055817964426808,0.0921351598508953,0.6677329514657909,0.0358788868533058,0.5503645400254323,0.0079145287891818,0.2694362679303712,0.0068114008130061,0.9069207805194338,1.1003265146555086,0.6810455828161381,0.000174307891809,2.0
32,1Item9,Difficult,0.832513298350861,0.0765744445457621,0.5392771163864679,0.051265731654985,0.5364506811853881,0.0349861888562036,0.4970360596466286,0.0103904886688327,0.1989882145366484,0.0095246755413946,1.005266895976235,1.084983716847734,0.6796438916513962,0.0002239495839384,2.0
32,1Item10,Difficult,0.902178954006098,0.0623352510944953,0.5440430832716275,0.0329207821071779,0.5739534129938283,0.0418970670210546,0.5164378050604138,0.0216055662564163,0.2331316011855067,0.0347612844031073,0.947885530549057,1.0534512084311412,0.6453175453715702,4.338240690625606e-05,2.0
32,2spl1,Easy,1.0993826421265456,0.0239356544361468,0.7590803592220539,0.0204191625672571,0.8007328269309867,0.0200805231825191,0.5094620531213727,0.0050254412305242,0.1998433748179617,0.0075192286986802,0.947980881651297,1.489961547891115,0.8709497177530954,0.0007720601870665,0.0
32,2spl2,Easy,1.1627310967763158,0.0140318182379873,0.7682618387163742,0.0030280255650393,0.8756007049883041,0.0042167271407733,0.4837065792192982,0.0046160936954693,0.1715355086770146,0.0049376505571473,0.8774101675905671,1.5882774463785438,0.8809055624698082,3.4827997515256164e-05,0.0
32,2Item1,Easy,0.7105759950450238,0.0400263027718272,0.4386977013908313,0.0348849764220205,0.484540291645487,0.0152463451362159,0.4291426788954869,0.0168978945617604,0.1284285114878147,0.0157386926399066,0.905387650041192,1.0222629924782631,0.8810887793938641,1.3736199068365762e-05,0.0
32,2Item2,Easy,1.0471436781499597,0.0113668379338686,0.7692406663186635,0.020043968626336,0.7081705837754687,0.0073978358939361,0.37879527949674,0.0048334186427701,0.0304421559342848,0.0033525581822489,1.0862348672868485,2.030750321361812,0.8729134775646402,1.7817610756269058e-05,0.0
32,2Item3,Easy,0.805667163385345,0.0767007478619341,0.4841389003546572,0.067564506730303,0.5917497827132968,0.0400985420950724,0.4156116321492388,0.0114277950795597,0.0831045050339897,0.0178105265674212,0.8181466159364971,1.164880138149439,0.8663472482402522,0.0004376550994975,0.0
32,2Item4,Medium,0.94816921142104,0.0461926671797334,0.6082340804440511,0.0409892934509101,0.6424821641197039,0.0211187910121237,0.5314160572403845,0.021346547114766,0.2446071421672153,0.0321989424846362,0.9466926363392276,1.1445512938605558,0.8339580606054174,0.0003059349414654,1.0
32,2Item5,Medium,0.7863854161332082,0.070845331952411,0.4284491607836586,0.0603080034977758,0.5021360902758661,0.0351375581213372,0.4089794669245466,0.0047788511719458,0.0982924076190603,0.0037252255336548,0.8532513711510046,1.0476029919118457,0.8857419976488909,0.0010994253187674,1.0
32,2Item6,Medium,0.7475328581917767,0.1018982870772226,0.498582920771435,0.086782779552509,0.5204588554606778,0.0406499479602094,0.4762158082420039,0.0097871722231625,0.1672860203598588,0.0123584714691145,0.9579661438635286,1.0469662392052008,0.8668998374370991,0.0003114158017607,1.0
32,2Item7,Difficult,0.9193255095294348,0.0898393753168332,0.609777834979973,0.0620182643862035,0.6150875062678229,0.049339300431028,0.5028393606639102,0.0263438459027545,0.2027421151225006,0.0361311677404488,0.9913660046745572,1.2126668475356095,0.8372200865037539,0.0001484992453162,2.0
32,2Item8,Difficult,0.8190756842895971,0.0713615460633788,0.4955947877344812,0.0427340222386919,0.4835549837721026,0.0343766033023676,0.3854616308755607,0.0027025610874763,0.0767405513825933,0.0030531544879525,1.0248964015882234,1.2857142250307387,0.8115374711988836,6.644723486087858e-05,2.0
32,2Item9,Difficult,0.8554692264483054,0.0638735745716301,0.4997122860268339,0.0580145740336214,0.5199208530084635,0.0305250027518249,0.4335612782851368,0.0099503630459576,0.1593516065707204,0.0175223913937347,0.961129606565507,1.1525732543046396,0.8148737972752228,9.17074974094683e-05,2.0
32,2Item10,Difficult,0.8384322862536654,0.0752920357092604,0.3656621713963922,0.0617643065518452,0.5190711299355374,0.0287714622159117,0.4952671333048175,0.0147361925272467,0.1742005199608139,0.0462904450052238,0.704453485957343,0.7383115262361166,0.8951891413429874,0.0004898463120483,2.0
32,3spl1,Easy,0.7670241521848998,0.1578210032385718,0.4904321549989118,0.1413863855269293,0.6184846537451464,0.0505475405105245,0.4249725541823959,0.0024739856184405,0.1224658487648844,0.0027819948150706,0.7929563960443933,1.1540298217907967,1.234138855114016,0.0001337296956616,0.0
32,3Item15,Difficult,0.9701566379535016,0.0706894915351708,0.6401150551827604,0.041008767014266,0.5984935126836392,0.0276255818579381,0.4553888317346075,0.012016168592368,0.2087340460296241,0.0151122926625077,1.0695420619856568,1.4056419589882438,1.2107997369545245,0.0005991173734382,2.0
32,3Item2,Easy,1.0878035108640305,0.024219317883311,0.5554022507946776,0.0432539360463674,0.6875638821055456,0.0144669123709807,0.4644818022934723,0.0103581549393326,0.2013730399511145,0.0229588807505121,0.8077815857811944,1.1957434119245605,1.1720079647774937,5.666255400882337e-05,0.0
32,3Item5,Easy,0.8761486813504121,0.0562437258025985,0.4963732640230452,0.0436452858316698,0.5455390027764646,0.0158994013425903,0.4604716671229673,0.0086870424654141,0.221285831797505,0.0343921786463711,0.9098750989786436,1.0779646642750478,1.155614865360628,7.911740529405286e-05,0.0
32,3Item12,Medium,1.056700782286716,0.0216850482567666,0.5980790551751559,0.0213791903868611,0.6405723373646279,0.0088366520771326,0.5425868861647838,0.0174762335990073,0.2543276346383619,0.0183805475329995,0.9336621121879703,1.102271300973202,1.1447688689068,0.0004965949378367,1.0
32,3Item6,Easy,1.080139764681135,0.0248840842718812,0.729656263663606,0.0194926382737193,0.7662125319340568,0.0062020848194911,0.5694846857086812,0.0131719639633027,0.2407171997636895,0.0255792154188136,0.9522884068907348,1.281254791778664,1.1162277213232623,3.860249213731827e-05,0.0
32,3Item8,Medium,1.1173741001860502,0.0410150346899107,0.6411761949449905,0.080164871571449,0.5957953204704414,0.0381299523944209,0.4229273568735502,0.0069980825297855,0.1033885294721069,0.0043354344531133,1.07616675853036,1.51603973704864,1.1353403141584262,0.000253492166644,1.0
32,3Item7,Medium,1.0907118181980378,0.0483584826030198,0.7146900577658438,0.0460649433754294,0.7913991153391554,0.0187682048335439,0.6049632596320113,0.024715696484642,0.3770518433503373,0.0567430613524284,0.9030704493384646,1.181375670358736,1.1316811981895116,8.399162912092762e-05,1.0
32,3Item9,Medium,0.6260187895323471,0.0428844596877526,0.2792279905070217,0.0217946342384553,0.4981074238097633,0.0100974886945938,0.4491726548905325,0.0021769033181433,0.2003992980918963,0.0083121893345445,0.5605767281977627,0.6216481921119615,1.1294652198607,0.0001175389320799,1.0
32,3Item17,,0.8978628742595673,0.0025546332050728,0.3105636531526622,0.006404143151259,0.4963782234334443,0.0080412173884209,0.3776709666971714,0.001693861542389,0.0259565735916389,0.000942972207256,0.6256580422615198,0.8223105777974815,1.1159552253302252,4.161459291296767e-06,
33,1spl1,Easy,0.8394571172752481,0.0510054087464567,0.6639398449861765,0.0424455489853092,0.9238243061497804,0.0159268154518619,0.4996874682749634,0.0081136000281449,0.2169276593210505,0.007580223000717,0.7186854923397514,1.3287075590882569,18.644785448118643,0.2432074137045014,0.0
33,1Item1,Easy,1.1593676238798716,0.0494121191883157,0.8799668834639305,0.0126868567146302,1.0836481973901324,0.0153117142786399,0.5763283554363597,0.0055204813320708,0.3128155745337894,0.0052915829074766,0.8120403591708907,1.526847236156617,17.966032449826493,0.0283127354925541,0.0
33,1Item2,Easy,1.0612039170922305,0.036052263558335,0.7868362340538789,0.0317837802031857,0.976414577803044,0.0146408559432568,0.5701015528697183,0.0053726823255367,0.2745144012660552,0.0039203227885174,0.8058415411850325,1.3801661299238022,18.21481159193033,0.0148019492935626,0.0
33,1Item3,Easy,0.9740553576749674,0.054758870805679,0.6850326781485562,0.0408991097857837,0.881158730156435,0.0167617497008813,0.5728350186543284,0.0062218394308239,0.3321249378540274,0.0059478823129637,0.7774216804335126,1.19586174025473,17.864613957425757,0.0242680806574534,0.0
33,1Item4,Medium,0.8971653517472366,0.0726628295226684,0.6241724470355071,0.0474364376442749,0.8237337881908866,0.0337087965899318,0.561781718754866,0.0096908865814504,0.2847776052595248,0.009030816326483,0.7577347175130664,1.1110566882849682,17.8564044030526,0.044894976324165,1.0
33,1Item5,Medium,0.8644783371434283,0.1133546906271216,0.632202508744794,0.0608120629363006,0.8542848325480635,0.0378975991470591,0.5985878150255459,0.0091527754350818,0.3039717918826657,0.0049557127645103,0.7400362790275177,1.0561548977787256,17.82364667897679,0.0772089320567184,1.0
33,1Item6,Medium,0.8386788701919937,0.0587403163387222,0.6265465228823045,0.0466942554956211,0.8341438064905002,0.0347118808636887,0.6081105987063745,0.0056519523251931,0.3778717963165164,0.009683183528243,0.7511244067062833,1.030315034633686,17.546790423004524,0.0115783039770795,1.0
33,1Item7,Difficult,0.9970365748859922,0.07172013266193,0.744006683236374,0.0608071876440159,0.9615604964019154,0.028711572209434,0.6615689386776319,0.0059287337455282,0.3315441053642914,0.0053689152128034,0.7737484144491914,1.1246077545837698,17.55930595333201,0.0851337014378248,2.0
33,1Item8,Difficult,1.1525507199565497,0.0386630106887217,0.917658987173224,0.0496350783197552,1.0429702489155233,0.0205247182300346,0.7122509039213478,0.006131054268503,0.3594353234521548,0.009919088919737,0.8798507035811406,1.2883910623769406,17.750015317581504,0.0495970876599804,2.0
33,1Item9,Difficult,0.9396589986380685,0.0111838836285391,0.862661339901676,0.0060592247026765,0.8880582952746432,0.0188324848539241,0.7374326967698308,0.0030345723505025,0.3886699370423996,0.0017322311725776,0.9714006085988746,1.1698154609429674,18.12921783988436,0.0695314515774,2.0
33,1Item10,,1.0321774082986397,0.0193350871217045,0.9324899093816584,0.0215951887845814,0.9866548367853633,0.0197083660329467,0.6693565222922472,0.0051439816138696,0.3822789779537781,0.0048378356756613,0.9451014980257114,1.3931118697049998,17.61467957829898,0.0132043890455115,
33,2spl1,Easy,0.7748362773822945,0.0362838023373914,0.7329034233421751,0.0125416400259914,0.7954028949883952,0.0018596926734006,0.6194175447165118,0.0002219467365527,0.3217467064893899,0.0020432882112758,0.9214229751199144,1.1832119486793888,17.469464232464517,0.0012630144425184,0.0
33,2spl2,Easy,0.903924001917434,0.0179635701177865,0.7783320289878811,0.0190887119245681,0.8693604563945269,0.0380320911749197,0.5971280799714269,0.0057323139331108,0.2758316483298619,0.0094092305526369,0.8952916226765228,1.303456915923647,17.623722170921038,0.1013714986070133,0.0
33,2Item1,Easy,1.2360794241031976,0.0320457703351468,0.9658280643125,0.0074810183693958,1.0979547507252907,0.0055273355155324,0.7686518937441861,0.006236061428458,0.4059373724839389,0.0037203430154824,0.8796602810946532,1.2565204296673544,17.719890937601264,0.0135517245534502,0.0
33,2Item2,Easy,1.278891450768877,0.041162320638055,0.9733029487148118,0.0330882242519789,1.0440209334740858,0.0175112905001345,0.7545767546079979,0.0086593333596548,0.3474014760038082,0.005778074231759,0.9322629319443996,1.2898643549602669,17.57678474096384,0.0118081776128546,0.0
33,2Item3,Easy,1.0289110232860874,0.0281950192250404,0.7576678004451198,0.0325576441094014,0.9261841493804704,0.0150660642028256,0.6461175737831483,0.0071643824208316,0.3084981427883362,0.0055782860682701,0.8180522014976458,1.1726451323150011,17.74300015420789,0.0312981259725146,0.0
33,2Item4,Medium,1.0537742322648027,0.0212696850144727,0.8342971589478234,0.0167465681467341,0.989266185232763,0.0219346808672457,0.6639748690846101,0.008576842658059,0.3472893854813955,0.0101637286778627,0.8433486639421108,1.2565172889460976,17.60766981081789,0.0209690444704825,1.0
33,2Item5,Medium,1.003077979426588,0.0399906096097756,0.7689401522999001,0.0412822362689699,0.9332349634512008,0.0261616114828228,0.6273465565920656,0.0078016082495616,0.2923294301622902,0.0085634009415843,0.8239504074149498,1.2257004019861122,17.534628737943418,0.0493456645835035,1.0
33,2Item6,Medium,1.1981579129866684,0.0272903248590174,0.9538366188772974,0.0227684545995422,1.0171338010283455,0.0107074033629908,0.6686736013609889,0.0037650501121382,0.3102592230706769,0.0017707376395902,0.9377681482463756,1.4264585748223473,17.664235365010597,0.0474987397440177,1.0
33,2Item7,Difficult,1.3549526089735235,0.3164388914862772,1.005705644014179,0.1894264255192816,1.139502148214588,0.2201098810702587,0.7247407418430539,0.126462873049872,0.3680783244227769,0.0947484667927524,0.8825825936417575,1.3876745134847897,17.022943888615526,0.0071608503060245,2.0
33,2Item8,Difficult,1.1308484738138125,0.0389306641774818,0.922896504822386,0.0310024440297096,1.0269310327711685,0.0085658104863018,0.6742516901561103,0.0032010112412207,0.3133510563727072,0.0041632323994693,0.8986928787603954,1.368769481080909,16.972681356488017,0.0282052346472347,2.0
33,2Item9,Difficult,1.1115222378423055,0.0560875488062735,0.8932615748905592,0.0986182544498164,1.062395641224396,0.0180175429423252,0.6519257737401523,0.0066807806444483,0.3268448137822873,0.0042534685219654,0.8407985682833945,1.3701869763161456,17.00207752446558,0.0069647162573258,2.0
33,2Item10,Difficult,1.0297234608296884,0.0477458434899564,0.7886691073122478,0.034089435348034,0.9404538270450792,0.0251855255152318,0.5978985988338578,0.0084052358868966,0.3215047895473457,0.0080151736395595,0.8386039229446629,1.3190661255676814,17.307632109803535,0.0533028306185795,2.0
33,3spl1,Easy,0.887814729943176,0.1152016897309509,0.688561202130575,0.0569077596647498,0.8525070963100483,0.0427775587731283,0.6615010572890919,0.0038117986930622,0.2982859304662144,0.0147360839334346,0.8076887540551316,1.0409056095038831,17.804280667343242,0.0380270722862148,0.0
33,3Item15,Difficult,1.0947228984835808,0.0506185193204801,0.8436427087244301,0.0286809993930907,0.9783962674749004,0.0163880890917379,0.6087251540164715,0.0029315882927844,0.2732438522814265,0.0051119621611435,0.8622700990383466,1.385915001611056,17.87532484371511,0.0123008786538007,2.0
33,3Item2,Easy,1.051148615873086,0.023172338297491,0.7854535126339811,0.0191695143488153,0.9736233282155478,0.0045251020036856,0.6421092478091874,0.0048869364419243,0.2776151098216284,0.00040642539178,0.8067316005481858,1.2232377778019674,17.955754541945396,0.0074139327703412,0.0
33,3Item5,Easy,1.1906834302937628,0.0332045030843481,0.906747568194165,0.0179603829678608,1.0111785064386318,0.0064379155740579,0.6405036868532192,0.0044674631755768,0.2575705670287324,0.0020660168363165,0.8967226515376331,1.415676710578012,17.778784897171867,0.0014275147195323,0.0
33,3Item12,Medium,1.1415135702517178,0.0721913800279244,0.8702462162745771,0.062806560696216,1.0092902894001057,0.0169313227489365,0.6247703726156184,0.0094263518249551,0.2871116099832142,0.0039397315664642,0.8622349418985148,1.3929034754445824,17.74670436101122,0.0068254306624883,1.0
33,3Item6,Easy,1.112734554349345,0.0319177402921453,0.8762581052729258,0.0285517413100655,1.0259169224003275,0.0464669382168958,0.6109847284868996,0.0061658474990973,0.2771618778951714,0.0052392499459108,0.8541210618708713,1.4341711506796906,17.65041550489311,0.0015656853745729,0.0
33,3Item8,Medium,1.2706489449139664,0.0347764184094417,0.932908074403165,0.0324361069492232,1.0540558112647578,0.0269071645115321,0.6801450697663904,0.0059884173994079,0.3612937056242181,0.004949837826283,0.8850643195254088,1.371629001287313,17.515373737858432,0.0058244922156123,1.0
33,3Item7,Medium,1.1231380629920846,0.057058816902867,0.8486041364857413,0.0252625055042931,0.952330986277592,0.00937569424166,0.545711827659253,0.0075741329816005,0.2490693778984019,0.0077162062110503,0.8910801576692864,1.5550379127529248,17.454447466977793,0.0067893130765898,1.0
33,3Item9,Medium,1.1275986596992864,0.0277147042532461,0.8395599954695463,0.0198300547000497,0.9585279910142712,0.0143054171142605,0.6032860114614712,0.0040322411643756,0.2896082901069348,0.0055170865228837,0.8758837795622254,1.3916427496685209,17.301370112656144,0.0046299703092872,1.0
33,3Item17,Difficult,0.9073411694532802,0.0397912249939378,0.723302632770477,0.022336132921466,0.970646920138171,0.0107262660733541,0.531222392846521,0.0063049335940003,0.1852909263466679,0.0104034834192373,0.7451750709644702,1.361579031553399,17.24938707011266,0.0077520228310227,2.0
33,3Item19,,1.0219912623370455,0.0410910334850308,0.7818799238829022,0.0237579496455741,0.9507038203848672,0.0155179979853444,0.5541396795605144,0.0082654067430156,0.2035805021510808,0.0150044658920507,0.8224213311197677,1.4109773072480556,17.333348140251122,0.0048643986592781,
34,1spl1,Easy,0.8416288520737066,0.0488650842997519,0.5199733824654652,0.0383283841031011,0.6258319383475828,0.0112051185991688,0.3609464495939779,0.0034510105663708,0.0088209205074028,0.0015504185968414,0.8308501368406339,1.4405791841731317,2.863994967994968,0.0359378863939715,0.0
34,1spl2,Easy,0.9162714973806304,0.0351431905845298,0.572529426883428,0.0280208136202548,0.6935111550659381,0.0190580604016378,0.4176350474192526,0.003468766134225,0.0302345554239932,0.0034151333713796,0.8255506737715257,1.3708812503645849,2.727276597109444,0.0180761444312597,0.0
34,1Item1,Easy,0.8590108163822014,0.0240198067474332,0.531601317997459,0.0157975730192387,0.6539852504228806,0.0059761175026106,0.377729852529274,0.0035690374497101,0.0378544201843173,0.0045083891201591,0.8128631414708106,1.4073547724202913,2.851665094474459,0.0232870209328235,0.0
34,1Item2,Easy,0.6431520712035075,0.0495970779988379,0.351128550774801,0.0427986625332439,0.5466275256787121,0.0270146151539621,0.3971330535077574,0.003554719382476,0.0236818835391842,0.0023897018802742,0.6423531416309242,0.8841562381100171,2.897151624440836,0.0054483417464851,0.0
34,1Item3,Easy,0.52388644,0.0,0.32430965,0.0,0.5163317000000001,0.0,0.275095025,0.0,0.0130579475,8.407936347040111e-07,0.6281020938631234,1.1788961690740536,2.792820512820512,6.440446000881611e-07,0.0
34,1Item4,Medium,0.9335886264176096,0.0575037242716965,0.6026252747299766,0.0427898920569994,0.6887319409149479,0.0188625609751485,0.371283685092466,0.0050397613117963,0.0368903266595902,0.0017197647535137,0.8749766984129124,1.6230814222242878,2.921316565240868,0.0454646963923385,1.0
34,1Item5,Medium,0.8505868815690707,0.0993441770901272,0.5585332329190162,0.0747638633484088,0.6832668829165949,0.0325084552597161,0.3557526284849188,0.0065903404545695,-0.0218453681143751,0.0030468537413248,0.8174440023945854,1.570000101749331,2.631071332097464,0.0639222538759908,1.0
34,1Item6,Medium,0.9432702395527928,0.0354831233074307,0.6252952713993989,0.0296549899889184,0.6805557321948504,0.0127135515256193,0.3547361129637874,0.0030590302692829,-0.008868222415144,0.0015870121716089,0.9187996265686348,1.762700457742156,2.9597743466097897,0.0180293944597499,1.0
34,1Item7,Difficult,0.9885343099902876,0.026889733178003,0.6700399294402437,0.0167569200062275,0.7373616635824591,0.0099394905279964,0.3412745096342462,0.0018126173082179,-0.0400035796552695,0.0010211712238297,0.9086979345887553,1.9633402061529197,3.046241270293074,0.0287332116738847,2.0
34,1Item8,Difficult,0.852258680621558,0.0821730090900642,0.52426668541811,0.0650388651125036,0.635141327990834,0.0283249630209094,0.3289450931311213,0.0052236520111351,-0.0631681261806491,0.0024995236650154,0.8254318163246015,1.5937769025550697,2.4626776714909,0.0987820836492324,2.0
34,1Item9,Difficult,0.8620501589291103,0.0378943086530018,0.535679508775211,0.0443358038025975,0.6580164032549128,0.0234062786704678,0.3632281656774495,0.0046625703216836,-0.0377764941589641,0.0021150559917659,0.8140810655241761,1.4747700883989554,1.985312961574089,0.0013464713312389,2.0
34,1Item10,Difficult,0.6029246098272278,0.1304798087442429,0.3063214187414633,0.0856797417213149,0.5289727818013208,0.0278159354880284,0.3504698749672949,0.0040069848205255,-0.0619214699603894,0.003893963205144,0.5790862029084756,0.8740281735823228,1.923203324353576,0.0029759409637909,2.0
34,2spl1,Easy,0.7376029087939169,0.0941062240910098,0.4418102685155765,0.0931673266290391,0.5449984756702361,0.0404541029956476,0.2649202405829731,0.0085062163755407,-0.1293610508396172,0.0024463123718628,0.8106618230636675,1.6677042110453275,2.5817532364116214,0.0030918397820105,0.0
34,2spl2,Easy,0.9799902212326356,0.0176756320537866,0.6130839105407992,0.0135014087582393,0.6850138626066746,0.0199877416497046,0.296436632480157,0.0027147318006027,-0.1221571252266413,0.0022756948747207,0.8949935892016155,2.0681716602963287,2.4315668336492235,0.0035850082015845,0.0
34,2Item1,Easy,0.8668441804784517,0.1901849973500966,0.5792190402045092,0.0962012969015071,0.6794691517365323,0.0292467519384421,0.3111602492764466,0.0017214202746853,-0.1242628970717059,0.0044628265214855,0.85245693092506,1.861475493980649,2.3445721262864114,0.0005117115154208,0.0
34,2Item2,Easy,0.973703437660162,0.0675514182672545,0.629942322468704,0.060943949984231,0.7057368965141753,0.030706381242446,0.2818798763558542,0.0029297166338747,-0.1353205166686487,0.0045318585660132,0.8926009579195824,2.234782049114419,2.4106047169205063,0.00118770829585,0.0
34,2Item3,Easy,0.9973570670792936,0.0513422897545279,0.6978542060832755,0.0404901282953526,0.7071718281682825,0.0174099223536621,0.2705110394988054,0.0055076104669254,-0.1515307497588036,0.0040615542695829,0.9868227090835148,2.579752854535546,2.682028217570885,0.0235524132140869,0.0
34,2Item4,Medium,0.7041152889027614,0.1125543204002654,0.4028470978713564,0.0936299646855866,0.5645280667345351,0.0414506140457198,0.2648239770906705,0.0034513500892763,-0.1462227793857415,0.0021420143695902,0.7135985046821189,1.5211824137472878,2.394099255026199,0.025114607738495,1.0
34,2Item5,Medium,1.0444629422976162,0.0400351905245078,0.7033286843247144,0.0386711581321453,0.7310666158250869,0.0178235187498043,0.3023061074049094,0.0067817387589923,-0.1505756828890724,0.003893277063336,0.96205695492466,2.326537044935162,2.7870299082025465,0.0298219779887723,1.0
34,2Item6,Medium,1.0646348208727343,0.0187243478544628,0.7084305196467033,0.0085614658933257,0.7522168392776466,0.0091202052168028,0.3434798635862319,0.0021085973757024,-0.1171313386317441,0.0071229415759735,0.9417890438852232,2.0625036057324624,2.4980080411870147,0.0023032200866155,1.0
34,2Item7,Difficult,0.8650839982200715,0.1128273528378986,0.5116973759151877,0.08320864089835,0.6264100839815819,0.0387118946873297,0.251948159045496,0.0069714075693063,-0.1839651478795694,0.0043808198425103,0.8168715225515276,2.0309548873024315,2.3576968264753817,0.0062491340704074,2.0
34,2Item8,Difficult,0.7753389538286342,0.0830336361175597,0.4320012607221239,0.0657802490293872,0.5452444160917878,0.0336169363352703,0.2410677580654251,0.0034126539165446,-0.1715062166678814,0.0040669031343415,0.792306084512593,1.7920250810969058,2.260119922540304,0.0055175950031328,2.0
34,2Item9,Difficult,0.8664809684281383,0.0645308813535732,0.5540810230289087,0.0482875113820417,0.6687099586384647,0.0243556185810985,0.2368233854176653,0.0057022703110364,-0.1800404615499876,0.0035542148126921,0.8285807431016992,2.339628252604677,2.3531595260340192,0.002546288240459,2.0
34,2Item10,Difficult,0.6186157923796208,0.1128328917264674,0.3089689537157887,0.0932540891676298,0.4477378849044208,0.0507935597206355,0.222276767233623,0.0013473055188099,-0.2034637877545951,0.0028162155674122,0.6900650449016608,1.3900128544617312,2.1891789251752933,0.0019193092688455,2.0
34,3spl1,Easy,0.8842009835796583,0.0166698718258998,0.5263594273343266,0.0148144914499269,0.701802506173222,0.0120090403793673,0.2450065286150933,0.0008514269829672,-0.1666379214729638,0.0015988916948949,0.7500096860507967,2.148339809431884,2.360341462905565,0.0032715231729574,0.0
34,3Item15,Difficult,0.8679493968875723,0.0168922674139778,0.5673162873913612,0.0072536044466411,0.6435382098381097,0.008205575390992,0.2156617469736911,0.0039518411674255,-0.2284364713461422,0.0034873466367198,0.8815566770734554,2.6305715537443684,2.2568837255227785,0.0009141781268867,2.0
34,3Item2,Easy,0.6808298872783215,0.0462913247392233,0.4335477031244421,0.0328167344668526,0.5933437834574136,0.034240446716469,0.1943795881425052,0.0035397217848492,-0.1847805819445022,0.0015572563771748,0.7306842753351,2.230406375798172,2.193730098284553,0.0001372797200594,0.0
34,3Item5,Easy,0.8100888435876838,0.0333009914271565,0.4509799834449163,0.0407724283099482,0.5799138041649841,0.0140185065873353,0.1864599185636573,0.0038069282332564,-0.2146711947575857,0.0024068791822205,0.7776659264532482,2.4186300642456224,2.2200965011999485,0.0008922202087271,0.0
34,3Item12,Medium,0.7939977962793927,0.1256002619968767,0.4824572698342931,0.1262739713517439,0.6095936252241603,0.0573723281570944,0.2408863957452381,0.0071804961389532,-0.1956320090107997,0.0014974966481361,0.7914395072904125,2.002833184117855,2.207101583862147,0.0005961135877468,1.0
34,3Item6,Easy,0.9285420602951828,0.0294530305216603,0.6515281261073886,0.0256412206938357,0.6439169021607207,0.0157298836963641,0.2711959602649366,0.0073483595929435,-0.126705496286839,0.0026715737972368,1.0118186245810703,2.402416772927324,2.830020181315517,0.09573669143691,0.0
34,3Item8,Medium,0.895032448430666,0.0739708493225216,0.5769314827701603,0.042033029824878,0.671582780035102,0.0199996216491774,0.2832471387635893,0.0078716106522853,-0.158693350321847,0.0038473882796589,0.859061073124794,2.0368412138153227,2.845912824847737,0.006540503953711,1.0
34,3Item7,Medium,0.8657305038340093,0.0782253920532944,0.625959316145365,0.0662210055924464,0.7398263849090093,0.0421153522683518,0.2859169228179085,0.0090169455641021,-0.164469845395966,0.0023803842822958,0.8460883294045018,2.189297228995391,2.9235570427265927,0.0131208834958829,1.0
34,3Item9,Medium,0.8866563308000631,0.0966644211515379,0.5781242313274253,0.0668818545974283,0.7210407003160133,0.0416348034970108,0.3075212332286379,0.0076666736882044,-0.1348755967767608,0.002700354494222,0.801790286295576,1.8799428752118847,2.835883580564432,0.00195963248405,1.0
34,3Item17,Difficult,1.288464130206133,0.0090138212023667,0.875822855869212,0.0088952191967048,0.9029947113007718,0.0152999566592285,0.3748317091325832,0.0040127113364457,-0.0933554982840516,0.001192587425565,0.969908101343674,2.3365699805014137,3.0490112017701563,0.0091886144366013,2.0
34,3Item19,Difficult,1.1019057391538103,0.024127022986431,0.7030189553634877,0.0127934869053585,0.8155536311360448,0.017549866944467,0.3631660428086513,0.0039519021332981,-0.0525695898804581,0.0010847205736983,0.8620133201674078,1.935800533898944,3.017869904157529,0.0002795399564325,2.0
34,3Item11,Medium,1.159804903491111,0.0092623732861767,0.7573168545511111,0.0263325502932261,0.896954302388889,0.0068058418717656,0.4250749641871111,0.0025918729592513,-0.0479974391266666,0.0003513404787168,0.8443195023588417,1.78160356819835,3.0809640963159084,0.0062663419494527,1.0
34,3Item4,Easy,1.2823748712989778,0.0153527065974595,0.9104368229301536,0.0350246091185008,1.0973865600425894,0.0053795580461435,0.4431156736132878,0.0051782300220768,-0.0042148262494889,0.0004531063109637,0.8296401891915193,2.054620999715981,3.1158735023276853,4.0971910770956446e-05,0.0
34,3Item13,Difficult,1.0981798213025211,0.007962749811239,0.6764702730934874,0.0025070564253243,0.9616252585609244,0.0045837030670658,0.3633828321943278,0.0004542751746152,-0.0160336399532563,0.0001922949100999,0.7034648514130911,1.861586050784256,3.133055716213611,0.0001918864317351,2.0
34,3Item10,Medium,0.4910527735452838,0.0469288040005764,0.239206962869783,0.0315032929933991,0.5061804417751168,0.0320581447733555,0.3280171143079298,0.0004612975164922,-0.0181182756063021,5.2571976106310006e-05,0.4725715783473081,0.7292492470255024,3.10137109267544,0.0007704534212394,1.0
34,3Item14,Difficult,0.5347272541001655,0.0237110135940845,0.1548552598053725,0.0089598429438786,0.4781347049548841,0.0013594010004066,0.2945935597719785,0.0002720873206992,-0.0681578461524255,0.0008882575889142,0.3238730306074597,0.5256555311993314,3.157257414400271,0.0001784944167478,2.0
34,3Item3,Easy,0.2539618994687737,0.0423809886946484,-0.0394662993294405,0.0297820571035016,0.3171403871283186,0.0253705705140289,0.2176949948725663,0.0005938683153004,-0.083592215385177,0.0017429858437979,-0.1244438629937382,-0.1812908838885306,3.534882767257956,0.0138713474248378,0.0
34,3Item20,Difficult,0.8247828285048544,0.0012340086397569,0.4497020204179611,0.003700985572548,0.5483995293446603,0.0059226974491163,0.2845902044820387,0.0014108763052214,-0.0842017541935437,0.0013243247876449,0.8200247745117166,1.5801683725132236,3.4271262071262063,0.0017279702807325,2.0
34,3Item18,Difficult,0.6338159300104895,0.0297828779312343,0.2903489136877622,0.0134867887878057,0.4963589060223776,0.0130787267083538,0.2639322391462237,0.0002918831434721,-0.056368126406993,0.0020306968828204,0.5849564200591825,1.1000846828803694,3.5982656798983323,0.0004497437564892,2.0
34,3Item16,Difficult,0.3128333402002882,0.0090669730938606,0.1011798752971901,0.0011624199118899,0.3561526820360231,0.0021176603552428,0.290016839104791,0.0007161981826252,-0.0483854517961095,0.000141294717305,0.2840904935161006,0.3488746609846688,3.64033374033374,0.0029690289256364,2.0
35,1spl1,Easy,0.9347481339726028,0.2077105861013882,0.7191834617774205,0.1024275667384173,1.1450195356510418,0.099278835510615,0.9900064658394608,0.0042167785089138,0.7030382482738051,0.0045400477760938,0.628096561926292,0.7264424629036514,1.3437581334577042,0.0002825302354855,0.0
35,1spl2,Easy,0.983214158048402,0.1709021417687838,0.7610082034044157,0.1003257128259171,1.1964647212820514,0.0946081195479306,1.0031436581670383,0.0048318078718364,0.6864778803644556,0.0035960885912301,0.6360468084191924,0.7586225946663983,1.332538608185352,0.0001066667672225,0.0
35,1Item1,Easy,0.965896623537594,0.2169944012982165,0.7729050366737156,0.095447255102309,1.1080425957539723,0.145381755566144,1.0148309890300753,0.0216722385575851,0.727871006206015,0.0115715237643271,0.6975402769669812,0.7616088623816627,1.3605022350542064,0.0004899890865405,0.0
35,1Item2,Easy,0.6907749758393895,0.0630765083277305,0.5402921710164375,0.0570710931364059,0.9567088610621368,0.077694509910802,0.9145112643619188,0.0026295032496341,0.6368673369806686,0.0020976115189361,0.5647398370249957,0.5907981686756434,1.34142616577886,5.6638274784135525e-05,0.0
35,1Item3,Easy,0.4867127284280122,0.0181981428515019,0.4200062168553646,0.0131331214761284,0.7771345532265882,0.009215904135638,0.8800377115978228,0.0007352750185806,0.6347741833052046,0.0013477997486186,0.5404542555176395,0.4772587970508588,1.3397108660266557,0.0005748399659842,0.0
35,1Item4,Medium,0.5107958727719036,0.031574286092219,0.5066436662095911,0.0228291613939648,0.7874124631400835,0.0149092291853321,0.9193665392456524,0.001363424113282,0.6376942404589028,0.0014963568342657,0.6434277414932357,0.5510784801313474,1.2720407581167077,0.0001283345604554,1.0
35,1Item5,Medium,0.5789372412683975,0.0142830196351648,0.5874924608019598,0.0133913758825778,0.8511540479283932,0.0096698099337938,0.9944815523185958,0.0137754554201944,0.7259867863411619,0.0126601540292847,0.6902296617189128,0.5907519035223342,1.2111435543014488,0.000819169364412,1.0
35,1Item6,Medium,0.613648433332343,0.0101230911617048,0.6776926735986639,0.0091224499408141,0.9345271749843888,0.0057730641729762,1.098829320878847,0.0054598869284579,0.8433967632567648,0.0025409092499785,0.7251709383828739,0.6167400559684626,1.1619325142576085,8.001303511848534e-05,1.0
35,1Item7,Difficult,0.7695488680164337,0.0931777367113609,0.7200608558573439,0.0387378782194252,1.0992854443016895,0.0500228179243055,1.1298920838866224,0.0046097960948556,0.8591609818334732,0.0016761402165884,0.6550256846974541,0.637282293454234,1.1549128370940542,3.7285246708537645e-05,2.0
35,1Item8,Difficult,1.0160529474641555,0.0697356346268625,0.8431347168320261,0.0347072158807373,1.1934253511994355,0.0475450987807913,1.1693602980596696,0.0051484297428762,0.9223863659445188,0.003815134381908,0.7064824033629273,0.7210215681253059,1.1278006231494604,0.0001007011441471,2.0
35,1Item9,Difficult,0.6542784911792167,0.0567222916244723,0.6502848170174332,0.0191724346913367,0.9462230809818072,0.028396249733917,1.0861561296055855,0.0009991783938715,0.91362363315847,0.0015094417388242,0.6872418807421327,0.5987023417629916,1.1038273740818343,6.619594197118747e-05,2.0
35,1Item10,Difficult,0.6546570979228756,0.0935859431448672,0.6278782978011027,0.0290876534066741,0.9396378772095896,0.0347339938653823,1.1012330342829912,0.0021702334921884,0.934995820618475,0.0017394108996698,0.6682123452210592,0.5701588202456089,1.0823761353599612,4.717413606201322e-05,2.0
35,2spl1,Easy,0.5904156752357651,0.0115133905520219,0.6502028005232589,0.0114187671278993,0.8982172624822065,0.0014159748549142,1.246993258945094,0.0006974743697782,0.9674341926093036,0.0008678550846527,0.7238806286641708,0.5214160336819063,1.0137681347262184,3.273933347363768e-06,0.0
35,2spl2,Easy,0.5244439462440308,0.0015374865756015,0.6299637957164407,0.001619509217254,0.829920638742412,0.0013118032934274,1.2338067845578715,0.000541003141176,0.9447643781950628,0.0007774657779695,0.7590641890854065,0.5105850389347194,1.0155669593345318,9.680720731625008e-06,0.0
35,2Item1,Easy,0.5190264228342558,0.0021809848684635,0.5637129486161644,0.0036452816693331,0.8305610364760148,0.0016170464027095,1.2054194505463305,0.0004690808653848,0.9412509193839688,0.0006908690830492,0.6787126353715102,0.4676484029789555,1.0280500903646304,4.976453288255458e-05,0.0
35,2Item2,Easy,0.5547392088546735,0.0111378264749092,0.6458568416514724,0.0031452566043965,0.8349328993309859,0.0021365434393276,1.1932740258119932,0.0011967172653312,0.9341902560157918,0.0011425843085853,0.7735424830264805,0.5412472629367093,1.0645487034939365,4.786979671768224e-05,0.0
35,2Item3,Easy,0.4749466890556482,0.0080659045126864,0.6159328839436725,0.0092678651313616,0.8657424882578646,0.0013870559000894,1.1679913390157293,0.0011820659430966,0.9188775208019544,0.0004652145328861,0.7114496294775651,0.5273432567740308,1.0941667570881053,0.0001226027329026,0.0
35,2Item4,Medium,0.5442068425269945,0.0046444361648959,0.7724418461438932,0.0094040644495364,0.8461792717058312,0.001733641859704,1.1877919396047287,0.0003322184748291,0.9066868594640268,0.0005910072901722,0.9128573094557176,0.6503169200525345,1.1268726710205148,6.847292965017618e-05,1.0
35,2Item5,Medium,0.5504496449005657,0.0081461677525884,0.6421887473619089,0.0072772876612309,0.8391314631643458,0.0006029480786483,1.1661073623208589,0.0012077476538657,0.9013871989389324,0.0009444169840774,0.7653008023789623,0.550711038624049,1.1531519328129498,5.057318663837511e-05,1.0
35,2Item6,Medium,0.5187681718233618,0.0050017681966878,0.6217875646651363,0.0079315991648181,0.86217866741296,0.0031109971867409,1.2017524339927697,0.0017684099709647,0.9311541019883764,0.0004952721699464,0.721180965135562,0.5174002811868622,1.1562107393241958,0.0001681062163727,1.0
35,2Item7,Difficult,0.4924355520338431,0.0113648885472351,0.5574712308658614,0.0062233749389926,0.8226292948962477,0.0040725591954219,1.229404220519568,0.0006744434719351,0.9392409263321148,0.0010691608869952,0.6776692206991612,0.4534479125037914,1.1600772900135956,0.0003263805142208,2.0
35,2Item8,Difficult,0.4691653112669158,0.0960247657786714,0.4880932836882445,0.0269288634467849,0.8696777205355678,0.039321628961069,1.1863834173836507,0.0009608056123136,0.9806866398191464,0.0014898367818528,0.561234019141765,0.411412419563503,1.1441024974512273,3.0589855793055224e-05,2.0
35,2Item9,Difficult,0.5079880716111602,0.0206978241894511,0.4634992129671503,0.0253747660260688,0.7317157182910041,0.0198545703677809,1.1126766756780035,0.0025012394237032,0.9269799672629564,0.001101468815228,0.6334407857315302,0.4165619775598714,1.2017283070286604,0.0002498380170388,2.0
35,2Item10,Difficult,0.7114316994722436,0.068921030354163,0.6803053395928429,0.0280957319353784,1.038547294053063,0.0628918883670458,1.2239577130138888,0.0022141736182759,1.0176171894472934,0.0012660274689778,0.6550541207264109,0.5558237646085724,1.1831314077592832,0.0006612552720445,2.0
35,3spl1,Easy,0.7547985331711713,0.0067799863658589,0.7056313983944444,0.0075633291962038,0.9553838927372372,0.0031902353775352,1.2277405328603603,0.0019606205499996,1.0209957815885886,0.001131600915765,0.7385833748875456,0.5747393726678633,1.1580477656427024,0.0002590404063418,0.0
35,3spl2,Easy,0.6972994466637554,0.0043477686970073,0.6552343576399999,0.0025834555110255,0.8923818924847161,0.0043136138390786,1.2262421898013105,0.0012637474080931,1.055637523633188,0.0004949044206329,0.7342524864137533,0.5343429126372301,1.1864105110858356,8.687248552334254e-07,0.0
35,3Item15,Difficult,0.6136984227905253,0.029587506625484,0.6677574034991822,0.0160233012384166,0.8898023081519014,0.0385826754521829,1.1976104973267805,0.0010001890789192,1.050121570688044,0.0001670855057269,0.7504550695435119,0.557574309356332,1.2254290022147163,0.0005885854177518,2.0
35,3Item2,Easy,0.7339678612688253,0.0121593591250065,0.7091502167658132,0.0045399709223275,0.9453816984996236,0.0076008893043298,1.1970124281626506,0.0007271258561552,1.0482167560768072,0.0004034522355817,0.7501197323488945,0.5924329669837702,1.204450542971944,1.850978950123134e-05,0.0
35,3Item5,Easy,0.4564368551710665,0.0202115614543326,0.6228526116048047,0.0161484544601028,0.8835852233764518,0.001226603847139,1.1857714008051743,4.763324715681008e-05,0.9930020201768742,0.0002684830568997,0.7049143537171678,0.5252716382856183,1.1911968945461768,1.1271181111212391e-05,0.0
35,3Item12,Medium,0.9435628285341816,0.1517080883634107,0.8977797923983284,0.04885576387671,1.1532479556561877,0.046754504375091,1.2203399704054392,0.0019966291437735,1.0501527601072855,9.058366408304493e-05,0.7784787386930694,0.7356794651416605,1.1741094378200565,3.710061944466143e-05,1.0
35,3Item6,Easy,0.6745132548442906,0.0129551735773107,0.6757737049359582,0.0102872335142649,0.8125123530216263,0.0047889938588849,1.206780029244521,0.0003252039248319,1.038501509509804,0.0001080890112211,0.8317078143058795,0.5599803846427812,1.1614486762415754,3.3946241198858144e-06,0.0
35,3Item8,Medium,0.563777142456499,0.0033415465001739,0.6361213642394042,0.0024710167049855,0.847145521011967,0.002522676027881,1.2128122915443746,0.0005276036454548,1.0293998796042976,0.0008299762053243,0.7508988686862803,0.5245006537068693,1.1607070400029325,2.517976905634025e-05,1.0
35,3Item7,Medium,0.5883120087301669,0.0060427884039637,0.6801254769629206,0.0026450791200664,0.9036604217875318,0.0042297969498724,1.2170213914744137,0.0007537810622044,1.0126634685757705,0.0007236557141935,0.7526330775718687,0.5588438485005636,1.1445228855108696,4.019029294133641e-05,1.0
35,3Item9,Medium,0.6222796842437543,0.0125355971212963,0.7411575117391025,0.0050809322756362,0.9490305961563168,0.004806233548267,1.2029507477337615,0.0010324766688871,0.97014986715828,0.0012945859120648,0.7809618928820417,0.6161157445719396,1.121669564576139,3.385731212431494e-05,1.0
35,3Item17,Difficult,0.4992782388247068,0.0123109046971918,0.5451499105192882,0.014216090787588,0.8934255777963527,0.0125638398994372,1.1604936436854103,0.003516310480632,0.9577057536904764,0.0046405012673599,0.6101787478316427,0.4697565072666278,1.1035753500542231,2.7656477011387605e-05,2.0
35,3Item19,Difficult,0.5870515572583667,0.0801724719836971,0.5645561025539652,0.0157821933006667,0.904918186795302,0.0243236237888789,1.1489235355627607,0.0017325148241332,0.9874619552870488,0.0032113906594082,0.6238746075804789,0.4913778799905574,1.0887369056320848,3.8775945973177965e-05,2.0
35,3Item11,Medium,1.2304701067642858,0.2134024351721869,0.9540766946358832,0.1165518922010671,1.2033129983889612,0.1245601841237042,1.2687247211824677,0.0075947629430471,1.0462705241214283,0.0020755418953016,0.792874258849506,0.751996021446363,1.0726318640757142,1.351040578048714e-05,1.0
35,3Item4,Easy,1.9259171938209332,0.0102833538947965,1.3842824605674655,0.0046046194372063,1.789902137105927,0.0047613127733825,1.328772375220681,0.0013076808429045,1.033995790706179,0.0020739111762777,0.7733840071400151,1.0417746821105334,1.0615044624261212,4.682544457944927e-06,0.0
35,3Item13,Difficult,1.410358216103147,0.1244057498829546,1.1034033761363635,0.0540522741704528,1.5604638382954548,0.0400005195218716,1.2315611471048953,0.0240277217575759,1.0051165430332167,0.0132430399449125,0.707099159851398,0.8959380399358637,1.0543919357478675,3.444730580606629e-06,2.0
35,3Item10,Medium,2.8911289414314973,0.0140021581373651,2.2642927845471097,0.017162658038147,2.512988289360492,0.0230218716971045,2.018554682271279,0.0116576762993767,1.5972953005052344,0.0104834789516616,0.9010355890228762,1.1217390753369394,1.0533665257453304,1.7115473249815822e-06,1.0
35,3Item14,,2.6023434944400634,0.0091922614234149,1.9480500960173504,0.007791406397132,2.2685933678233443,0.0026124528458471,1.7541695871845429,0.0062701048973018,1.3440571518257096,0.0032904407723406,0.8587035759444525,1.1105248886563457,1.049358627483627,5.653387402356502e-07,
36,1spl1,Easy,0.7879669850756544,0.0626253630601985,0.4478671360605916,0.03859091123682,0.6424908349095174,0.0179333828037981,0.8028131230901043,0.0042405658939819,0.6253926397435315,0.004301252800037,0.6970783311567921,0.5578715211644638,5.843337202222219,0.0305138239491615,0.0
36,1spl2,Easy,0.7658831105552125,0.0688328734375144,0.4180121548776515,0.0637485938847366,0.6396540620586215,0.0351795807730919,0.8315896157637518,0.0051320027451738,0.6390650467774209,0.0025922660419273,0.653496203926457,0.5026657912604504,5.410119343707947,0.0086086986026119,0.0
36,1Item1,Easy,0.9234672209460376,0.0225122013055864,0.5446977717796495,0.0228897660198807,0.7298920947888291,0.0139919312477008,0.780170257659797,0.0071209574627521,0.6091814919997013,0.0041246196834655,0.7462706191750452,0.6981771840884344,5.144653432536107,0.0074053893208602,0.0
36,1Item2,Easy,0.7143793338144371,0.0300059668499068,0.3932620847852711,0.0257358925950385,0.5888974485088576,0.0148746882487032,0.8210286361077368,0.0045759716054334,0.6602471944963846,0.0083785858219616,0.6677926997108672,0.4789864671019825,4.935057788704268,0.0104175756948435,0.0
36,1Item3,Easy,0.6887591689407048,0.0575379828311812,0.3628882641026151,0.0324264773046827,0.583679770705333,0.0131859064774919,0.7727294385993843,0.0124829785364178,0.6587321843259105,0.0081782221141804,0.6217238639951986,0.469618182454893,4.64723342717252,0.0114273357838562,0.0
36,1Item4,Medium,0.6380501080090528,0.080848261443536,0.3316720360998016,0.0569931505076511,0.5695199771771006,0.0172642257758662,0.8427683664721197,0.0079919410766308,0.6525802966787503,0.0087799654490826,0.5823701837002987,0.3935501802684162,4.521335769480513,0.0045879509650367,1.0
36,1Item5,Medium,0.5847346805402052,0.0725391800656983,0.2733108904641798,0.0549751793333231,0.5059886086249322,0.0269431696079916,0.7309025858126666,0.0073337895751197,0.5553611433065234,0.0053778735903325,0.5401511924462723,0.3739356267629947,4.262358680203682,0.0275102776183882,1.0
36,1Item6,Medium,0.6320026557241861,0.0461846722648493,0.3389829175069255,0.0313295523953831,0.5562818053649708,0.0209955559997261,0.6569316105438121,0.0079120951419149,0.4969796354446207,0.0059170232107129,0.609371553888894,0.5160086621766481,3.685371868668571,0.0175114905318544,1.0
36,1Item7,Difficult,0.7219451961361628,0.0672260343644685,0.4009692460872021,0.0412918711505985,0.5800820062075283,0.0241175527094082,0.6673485842365037,0.0051049752620367,0.4954764546556258,0.0035945608545846,0.6912273619402546,0.6008383844966951,3.198807914256572,0.0160415866535028,2.0
36,1Item8,Difficult,0.8781226119829665,0.0362260581294819,0.5639223938034111,0.0359903106989198,0.6704027245212812,0.0164367831637059,0.6839260478025312,0.004841204800652,0.5338623791864597,0.0018543433545401,0.8411683485292302,0.8245358852458066,3.0510839036893627,0.0006543947706754,2.0
36,1Item9,,0.4184728796446341,0.0488672512325344,0.1949481558909029,0.0231684251703552,0.4823610198329545,0.0122685433437468,0.684168373547108,0.0044906414055261,0.4987896483641747,0.0028117112893869,0.404153204181405,0.2849413660248853,2.992258581472291,0.0051858789633952,
36,2spl1,Easy,0.4972557448591164,0.194916697473313,0.224995441545129,0.0995816523335376,0.5146102450875909,0.0396035295188808,0.7533498723726009,0.005899073931464,0.5360898694738584,0.0022275624472085,0.4372143898776114,0.2986595619601914,5.898813040707664,0.0134800454478486,0.0
36,2spl2,Easy,0.9034984352206106,0.0213392439014866,0.5522490787770229,0.0168564473286008,0.7193399527015266,0.0128082162172154,0.691415154048855,0.0050339468912662,0.4624091551809159,0.0037995020100136,0.767715332629151,0.7987216895976679,5.974023846001691,0.0031069634025279,0.0
36,2Item1,Easy,0.9005532221360153,0.0216264348494276,0.5919378050234674,0.0196399745127264,0.755472807177203,0.0105040287125166,0.5766988264789272,0.0042198058896601,0.3993465736871647,0.0034921141395664,0.7835318701984106,1.0264227208764332,6.072836152545951,0.0021765522621255,0.0
36,2Item2,Easy,0.984942367045205,0.024552474717861,0.6414956434466966,0.0295950470858802,0.7422158230856515,0.0072400093098988,0.7008594152772694,0.0075175784482514,0.4851952499057467,0.005361153328882,0.8642968247200027,0.9152972966705684,6.267364910390355,0.0001952670017455,0.0
36,2Item3,Easy,0.8325324114986092,0.0336691665807274,0.490851105518776,0.0221642677398986,0.6218418059325452,0.0049698949667174,0.6068839419923506,0.008257850612422,0.3752766668719286,0.0020371362472301,0.7893491744793479,0.8088042255709201,6.372260837124701,0.0020776211285997,0.0
36,2Item4,Medium,0.867278030774304,0.0400159584160914,0.5335375903080225,0.0186671381486887,0.6864885679983043,0.0140326653290332,0.6348507200544015,0.0093742503788806,0.4756388183551999,0.0059905607103932,0.7771969381322636,0.8404129239223024,6.388753546355657,0.0069698402967516,1.0
36,2Item5,Medium,0.5794887292862005,0.0738248408146574,0.2992217963808112,0.0484596086173932,0.4771130245824602,0.0237767578351807,0.646336081491541,0.0066649778079023,0.490452100321545,0.0046697655773186,0.6271494463879386,0.4629500688561799,6.761037441983851,0.0857469827228768,1.0
36,2Item6,Medium,0.9187005519839392,0.0448263142433671,0.5375541413897181,0.0218223596770122,0.6688941137869325,0.0181470488237847,0.6275399416175818,0.0125627130424097,0.454948761824911,0.0119887173672038,0.8036448918670808,0.856604096625299,7.528547432172608,0.1328300682540129,1.0
36,2Item7,Difficult,0.6934304827601644,0.0992296756676184,0.3700164914473247,0.0688746307451824,0.5149324273944285,0.0374027680051538,0.6728371204728346,0.0026998680585195,0.4568250229472352,0.0052757576115032,0.7185715118935164,0.5499338996834735,7.462245944296732,0.009682388804562,2.0
36,2Item8,Difficult,0.7466866714999044,0.0966113053421231,0.4401433542613923,0.0683161328091013,0.5970936113781552,0.0412260860899754,0.5830275356715132,0.0088173376712722,0.427702789586491,0.0083963624085778,0.7371417290896272,0.7549259210005039,8.749547090337929,0.1265346367530098,2.0
36,2Item9,Difficult,0.5560030088827993,0.0512714162146342,0.2516827663499628,0.0578082986902863,0.4742200440326038,0.0213845890838991,0.629154940506149,0.0058533176615524,0.4298065443245955,0.004919669960652,0.5307288015094054,0.4000324087339726,8.84428320696842,0.0375343678782862,2.0
36,2Item10,Difficult,0.6632588678507425,0.1003573858735755,0.3567778494438544,0.082615715464828,0.5214735663783797,0.0420451720383266,0.6040627154034166,0.0033120763825788,0.4265687685989129,0.0037831536993435,0.6841711416947187,0.5906294987534297,9.267840235153988,0.3506036541647142,2.0
36,3spl1,Easy,0.843423982083528,0.0307909466941685,0.4667257727129206,0.0198504462339194,0.6251103278136683,0.0094962899476748,0.6780872837032709,0.0057666911287314,0.4916046358317756,0.0032843705936529,0.7466282435567079,0.6882964710199272,12.830564454257834,0.0100787875039198,0.0
36,3Item15,Difficult,0.9581829165727248,0.0626271636213599,0.5366998691959272,0.0499820146460845,0.6860540704727774,0.0180969481636415,0.5491901621817463,0.0043706013199277,0.3692460438392951,0.002171052133107,0.7822985242658057,0.9772551092479428,12.804958414801405,0.0635036722232556,2.0
36,3Item2,Easy,0.9418033156725512,0.0457257301997523,0.5777336774664138,0.0237860765303777,0.707411854597506,0.0093284372448902,0.592405958050631,0.0072380828410533,0.394714603737705,0.0092555860765916,0.8166852972937914,0.9752310799446026,13.831855700978892,0.3366373627860525,0.0
36,3Item5,Easy,0.993497725433415,0.0323525121031622,0.6237833389280791,0.0236868010979032,0.7832878944297466,0.0053560340637286,0.5900973071609604,0.0029794059713645,0.3204168522182081,0.0034853678184201,0.7963643342373807,1.0570837627533314,13.267624479197716,0.0284375886468705,0.0
36,3Item12,Medium,0.954439452580816,0.0243381358820281,0.6552139007986222,0.0141165827976578,0.7725142610931374,0.0093840142163779,0.5760235440500795,0.001443848402307,0.333747382127186,0.0006440260778289,0.8481565786434698,1.137475664130135,13.027827227977182,0.0618472547227721,1.0
36,3Item6,Easy,0.829637869770524,0.0214502881121786,0.5207425345404447,0.0150493093904062,0.6111846295921618,0.0065857870402893,0.5791141711864738,0.0017727503880576,0.3779456052697419,0.0015276630168804,0.8520202526488247,0.8992037516018844,12.95127204858993,0.0696918173345192,0.0
36,3Item8,Medium,0.8765355790700722,0.0288793094666759,0.4876283996782981,0.0310733211702866,0.6515361414407015,0.0124649464205986,0.6130889989720653,0.0024724793623346,0.3537884146976663,0.0013964643749279,0.7484276316159617,0.7953618563275835,12.494682529525734,0.0153893434876673,1.0
36,3Item7,Medium,0.726205679923671,0.1008603503391557,0.4114588118767026,0.0640501298908126,0.5537562550909838,0.0478407327067411,0.655763428634278,0.0056662987093624,0.3925585697748752,0.0063153280148751,0.7430310087930112,0.6274491172594153,11.632458742242322,0.1703878587456803,1.0
36,3Item9,Medium,0.8241020218531123,0.0766603796847736,0.4744663118442324,0.0563635888933579,0.5826390912111079,0.0287902523973251,0.6313482905325384,0.0048811875679763,0.4411916170998383,0.0046123725914989,0.8143385925571659,0.7515115942302296,10.328563266842774,0.2425986920342827,1.0
36,3Item17,Difficult,0.9127892410412912,0.044682357279535,0.5727470140453453,0.0315737196874274,0.737546668106081,0.0158275526041569,0.6376699243753754,0.0005142266123448,0.4369148034316817,0.0037099308576911,0.7765559282643782,0.8981858700965146,11.86700118906764,0.0334081004380478,2.0
36,3Item19,Difficult,0.9276597759280324,0.0341093106952973,0.5780863423973019,0.0249113928773608,0.6936323599862664,0.0251099225743764,0.5886759633641225,0.0031012398518599,0.3917112739669422,0.0014911764783541,0.8334177329774736,0.982009452338175,11.448067013172036,0.0539221353187611,2.0
36,3Item11,,0.8869778305301794,0.0053395237533475,0.628779437445412,0.0008703226464836,0.7073538576141924,0.0012040548545244,0.5851613555097879,0.0006797891151241,0.3707490906239804,0.0003108164638841,0.8889165468746419,1.0745384277114431,12.429085142499776,0.0056109303346124,
37,1spl1,Easy,0.3391613029901298,0.0224239287420526,0.0552191332432981,0.026169165236247,0.3213074619275473,0.019155940769872,-0.0109356891673021,0.0033618851714115,-0.3735431750056201,0.0069026152596208,0.1718570775012756,-5.0499042449619145,5.180390722180874,0.0147872816401468,0.0
37,1spl2,Easy,0.5271945726633899,0.11040354788948,0.2722411173626186,0.0861521265188697,0.3655888047833125,0.0246319375884547,0.0299208145218875,0.0319172624842973,-0.3309528397333801,0.0599306515445022,0.744662771774989,9.098416045707284,5.3627191964966086,0.0309074882723362,0.0
37,1Item1,Easy,0.3560073874216232,0.0142144536021766,0.1549163802763704,0.0084223933766675,0.3154237265916338,0.0088755318535521,0.0435835495888098,0.0032380036950416,-0.3353615917369549,0.0028704066753406,0.4911358153507529,3.554387546456248,5.313872397246669,0.0021527316361098,0.0
37,1Item2,Easy,0.4419131737726171,0.0219867701695744,0.2388259878655206,0.0206697318676017,0.3720134107183631,0.0112468732906156,0.0106021754923251,0.0042320392942809,-0.3237322256121414,0.0042071517835358,0.6419804743701879,22.524005948820697,5.262426977517249,0.0029704287698901,0.0
37,1Item3,Easy,0.3754685820593579,0.0957159048544267,0.088842000439121,0.0451015939075637,0.3674977721539091,0.019861231324022,0.0342073021579829,0.0119477535459289,-0.2610670792494261,0.0171324336802174,0.2417477476684299,2.5970888595647126,5.263800742866507,0.0091720645433317,0.0
37,1Item4,Medium,0.6664539324105778,0.0650879193284973,0.3709319865778667,0.0500602289084264,0.4935408146583265,0.0239735107392546,0.185198878588343,0.0228798665570104,-0.0572374299446202,0.0610712246647622,0.7515715498891595,2.0028738107456525,5.372124555197067,0.0204749690501914,1.0
37,1Item5,Medium,0.5036812140494044,0.0645215390214294,0.2422796636653948,0.0461960352420197,0.3767340238043429,0.023503079975514,0.0536492301980832,0.0098226133666559,-0.2588754857177588,0.0290024905081934,0.6431036361281416,4.515910980640132,5.174493250217268,0.0171489080118368,1.0
37,1Item6,Medium,0.4344805789590993,0.1034593910259527,0.1656325143198036,0.0538131590023661,0.3166381851662518,0.0244296680176799,0.0877880204303575,0.0161453473905433,-0.2011653784385305,0.0456472095294143,0.5230954413707136,1.88671104322435,4.862767652729136,0.0122614437227616,1.0
37,1Item7,Difficult,0.5603238754613734,0.0532784176574726,0.2947800008086454,0.0363825480818362,0.3979661081470833,0.0245088359656024,0.1418913265899131,0.0115683653651852,-0.1233805491835242,0.0144463944595276,0.7407144831167776,2.0774907839843744,4.773900195879109,0.0123551756201666,2.0
37,1Item8,Difficult,0.617567951083921,0.060375182146996,0.271156414693576,0.0489905085056283,0.4029951579634899,0.0249157864691754,0.1614783762860945,0.0146151495819354,-0.1045122983661856,0.0299134588518678,0.6728511161591318,1.6792015236246984,5.093425481325946,0.0357456571373175,2.0
37,1Item9,Difficult,0.5921776267898984,0.0211192769348443,0.2798526151585971,0.0266103269236329,0.4589497697454796,0.0132325491995465,0.2388317892646737,0.0084665750747678,0.0456242788080297,0.017646835730138,0.609766087360078,1.1717512324007795,5.022643186163159,0.0011296802873512,2.0
37,1Item10,Difficult,0.6680097197363069,0.0415929757115928,0.3484496050716522,0.0268702360390443,0.4443227249667095,0.011287750156539,0.1775045926446873,0.0136777953008378,-0.0552017998585488,0.0314177706472707,0.784224621581392,1.9630345155892817,4.983089892179192,0.0172632527507144,2.0
37,2spl1,Easy,1.005383831043036,0.1751731779285438,0.4544931228546015,0.0485859966105405,0.4926166766400986,0.0209575475046389,0.2356525029250205,0.0193118432074776,-0.0168703703370357,0.0663771738295143,0.9226082302902204,1.928649976398656,6.566152049831654,0.0511560483056894,0.0
37,2spl2,Easy,0.6225614123763215,0.0491687541827402,0.3507054881047083,0.0241801946430565,0.424673377700372,0.0093778089989954,0.0036088790598864,0.0153304625189319,-0.4544496948765955,0.0124653620684325,0.8258221039936338,97.15158937090268,6.470128585163168,0.0069250429114748,0.0
37,2Item1,Easy,0.6450447833984311,0.0137478820749033,0.3540515010810924,0.015331209007804,0.4732654580092368,0.0081329723732017,0.0258368873051957,0.0032397456806708,-0.3716987095588879,0.0032918529768647,0.7481018252812295,13.70280382831055,6.433539798837709,0.0107898690072914,0.0
37,2Item2,Easy,0.655175939474327,0.0359721782975776,0.4247176731914257,0.0337229265934175,0.4550551790250561,0.0160606278484466,0.1623934001399638,0.0676426639840126,-0.0169638523092223,0.1135597152033702,0.9333301969470458,2.615346790439644,6.659392621139582,0.0799101132950068,0.0
37,2Item3,Easy,0.7267155708790101,0.0323854210799614,0.3841852198902379,0.0461473061425075,0.464739458037583,0.02859388103978,-0.004326055597594,0.0022741518851413,-0.3666644658227323,0.0051822189735862,0.8266661816199556,-88.82781070004175,6.5249870733888296,0.0042702847958516,0.0
37,2Item4,Medium,0.4580485052399448,0.068284929327689,0.225298634131962,0.0426686498977369,0.3678085930557217,0.0172468262172174,0.0484058381843579,0.0450366077115842,-0.2446320056474379,0.102863723063589,0.612541484468107,4.654272879255406,6.322025795901422,0.0174165146697215,1.0
37,2Item5,Medium,0.5480844820128623,0.0437133347178742,0.2630190068558628,0.032693294630638,0.4371227618736307,0.008702039307793,0.0040928476251728,0.0036995706553114,-0.3105729293201781,0.0066425920915771,0.6017037502799945,64.24738557404399,5.929862195905506,0.0057886950531152,1.0
37,2Item6,Medium,0.7392546990918423,0.0480023621177325,0.4307734759757977,0.0503332702637042,0.4397741920216099,0.0067666346791589,0.0181725685675873,0.0136762403263783,-0.3566158261860255,0.021123989098612,0.9795310963212088,23.703296046329868,5.899375677196009,0.016416677101788,1.0
37,2Item7,Difficult,0.6433644293659948,0.0869306654898571,0.3370419274213203,0.0609784808000879,0.4520123810681237,0.0084168607541096,0.0624485541274419,0.0272206000911703,-0.2854093437191594,0.0386334657892326,0.7456459068200112,5.397026962490603,6.060278972175437,0.0510370542938157,2.0
37,2Item8,Difficult,0.431062718547147,0.0599955092698408,0.154717112577287,0.0358926700710639,0.312291761931051,0.0190484282137297,-0.0499810792389826,0.0041885704928117,-0.3896985047344881,0.007629096762172,0.495423306068957,-3.0955755759709427,5.535922937029721,0.0319827768442467,2.0
37,2Item9,Difficult,0.4004544481309777,0.0336225962791237,0.1997990733808993,0.0374299817585626,0.3672748915082537,0.0227973733637754,0.1436667449719182,0.0678700512596628,-0.1262293586334682,0.1265708506437662,0.5440026911660475,1.390702369693021,5.808974861774382,0.0535635501944075,2.0
37,2Item10,Difficult,0.5763649159840735,0.0520244599116145,0.1599731892592049,0.0334564926786592,0.2878693989792385,0.0210809287445927,0.0188182887118373,0.0087061721498676,-0.2046632098754385,0.0302013058746215,0.5557125353160827,8.500490731011633,5.594740394799008,0.0074436502768121,2.0
37,3spl1,Easy,0.6505197904915957,0.0351941654372555,0.3764552551874696,0.0099546284924887,0.4791061376529155,0.0036253413150478,0.0582638307716291,0.0016998561394826,-0.3909133581851206,0.0066020291203643,0.7857433663620117,6.461106128721077,7.94913632146086,0.0260718416392313,0.0
37,3spl2,Easy,0.476564600110303,0.0327996274440469,0.203793052430606,0.0505928489732215,0.4559714651121212,0.0217628446560908,0.0575660045846666,0.0088203697199497,-0.4115154918498181,0.0061993865420251,0.4469415765719416,3.540101728428088,7.867059182690563,0.0323936279849033,0.0
37,3Item15,Difficult,0.5373250888578165,0.0193844013796266,0.2500569428666238,0.0104929244899415,0.4577982508759702,0.0078965752790535,0.0470815350309122,0.0032486706707552,-0.3198335030703663,0.0018447266687597,0.5462152731533648,5.311033968380164,7.78529300491352,0.0116184142714282,2.0
37,3Item2,Easy,0.6802589100126848,0.0146784217070954,0.4053383129806788,0.0099796235743133,0.5031699609319557,0.0065882528424136,0.1285579471366482,0.0016222184930881,-0.2739394061986727,0.0014989027153968,0.8055677780568364,3.1529374034919218,7.697846502174395,0.0074629420450872,0.0
37,3Item5,Easy,0.9732473028262092,0.0064612008313803,0.4830649254479069,0.021064520099237,0.5283642019808511,0.0044098301379524,0.1152562524051162,0.0014718922312318,-0.2817639503439535,0.0032560785272859,0.9142633232409844,4.191188973948364,7.639325418590249,0.0006750287547821,0.0
37,3Item12,Medium,0.9265302444044916,0.0234547925611893,0.5411820689754236,0.0127903990980913,0.533089498636017,0.000667789218326,0.1784812314830508,0.004306535497628,-0.3344420788648305,0.0005911982722079,1.0151786054339929,3.032134148473013,7.623646478069866,0.0010758584059928,1.0
37,3Item6,Easy,0.9458728635035866,0.0461761765693587,0.5059968242063291,0.0405302324317992,0.4583475458831899,0.011330354665322,0.2282668576132911,0.0040154456347309,-0.2726886233520992,0.0009617133399394,1.1039564295580473,2.2166801296376075,7.560198315227537,0.0002755323851649,0.0
37,3Item8,Medium,0.6612420489268866,0.0513054303024259,0.2819302322807682,0.026865990709167,0.3129333457848167,0.0167723146699467,0.0656924161520591,0.0025195310342274,-0.3582105026326751,0.0050343359796778,0.9009245424106694,4.291605594511792,7.468001931753756,0.0028485251441196,1.0
37,3Item7,Medium,0.8177525852578095,0.0465254920716892,0.3903515442256535,0.0237549351189068,0.4148111428265725,0.0168992781644118,0.2353402336977733,0.0051038762171942,-0.1281030696999741,0.0240987370154397,0.941032105679834,1.6586619271612444,7.385211543916725,0.013765350782091,1.0
37,3Item9,Medium,0.8541080319007902,0.0679463452321258,0.3190981305789183,0.0294781882767461,0.3838451130884813,0.0122807436185024,0.2225115855332997,0.0168481359688477,-0.088710369420343,0.0579458632846406,0.831317863326552,1.4340677845890393,7.424651745209236,0.0315257546236099,1.0
37,3Item17,Difficult,0.6301342684096853,0.0357212314090705,0.2094755657564586,0.030407631627662,0.2856151435990325,0.0059225452775244,0.1668183017259765,0.0080763249935181,-0.1093347706519349,0.0074237451330577,0.7334164067789346,1.2557034083534944,7.200742375383319,0.0087887997584553,2.0
37,3Item19,Difficult,0.7592771318807519,0.0291037293569703,0.2968779525123615,0.029706559958182,0.3381479413363676,0.0185877756548953,0.2392678567651451,0.0051127782275694,-0.0829071540993843,0.0117491798530119,0.8779502645760096,1.2407713921739625,7.148151546284475,0.0124624066736077,2.0
37,3Item11,Medium,0.8422591626047202,0.0515998106136057,0.4366061571350524,0.0251163605707499,0.5105123123845542,0.0119066468291344,0.1766234176114335,0.0041139143008163,-0.2630821932304659,0.0041480499569915,0.8552297198592349,2.4719467616055666,7.411965228186901,0.0907325759753432,1.0
37,3Item4,Easy,0.7857056300864586,0.0039232747345969,0.4072672806429099,0.0128171624958524,0.4794230984520498,0.0069366056605485,0.1448763765490591,0.001420596980435,-0.2557647362811156,0.0001386669576869,0.8494927183633079,2.811117169180648,7.349310237924377,8.558826407792287e-05,0.0
37,3Item13,,1.0342271285146103,0.0106531374401339,0.5662493021347402,0.004449040529711,0.501032933855763,0.0002477783379777,0.2174770232142857,0.0034312783143668,-0.2809383454968749,0.001350134618896,1.130161579630156,2.6037081529695656,7.339887174381948,0.0001622829284465,
38,1spl1,Easy,0.9487238342191012,0.054331424488804,0.6649448650394262,0.0461864312759003,0.8430779416427567,0.0247285027517815,0.4838260220505617,0.0073715658144626,0.2859148864484551,0.0073637336692451,0.7887100865593527,1.3743442071946468,3.8653575471233816,0.0188840324938314,0.0
38,1spl2,Easy,0.915438945890864,0.038943068528843,0.5862236950588054,0.0271378202141658,0.7321789533585159,0.0163543227199658,0.4999078909890451,0.0030832432217321,0.1525908260699669,0.0013297548064429,0.8006552110171716,1.172661070098175,3.703074396867499,0.0021955032306003,0.0
38,1Item1,Easy,0.5579517535753215,0.0184322905173737,0.2575162957004899,0.0024698516549014,0.4936958228735456,0.0054111135324419,0.4622848382287202,0.0012801317209791,0.112381935698616,0.0019970947583293,0.5216081687575485,0.5570499340563432,3.5944266973336734,0.00042862405656,0.0
38,1Item2,Easy,0.8523417306390834,0.0670382862031031,0.5865733187683734,0.0395700082564606,0.7183776928905024,0.0412799320006698,0.4863781699096335,0.0092661492604305,0.254747988096927,0.0060118545502611,0.816523825906096,1.2060000819470853,3.587204287117856,0.0069370089924417,0.0
38,1Item3,Easy,0.8926000967428247,0.0171043556795468,0.6090393112723439,0.0407738519871955,0.7925256838003525,0.0105890801042307,0.5135745676674219,0.0019618201370046,0.2085994656243076,0.0009370701228045,0.7684779878348785,1.1858806174104095,3.5746284164553384,0.0011314643327805,0.0
38,1Item4,Medium,0.6967205747081536,0.0301285522541869,0.4284371677941787,0.0270103031505407,0.6245705998003136,0.0207021789193291,0.5050267385407683,0.0031531213136549,0.1984459210830223,0.0015321535950323,0.6859696597334197,0.848343833612207,3.584426414706788,0.0052445397294456,1.0
38,1Item5,Medium,0.7284909748414845,0.0656651905711776,0.430780890379581,0.0602771044070332,0.6581553745281925,0.0292937034501779,0.4695730897387541,0.0054777504537058,0.2182894474058466,0.0035258649803705,0.6545266551408722,0.9173864141849148,3.31784137945476,0.0098724047569583,1.0
38,1Item6,Medium,0.7896134022721811,0.0758660633399057,0.5155794051045215,0.0531018647721278,0.7256380834807551,0.0429287658166678,0.5055495948411062,0.0040035672877162,0.222046998029893,0.0051581231890747,0.7105176896362629,1.0198374017670129,3.2420156084449063,0.0084254411321322,1.0
38,1Item7,Difficult,0.9324357983755868,0.0814238918966793,0.6437509410651617,0.0673012462748662,0.7763261366407407,0.0293453707757545,0.4520737034452531,0.0100278337892048,0.1787321307883526,0.0061019893655208,0.8292263798103827,1.4239923980686102,3.0595752521051325,0.0054811949317455,2.0
38,1Item8,Difficult,0.6382730243220296,0.1066710639613031,0.3698432186960214,0.0836343230840799,0.5473272714887368,0.0704870300411102,0.4393900691920673,0.0133682483389582,0.2754840249908403,0.0062720704775389,0.6757246755955895,0.8417176511486059,3.3612343968831517,0.050260191001677,2.0
38,1Item9,Difficult,0.6338359128385229,0.0798225317215049,0.3802785086669935,0.0677520565045444,0.5916302427937169,0.041336788298532,0.5088563422250432,0.0103029330153414,0.2805952933155836,0.0072448139018483,0.6427627230625894,0.7473185058196813,2.7829828120597355,0.0266528594207887,2.0
38,1Item10,,0.675131165962111,0.0703913386026104,0.3938468192627505,0.073103267694249,0.6477881080364266,0.0264573253287164,0.5281921260089621,0.0086256732024075,0.3129507094012246,0.0088458922149072,0.6079861707718056,0.7456492708238462,3.0088474332040507,0.0247877518272627,
38,2spl1,Easy,1.094473480481621,0.0301808651060992,0.820980714223492,0.0237299832131561,0.9120432368348256,0.0069552347174925,0.5751482444062206,0.0090078769845504,0.1929476596066564,0.003767163784419,0.900154489296087,1.4274220512470042,3.282843082843082,0.0003661322283374,0.0
38,2spl2,Easy,1.0349824639560057,0.0822226841198901,0.6900938171857542,0.0642259294435473,0.8235537548131984,0.0406623264403964,0.5588409144919693,0.0127104542892634,0.3160318652751606,0.0103770242767363,0.8379452770475276,1.234864098934138,3.215481010217852,1.92943469141831e-05,0.0
38,2Item1,Easy,1.011325355645,0.0387615965669501,0.72162902656,0.0348638872321888,0.8066008766333332,0.0375141329372947,0.5014923668616666,0.0090720581223525,0.2090478328472583,0.0013166954770464,0.8946532948472666,1.4389602619790107,3.2895075295075293,0.0088890732700256,0.0
38,2Item2,Easy,1.0816203645581235,0.0118127725971071,0.717269246792998,0.0143579250814573,0.752587294864038,0.016370912834152,0.4844461304843644,0.0017432043903837,0.2144287992171482,0.0012480132009285,0.9530698945066364,1.4805934469584974,3.221796355994087,0.0002554527802283,0.0
38,2Item3,Easy,1.1013595789668025,0.051829105936191,0.7717635907765357,0.0461096469060231,0.8955692046639566,0.0287603472883336,0.5443310061980579,0.0030975772089072,0.171947860167186,0.0020572253326509,0.8617566626908085,1.4178177692820173,3.1739037661367755,0.0001746351375115,0.0
38,2Item4,Medium,0.9827110515542344,0.0253025864611506,0.7055332735896533,0.0240944016241351,0.8513079749563792,0.0089764499280233,0.5412671258179595,0.0061529829081949,0.2335858344044359,0.0050833650088999,0.8287628749900171,1.303482026626744,3.0753256272578664,0.0015410346021294,1.0
38,2Item5,Medium,0.9093706688654792,0.0430135170292338,0.6132199745196859,0.0335396974923964,0.7314923924394774,0.0251225767054627,0.577788387175416,0.0032153953113934,0.2693312617749619,0.0052725516754419,0.8383123905940445,1.0613209382703894,2.9049129985584834,0.0018475829480984,1.0
38,2Item6,Medium,0.998014295191024,0.0365762351171718,0.6549834984204471,0.0419744646732851,0.768046058131562,0.0250278956412808,0.5116510723987362,0.0046234088576594,0.2057508872710337,0.0058212590568135,0.8527908433290975,1.2801345557924586,2.7940688826137743,0.0002419965154248,1.0
38,2Item7,Difficult,0.723070720113661,0.1448192368884778,0.4649357910631992,0.0940724543663514,0.6525017194201621,0.0567912868917817,0.510325160963601,0.0107779324906569,0.2643110421980326,0.0097849960552445,0.7125423040019792,0.9110561570766912,2.9684961744841982,0.0177750729228481,2.0
38,2Item8,Difficult,0.8095910802337997,0.09878429735314,0.535262373350173,0.0754102136897057,0.7035617181546735,0.0562140704920712,0.5542935824680826,0.0114115880327742,0.35816033076235,0.0114030694620013,0.7607884265870085,0.9656640896016596,2.7066678341578747,0.0069954758576064,2.0
38,2Item9,Difficult,0.9916379693025752,0.0435155768068668,0.6578396665101335,0.0163707937033036,0.787458539407487,0.0132827055752349,0.3499572265306867,0.004684011357378,-0.0268458618085359,0.0173766947975282,0.8353948788341757,1.879766259623703,2.528548403976975,8.502511605946218e-05,2.0
38,2Item10,Difficult,0.4990950067354292,0.0724987664879277,0.2715302723444813,0.0663365497567611,0.4601198569091033,0.0477531134661196,0.3464896007370285,0.0193551308338419,0.1442201666679449,0.0316165422223254,0.5901281549558662,0.7836584073764272,2.3374972797740137,0.0046163387639383,2.0
38,3spl1,Easy,1.0378933639548642,0.0277058253637299,0.746571350125986,0.0304430226965914,0.8858441019149867,0.0173669575477865,0.701464922537248,0.0015377218615438,0.3245232878470639,0.0066158866472427,0.8427786624456984,1.0643016661815712,2.4129072883789857,0.0003160341468684,0.0
38,3Item15,Difficult,1.0416960157988748,0.0088498438621348,0.7226656170070325,0.0124438182949554,0.8608959548614628,0.0053483184633931,0.6423899850119549,0.004523604700463,0.3347655969566808,0.0025357546238706,0.8394333525355834,1.1249622642098311,2.349683649683649,0.0002566530459507,2.0
38,3Item2,Easy,0.6053453271521573,0.054133334505735,0.4288576272929926,0.0372588252678785,0.6906189850397798,0.0211676551642213,0.6100551195823133,0.0033435060867789,0.3258686622192472,0.001808123759542,0.6209748292590901,0.7029806169088482,2.314360907909294,1.4971605824975907e-05,0.0
38,3Item5,Easy,0.5145943125182424,0.0787180380395517,0.3422853155928552,0.0474015104412151,0.5135960482698985,0.0268501559018753,0.5402202275360577,0.0022840316721336,0.2956508627356437,0.0026623274242725,0.6664472016454857,0.6336021210310715,2.3048123645062413,6.049212938890641e-05,0.0
38,3Item12,Medium,0.8567428304632742,0.0326870484186745,0.5935196699552329,0.0227139634212171,0.810303270406265,0.01374450067686,0.649484936038166,0.0048315863396887,0.4116171506835093,0.0044133730718417,0.7324651882405332,0.9138299030394332,2.2595066260970142,0.0003600070110446,1.0
38,3Item6,Easy,0.6250105953552632,0.1132529741585275,0.3601156467986399,0.0877971749959824,0.6648304255547013,0.0749092948148142,0.5333374951981077,0.0039472957738169,0.3234433594478119,0.0017981816298453,0.5416645979064209,0.6752103027269305,2.208567215860343,8.028346587623741e-05,0.0
38,3Item8,Medium,0.6466780926519553,0.1457971914126185,0.4327205927345502,0.1267902224661369,0.6277218310198149,0.0579125597976756,0.5499342850908958,0.0153618141689253,0.3508155048356166,0.0104178044747478,0.6893497756510482,0.7868572984238104,2.123743998790307,0.0019372715204115,1.0
38,3Item7,Medium,0.9037885580101,0.0522751795812823,0.5933967110430924,0.0530647689021776,0.7555004052293298,0.0448908509572856,0.6089277973840681,0.0067666173004063,0.4017607069553618,0.0081669030721874,0.7854342916317527,0.974492770899158,2.0193302856897324,0.0002333909573278,1.0
38,3Item9,,0.4233257399555575,0.0948258773924123,0.1560834559945225,0.0697062905045199,0.4338767231898706,0.0345699579512308,0.500027938004603,0.0091581024245851,0.3555730664899454,0.0156562255760032,0.3597406542262561,0.3121488460595568,1.9436710559555384,0.000611352708689,
